customerID,gender,SeniorCitizen,Partner,Dependents,tenure,PhoneService,MultipleLines,InternetService,OnlineSecurity,OnlineBackup,DeviceProtection,TechSupport,StreamingTV,StreamingMovies,Contract,PaperlessBilling,PaymentMethod,MonthlyCharges,TotalCharges,Churn
8270-AAA,Female,0,No,No,43,Yes,No,Fiber optic,Yes,Yes,No,Yes,Yes,No,One year,No,Mailed check,107.29,4618.97,Yes
1860-BDH,Female,0,No,No,39,Yes,No,DSL,Yes,Yes,Yes,Yes,No,No,Month-to-month,Yes,Electronic check,69.58,2721.39,Yes
6390-CGO,Male,0,Yes,No,18,Yes,No,Fiber optic,No,No,Yes,No,No,No,Month-to-month,No,Credit card (automatic),109.36,1969.22,Yes
6191-DJV,Female,0,No,Yes,62,Yes,Yes,Fiber optic,Yes,No,No,Yes,Yes,Yes,Two year,Yes,Bank transfer (automatic),113.04,7007.85,No
6734-EMC,Female,0,Yes,Yes,23,Yes,No,No,No internet service,No internet service,No internet service,No internet service,No internet service,No internet service,Month-to-month,No,Electronic check,21.37,482.45,No
7265-FPJ,Female,0,No,No,49,Yes,Yes,Fiber optic,Yes,Yes,No,No,No,No,Month-to-month,Yes,Mailed check,106.18,5209.76,No
1466-GSQ,Female,0,No,Yes,19,Yes,No,DSL,No,Yes,No,Yes,No,Yes,One year,No,Electronic check,81.92,1564.79,No
5426-HVX,Female,0,No,No,56,Yes,Yes,DSL,Yes,No,No,No,No,Yes,Two year,Yes,Electronic check,65.81,3689.73,No
6578-IYE,Male,0,Yes,No,49,No,No phone service,No,No internet service,No internet service,No internet service,No internet service,No internet service,No internet service,One year,No,Electronic check,23.4,1141.43,No
9322-JBL,Male,0,Yes,No,57,Yes,Yes,Fiber optic,No,Yes,No,Yes,No,No,One year,No,Credit card (automatic),117.89,6714.59,No
2685-KES,Male,0,No,No,30,Yes,Yes,DSL,No,Yes,No,Yes,No,No,Month-to-month,No,Electronic check,63.37,1909.02,Yes
1769-LHZ,Male,0,Yes,No,36,Yes,Yes,DSL,Yes,No,Yes,Yes,No,No,Month-to-month,Yes,Credit card (automatic),71.56,2567.19,Yes
7949-MKG,Female,0,Yes,No,3,Yes,No,Fiber optic,No,No,No,No,No,No,One year,Yes,Electronic check,91.77,266.97,Yes
3433-NNN,Male,0,No,No,57,Yes,No,Fiber optic,No,No,No,No,No,No,Two year,No,Credit card (automatic),104.89,5981.0,No
6311-OQU,Female,0,No,No,9,Yes,No,Fiber optic,Yes,No,No,No,No,No,One year,Yes,Electronic check,88.91,800.26,Yes
6051-PTB,Female,0,Yes,Yes,62,Yes,No,Fiber optic,No,No,No,Yes,Yes,Yes,Month-to-month,Yes,Credit card (automatic),76.22,4716.33,Yes
7420-QWI,Male,0,Yes,No,35,Yes,No,No,No internet service,No internet service,No internet service,No internet service,No internet service,No internet service,One year,Yes,Credit card (automatic),24.25,856.56,No
2184-RZP,Female,0,No,No,54,No,No phone service,DSL,Yes,No,Yes,Yes,Yes,No,Month-to-month,Yes,Credit card (automatic),73.16,3946.88,No
5555-SCW,Male,0,Yes,Yes,56,No,No phone service,DSL,Yes,No,No,No,Yes,No,One year,Yes,Electronic check,84.79,4743.55,No
4385-TFD,Female,0,Yes,No,42,Yes,Yes,Fiber optic,Yes,No,Yes,No,Yes,No,Two year,Yes,Bank transfer (automatic),105.43,4435.82,No
7396-UIK,Male,0,No,No,64,Yes,No,Fiber optic,No,Yes,Yes,Yes,No,Yes,One year,Yes,Credit card (automatic),111.2,7119.41,No
9666-VLR,Female,1,No,No,11,Yes,Yes,DSL,No,No,Yes,Yes,Yes,No,Month-to-month,Yes,Bank transfer (automatic),83.23,913.56,No
3558-WOY,Female,0,No,No,61,Yes,No,No,No internet service,No internet service,No internet service,No internet service,No internet service,No internet service,Month-to-month,No,Mailed check,18.65,1136.02,No
8849-XRF,Male,0,Yes,No,23,Yes,No,DSL,Yes,Yes,Yes,Yes,No,Yes,Month-to-month,Yes,Credit card (automatic),79.13,1819.99,Yes
3047-YUM,Female,0,No,No,1,Yes,No,No,No internet service,No internet service,No internet service,No internet service,No internet service,No internet service,Month-to-month,Yes,Electronic check,19.0,18.39,Yes
3747-ZXT,Female,0,No,No,46,No,No phone service,DSL,Yes,Yes,No,No,No,No,Month-to-month,No,Credit card (automatic),80.02,3672.5,Yes
1189-AAA,Female,1,No,No,55,Yes,Yes,Fiber optic,No,Yes,No,No,No,No,Month-to-month,Yes,Electronic check,107.69,5931.75,No
3734-BDH,Male,0,Yes,Yes,15,Yes,No,Fiber optic,No,Yes,Yes,No,No,No,Two year,Yes,Mailed check,92.71,1384.25,No
4005-CGO,Male,0,No,Yes,33,Yes,Yes,No,No internet service,No internet service,No internet service,No internet service,No internet service,No internet service,Month-to-month,Yes,Mailed check,23.74,774.92,Yes
5658-DJV,Female,0,No,No,17,Yes,No,DSL,Yes,Yes,Yes,No,No,Yes,Month-to-month,No,Electronic check,60.48,1019.75,No
2899-EMC,Male,0,No,No,28,Yes,No,No,No internet service,No internet service,No internet service,No internet service,No internet service,No internet service,Month-to-month,Yes,Electronic check,23.17,651.28,Yes
8734-FPJ,Male,1,Yes,Yes,53,Yes,No,DSL,No,Yes,Yes,Yes,Yes,Yes,Two year,Yes,Mailed check,52.12,2769.97,No
2267-GSQ,Male,1,No,No,50,Yes,Yes,No,No internet service,No internet service,No internet service,No internet service,No internet service,No internet service,Two year,Yes,Electronic check,18.73,940.05,No
2528-HVX,Male,0,No,No,13,No,No phone service,Fiber optic,Yes,No,No,Yes,No,No,Two year,No,Electronic check,102.45,1328.89,No
4556-IYE,Female,0,No,Yes,57,Yes,No,DSL,Yes,No,No,Yes,No,No,Two year,No,Credit card (automatic),60.95,3474.81,No
4890-JBL,Male,0,Yes,No,34,Yes,Yes,DSL,No,No,No,No,No,No,Two year,Yes,Bank transfer (automatic),53.05,1798.99,No
9838-KES,Female,0,Yes,Yes,8,Yes,Yes,DSL,No,Yes,Yes,No,No,No,Month-to-month,Yes,Mailed check,50.65,397.35,Yes
6393-LHZ,Female,0,Yes,No,36,Yes,Yes,No,No internet service,No internet service,No internet service,No internet service,No internet service,No internet service,One year,No,Electronic check,24.15,861.21,Yes
9792-MKG,Male,0,Yes,No,11,Yes,Yes,No,No internet service,No internet service,No internet service,No internet service,No internet service,No internet service,Month-to-month,No,Bank transfer (automatic),20.6,230.36,Yes
9433-NNN,Male,1,No,No,10,Yes,Yes,Fiber optic,No,No,No,No,Yes,No,Month-to-month,No,Mailed check,110.31,1101.54,No
8513-OQU,Female,0,Yes,No,26,Yes,Yes,DSL,Yes,No,No,Yes,Yes,Yes,Month-to-month,Yes,Bank transfer (automatic),51.1,1331.16,No
3612-PTB,Female,0,Yes,No,42,Yes,Yes,DSL,No,No,Yes,No,No,No,Two year,Yes,Mailed check,62.89,2644.87,No
8041-QWI,Male,0,Yes,No,49,Yes,No,DSL,Yes,No,No,No,Yes,No,Month-to-month,No,Electronic check,61.92,3043.23,Yes
7235-RZP,Female,1,Yes,Yes,19,Yes,Yes,DSL,No,No,Yes,No,No,Yes,Two year,Yes,Bank transfer (automatic),53.45,1012.69,No
6486-SCW,Female,0,No,Yes,12,Yes,Yes,No,No internet service,No internet service,No internet service,No internet service,No internet service,No internet service,Month-to-month,Yes,Credit card (automatic),19.58,228.93,No
8099-TFD,Female,0,No,No,46,Yes,No,DSL,No,No,Yes,No,Yes,No,Month-to-month,Yes,Electronic check,64.3,2950.38,Yes
1775-UIK,Male,0,No,Yes,7,Yes,No,DSL,No,Yes,Yes,No,No,Yes,One year,No,Bank transfer (automatic),62.65,428.93,No
9226-VLR,Male,0,Yes,No,68,Yes,Yes,Fiber optic,No,No,Yes,No,No,Yes,Two year,No,Mailed check,108.24,7353.37,No
4152-WOY,Female,1,No,No,70,Yes,Yes,Fiber optic,Yes,Yes,No,No,No,No,One year,Yes,Credit card (automatic),93.1,6520.83,Yes
2585-XRF,Male,0,Yes,No,63,Yes,Yes,No,No internet service,No internet service,No internet service,No internet service,No internet service,No internet service,Month-to-month,No,Mailed check,20.49,1289.45,Yes
4943-YUM,Female,0,Yes,No,43,Yes,No,No,No internet service,No internet service,No internet service,No internet service,No internet service,No internet service,Month-to-month,Yes,Electronic check,21.5,932.0,No
8555-ZXT,Male,0,No,No,11,Yes,Yes,DSL,No,No,No,No,No,Yes,One year,Yes,Mailed check,81.64,888.3,No
4073-AAA,Male,0,No,No,3,Yes,Yes,No,No internet service,No internet service,No internet service,No internet service,No internet service,No internet service,Two year,Yes,Bank transfer (automatic),19.26,66.4,No
2021-BDH,Male,0,Yes,No,39,Yes,Yes,Fiber optic,No,No,No,Yes,Yes,Yes,Month-to-month,No,Electronic check,114.68,4463.55,No
4843-CGO,Male,0,Yes,No,18,Yes,Yes,Fiber optic,Yes,No,Yes,Yes,No,Yes,Month-to-month,No,Electronic check,104.02,1881.98,No
8989-DJV,Male,0,No,No,53,Yes,Yes,No,No internet service,No internet service,No internet service,No internet service,No internet service,No internet service,Month-to-month,No,Bank transfer (automatic),22.74,1197.3,Yes
7873-EMC,Female,1,No,No,0,Yes,Yes,DSL,Yes,Yes,No,No,No,No,Month-to-month,Yes,Mailed check,61.75, ,No
6675-FPJ,Male,0,Yes,No,12,Yes,No,DSL,Yes,No,No,Yes,Yes,No,Month-to-month,Yes,Electronic check,58.79,699.62,No
1161-GSQ,Male,0,No,No,49,Yes,No,No,No internet service,No internet service,No internet service,No internet service,No internet service,No internet service,Month-to-month,No,Electronic check,23.29,1145.68,No
5297-HVX,Female,0,No,No,52,Yes,No,Fiber optic,No,No,Yes,No,No,Yes,Two year,No,Mailed check,99.75,5184.75,No
1995-IYE,Female,1,Yes,Yes,41,No,No phone service,DSL,Yes,Yes,No,No,Yes,No,One year,No,Electronic check,70.75,2909.44,No
8629-JBL,Male,0,Yes,Yes,24,Yes,No,Fiber optic,No,Yes,No,No,No,No,One year,Yes,Bank transfer (automatic),100.2,2397.05,No
2016-KES,Male,0,Yes,No,43,Yes,No,No,No internet service,No internet service,No internet service,No internet service,No internet service,No internet service,Month-to-month,No,Mailed check,18.65,806.63,Yes
8869-LHZ,Female,0,No,No,60,Yes,Yes,No,No internet service,No internet service,No internet service,No internet service,No internet service,No internet service,Month-to-month,Yes,Mailed check,21.73,1304.66,No
7439-MKG,Female,0,Yes,No,20,Yes,Yes,Fiber optic,No,No,No,No,Yes,No,One year,Yes,Electronic check,87.61,1759.36,No
8892-NNN,Male,0,No,No,50,Yes,Yes,No,No internet service,No internet service,No internet service,No internet service,No internet service,No internet service,Month-to-month,Yes,Mailed check,23.66,1175.25,No
7863-OQU,Male,1,No,No,51,No,No phone service,DSL,No,Yes,Yes,Yes,Yes,Yes,Month-to-month,No,Electronic check,68.14,3483.21,No
8916-PTB,Male,1,Yes,No,62,Yes,Yes,Fiber optic,No,No,Yes,Yes,No,No,Month-to-month,No,Mailed check,91.23,5646.98,No
9529-QWI,Male,1,Yes,No,53,Yes,No,Fiber optic,Yes,No,No,Yes,No,Yes,Two year,No,Electronic check,118.4,6282.84,No
1878-RZP,Male,0,No,No,9,Yes,No,Fiber optic,No,Yes,No,Yes,No,Yes,Month-to-month,No,Bank transfer (automatic),102.83,934.57,Yes
5887-SCW,Male,1,Yes,Yes,58,No,No phone service,Fiber optic,Yes,No,No,No,No,No,One year,Yes,Bank transfer (automatic),113.02,6547.1,No
5859-TFD,Male,1,No,No,7,Yes,Yes,DSL,No,Yes,No,No,Yes,Yes,Month-to-month,No,Mailed check,81.79,569.79,Yes
7331-UIK,Male,1,Yes,No,50,No,No phone service,DSL,No,No,No,No,No,No,Month-to-month,Yes,Credit card (automatic),74.45,3729.77,Yes
9571-VLR,Male,0,Yes,No,4,Yes,Yes,No,No internet service,No internet service,No internet service,No internet service,No internet service,No internet service,Month-to-month,No,Electronic check,21.08,81.23,Yes
9684-WOY,Female,0,No,No,41,Yes,No,Fiber optic,No,Yes,No,Yes,Yes,No,Month-to-month,Yes,Electronic check,94.0,3848.75,No
8208-XRF,Female,0,Yes,No,11,Yes,No,DSL,No,No,No,Yes,No,No,One year,Yes,Credit card (automatic),50.48,549.12,No
6276-YUM,Male,1,No,No,23,Yes,Yes,Fiber optic,Yes,Yes,No,Yes,Yes,Yes,Month-to-month,No,Mailed check,100.05,2303.84,Yes
3062-ZXT,Female,0,Yes,No,44,Yes,Yes,Fiber optic,No,No,No,Yes,No,No,One year,Yes,Electronic check,94.97,4172.1,No
1064-AAA,Female,0,No,No,52,Yes,Yes,No,No internet service,No internet service,No internet service,No internet service,No internet service,No internet service,Month-to-month,No,Electronic check,19.69,1016.7,Yes
9006-BDH,Female,1,No,No,52,Yes,No,Fiber optic,No,No,Yes,No,Yes,No,One year,Yes,Electronic check,72.0,3737.11,No
3568-CGO,Male,0,No,No,16,Yes,Yes,No,No internet service,No internet service,No internet service,No internet service,No internet service,No internet service,Month-to-month,Yes,Bank transfer (automatic),24.12,389.27,Yes
6463-DJV,Female,0,No,No,64,No,No phone service,No,No internet service,No internet service,No internet service,No internet service,No internet service,No internet service,Month-to-month,Yes,Mailed check,18.46,1187.93,No
3027-EMC,Female,1,Yes,No,57,Yes,No,No,No internet service,No internet service,No internet service,No internet service,No internet service,No internet service,Month-to-month,No,Mailed check,20.82,1193.81,No
3695-FPJ,Female,1,Yes,No,36,Yes,No,Fiber optic,No,Yes,Yes,No,Yes,No,Month-to-month,Yes,Electronic check,97.3,3508.09,Yes
6258-GSQ,Male,0,Yes,No,41,Yes,No,No,No internet service,No internet service,No internet service,No internet service,No internet service,No internet service,Month-to-month,Yes,Bank transfer (automatic),21.82,891.36,No
6618-HVX,Female,1,Yes,No,69,Yes,Yes,Fiber optic,No,Yes,Yes,No,Yes,Yes,Month-to-month,Yes,Electronic check,96.03,6617.22,No
7736-IYE,Female,0,No,No,39,No,No phone service,No,No internet service,No internet service,No internet service,No internet service,No internet service,No internet service,One year,Yes,Electronic check,19.78,774.84,No
1391-JBL,Female,0,Yes,Yes,22,Yes,No,DSL,No,No,No,Yes,No,Yes,Two year,Yes,Mailed check,57.58,1273.29,No
6892-KES,Male,0,No,No,22,Yes,No,Fiber optic,No,No,No,No,No,Yes,One year,Yes,Credit card (automatic),70.29,1551.41,Yes
4561-LHZ,Female,0,Yes,Yes,48,Yes,Yes,DSL,No,No,No,Yes,No,Yes,Two year,Yes,Mailed check,81.92,3939.2,No
7184-MKG,Female,0,No,No,6,Yes,Yes,DSL,No,No,Yes,No,Yes,No,One year,No,Electronic check,68.83,415.12,Yes
4099-NNN,Male,0,No,No,36,Yes,No,No,No internet service,No internet service,No internet service,No internet service,No internet service,No internet service,One year,Yes,Credit card (automatic),23.78,862.6,No
7278-OQU,Male,1,Yes,No,15,Yes,Yes,DSL,No,No,No,Yes,No,No,One year,Yes,Bank transfer (automatic),73.61,1105.54,No
9392-PTB,Male,0,No,No,37,Yes,No,Fiber optic,No,No,No,No,No,Yes,Two year,Yes,Electronic check,97.47,3596.74,No
4104-QWI,Male,1,Yes,Yes,39,Yes,No,Fiber optic,Yes,No,No,Yes,Yes,Yes,Two year,Yes,Bank transfer (automatic),95.04,3701.27,No
8215-RZP,Male,0,No,No,28,Yes,Yes,Fiber optic,Yes,No,No,No,No,Yes,Month-to-month,Yes,Electronic check,91.77,2569.93,Yes
3454-SCW,Female,0,No,No,16,No,No phone service,DSL,No,Yes,No,No,No,Yes,One year,Yes,Mailed check,66.67,1059.25,No
9996-TFD,Male,1,Yes,Yes,19,Yes,No,Fiber optic,No,No,No,No,No,Yes,Month-to-month,No,Credit card (automatic),79.85,1519.51,No
3731-UIK,Female,1,No,No,24,Yes,Yes,DSL,Yes,Yes,Yes,No,No,No,One year,No,Electronic check,60.22,1436.02,No
9154-VLR,Male,0,Yes,No,59,Yes,Yes,Fiber optic,No,Yes,No,No,Yes,Yes,Month-to-month,No,Credit card (automatic),96.86,5713.22,Yes
6056-WOY,Female,0,No,Yes,37,Yes,No,DSL,No,No,No,Yes,No,Yes,One year,No,Mailed check,74.08,2745.26,No
9110-XRF,Female,0,Yes,No,62,Yes,No,DSL,No,Yes,No,Yes,No,No,Month-to-month,Yes,Electronic check,76.22,4718.95,No
4840-YUM,Male,0,No,No,38,Yes,No,No,No internet service,No internet service,No internet service,No internet service,No internet service,No internet service,Two year,Yes,Electronic check,24.07,916.23,No
2028-ZXT,Female,1,No,No,63,Yes,No,No,No internet service,No internet service,No internet service,No internet service,No internet service,No internet service,One year,Yes,Credit card (automatic),20.61,1298.5,No
8385-AAA,Male,0,Yes,Yes,20,Yes,Yes,No,No internet service,No internet service,No internet service,No internet service,No internet service,No internet service,Two year,Yes,Mailed check,22.23,449.45,No
1502-BDH,Female,0,Yes,Yes,31,Yes,No,Fiber optic,Yes,Yes,Yes,Yes,No,Yes,Month-to-month,Yes,Electronic check,96.19,2988.5,Yes
7910-CGO,Female,0,No,Yes,27,Yes,Yes,Fiber optic,Yes,No,No,No,No,No,Month-to-month,No,Electronic check,89.6,2417.88,No
7938-DJV,Male,0,Yes,No,11,No,No phone service,Fiber optic,No,No,Yes,Yes,Yes,Yes,Two year,No,Mailed check,86.38,960.0,No
5488-EMC,Male,0,No,No,22,Yes,Yes,No,No internet service,No internet service,No internet service,No internet service,No internet service,No internet service,Month-to-month,Yes,Bank transfer (automatic),18.31,395.3,No
1206-FPJ,Male,0,No,Yes,14,Yes,No,DSL,Yes,Yes,No,No,No,No,Month-to-month,No,Electronic check,51.27,726.14,Yes
6134-GSQ,Female,0,No,No,11,Yes,Yes,Fiber optic,Yes,No,No,Yes,No,Yes,One year,No,Electronic check,76.7,843.26,Yes
6977-HVX,Male,0,Yes,No,3,Yes,Yes,DSL,No,Yes,Yes,Yes,No,No,Month-to-month,No,Mailed check,56.32,176.35,Yes
8721-IYE,Male,0,Yes,Yes,34,Yes,No,DSL,No,Yes,No,No,Yes,No,Two year,No,Credit card (automatic),58.76,2003.37,No
8035-JBL,Male,0,Yes,Yes,60,Yes,No,DSL,No,Yes,No,No,Yes,No,Month-to-month,No,Credit card (automatic),55.47,3328.35,No
2484-KES,Female,0,Yes,Yes,26,Yes,Yes,DSL,Yes,Yes,No,Yes,No,No,Month-to-month,Yes,Bank transfer (automatic),76.49,1990.69,No
8858-LHZ,Male,1,Yes,Yes,32,Yes,No,DSL,No,Yes,No,No,No,Yes,Two year,Yes,Credit card (automatic),52.13,1663.75,No
1863-MKG,Male,0,No,No,12,No,No phone service,DSL,Yes,No,Yes,No,Yes,No,Two year,Yes,Electronic check,54.79,659.0,No
3790-NNN,Male,0,Yes,No,36,Yes,Yes,DSL,Yes,No,No,No,No,No,One year,No,Credit card (automatic),64.62,2325.98,No
8408-OQU,Male,1,No,No,43,No,No phone service,Fiber optic,No,No,Yes,Yes,Yes,Yes,Two year,Yes,Electronic check,83.86,3600.99,No
9755-PTB,Male,0,No,No,1,Yes,No,Fiber optic,No,No,No,Yes,No,No,One year,No,Mailed check,113.67,108.68,Yes
6116-QWI,Female,0,No,No,37,Yes,Yes,Fiber optic,Yes,No,No,No,No,No,Month-to-month,Yes,Electronic check,99.84,3688.94,No
7019-RZP,Female,0,Yes,No,36,Yes,No,No,No internet service,No internet service,No internet service,No internet service,No internet service,No internet service,Month-to-month,No,Mailed check,20.53,742.58,No
2757-SCW,Male,0,No,No,58,Yes,No,DSL,Yes,Yes,Yes,Yes,Yes,No,Month-to-month,No,Credit card (automatic),62.54,3625.92,No
8574-TFD,Female,0,Yes,No,68,Yes,Yes,No,No internet service,No internet service,No internet service,No internet service,No internet service,No internet service,Month-to-month,Yes,Electronic check,21.1,1441.08,No
7374-UIK,Female,0,Yes,No,17,Yes,Yes,No,No internet service,No internet service,No internet service,No internet service,No internet service,No internet service,Month-to-month,No,Bank transfer (automatic),24.26,415.32,No
7892-VLR,Female,0,No,No,47,Yes,No,No,No internet service,No internet service,No internet service,No internet service,No internet service,No internet service,Two year,Yes,Bank transfer (automatic),22.19,1041.91,Yes
2678-WOY,Female,0,No,No,65,Yes,No,Fiber optic,Yes,Yes,No,No,No,No,Two year,Yes,Mailed check,88.12,5730.93,No
4242-XRF,Male,1,Yes,No,48,Yes,No,Fiber optic,No,No,No,Yes,Yes,No,Month-to-month,Yes,Electronic check,94.14,4525.33,Yes
5636-YUM,Male,0,Yes,No,57,Yes,No,Fiber optic,Yes,No,No,No,Yes,No,Two year,Yes,Credit card (automatic),87.68,5005.62,No
2059-ZXT,Male,0,Yes,Yes,34,No,No phone service,DSL,Yes,Yes,Yes,Yes,Yes,No,Month-to-month,Yes,Credit card (automatic),75.52,2565.46,Yes
7668-AAA,Female,1,No,Yes,57,Yes,Yes,DSL,No,No,No,Yes,Yes,Yes,Month-to-month,Yes,Bank transfer (automatic),44.77,2554.1,No
4157-BDH,Male,0,No,No,6,No,No phone service,Fiber optic,No,No,No,Yes,Yes,Yes,One year,Yes,Credit card (automatic),94.27,563.81,No
6915-CGO,Male,0,Yes,Yes,8,No,No phone service,DSL,No,No,Yes,No,No,No,Two year,Yes,Mailed check,54.14,439.2,No
3693-DJV,Male,1,Yes,No,68,Yes,No,DSL,No,Yes,No,No,No,Yes,Month-to-month,Yes,Bank transfer (automatic),53.53,3630.22,Yes
4627-EMC,Male,0,No,No,3,Yes,No,DSL,No,Yes,No,Yes,Yes,No,Month-to-month,No,Bank transfer (automatic),51.59,151.11,No
6450-FPJ,Female,0,Yes,No,31,Yes,Yes,No,No internet service,No internet service,No internet service,No internet service,No internet service,No internet service,Month-to-month,Yes,Mailed check,21.63,676.97,No
2663-GSQ,Male,1,No,No,4,Yes,No,No,No internet service,No internet service,No internet service,No internet service,No internet service,No internet service,Month-to-month,Yes,Credit card (automatic),18.97,75.5,Yes
6592-HVX,Male,0,Yes,No,55,Yes,No,Fiber optic,Yes,No,No,No,Yes,Yes,Two year,Yes,Credit card (automatic),95.33,5250.57,No
8392-IYE,Male,0,Yes,No,55,Yes,No,Fiber optic,No,Yes,No,No,No,Yes,Month-to-month,No,Mailed check,99.41,5472.78,Yes
2306-JBL,Male,1,No,No,43,Yes,No,Fiber optic,No,No,No,No,No,Yes,Two year,No,Electronic check,113.81,4897.03,No
7776-KES,Female,0,No,Yes,71,Yes,No,Fiber optic,Yes,No,Yes,No,Yes,No,Month-to-month,Yes,Mailed check,107.32,7611.99,Yes
6864-LHZ,Male,1,Yes,No,12,Yes,No,Fiber optic,No,No,No,No,Yes,Yes,One year,No,Electronic check,101.67,1210.31,No
8526-MKG,Male,0,Yes,No,3,Yes,Yes,No,No internet service,No internet service,No internet service,No internet service,No internet service,No internet service,Month-to-month,Yes,Mailed check,23.7,70.13,No
9901-NNN,Female,0,Yes,No,51,Yes,No,No,No internet service,No internet service,No internet service,No internet service,No internet service,No internet service,Month-to-month,Yes,Electronic check,20.62,1043.32,No
6575-OQU,Female,0,No,Yes,14,No,No phone service,Fiber optic,Yes,No,No,No,Yes,No,Month-to-month,Yes,Credit card (automatic),95.94,1346.69,Yes
6530-PTB,Female,0,No,No,0,Yes,No,No,No internet service,No internet service,No internet service,No internet service,No internet service,No internet service,Month-to-month,No,Electronic check,18.83, ,No
5413-QWI,Female,0,No,No,64,Yes,Yes,Fiber optic,No,Yes,No,No,Yes,No,One year,Yes,Bank transfer (automatic),95.48,6114.57,Yes
4748-RZP,Female,0,Yes,Yes,10,Yes,Yes,Fiber optic,No,No,No,No,Yes,No,Month-to-month,Yes,Electronic check,88.96,895.81,Yes
1663-SCW,Female,0,No,No,60,Yes,Yes,DSL,No,Yes,No,No,No,Yes,One year,Yes,Bank transfer (automatic),81.43,4878.33,No
2998-TFD,Male,0,Yes,No,62,Yes,No,DSL,No,Yes,Yes,No,No,No,Month-to-month,No,Mailed check,56.37,3485.08,Yes
8994-UIK,Female,0,Yes,No,37,Yes,No,No,No internet service,No internet service,No internet service,No internet service,No internet service,No internet service,One year,No,Mailed check,22.89,838.81,No
2495-VLR,Female,0,No,Yes,68,Yes,Yes,No,No internet service,No internet service,No internet service,No internet service,No internet service,No internet service,Month-to-month,No,Mailed check,22.89,1554.91,No
4304-WOY,Male,1,Yes,Yes,44,Yes,Yes,Fiber optic,No,Yes,Yes,No,No,No,Month-to-month,Yes,Bank transfer (automatic),104.77,4601.19,No
4763-XRF,Male,0,Yes,Yes,69,Yes,No,No,No internet service,No internet service,No internet service,No internet service,No internet service,No internet service,Two year,No,Mailed check,22.85,1573.69,No
6232-YUM,Male,0,Yes,Yes,67,Yes,No,Fiber optic,Yes,Yes,No,No,Yes,No,Two year,Yes,Bank transfer (automatic),113.02,7572.13,No
2853-ZXT,Female,1,No,No,3,Yes,Yes,Fiber optic,No,No,Yes,No,No,No,Two year,Yes,Electronic check,99.05,303.43,No
7585-AAA,Male,0,No,Yes,70,Yes,No,Fiber optic,No,Yes,No,No,No,Yes,Month-to-month,No,Credit card (automatic),111.7,7810.38,Yes
2291-BDH,Female,0,Yes,No,47,Yes,No,No,No internet service,No internet service,No internet service,No internet service,No internet service,No internet service,Month-to-month,Yes,Mailed check,22.8,1080.92,Yes
4581-CGO,Male,0,No,Yes,8,Yes,Yes,DSL,No,No,No,No,No,No,Month-to-month,Yes,Bank transfer (automatic),80.13,642.63,No
8554-DJV,Female,1,No,Yes,46,Yes,Yes,No,No internet service,No internet service,No internet service,No internet service,No internet service,No internet service,Two year,No,Bank transfer (automatic),23.17,1074.09,No
8280-EMC,Male,0,No,Yes,59,Yes,No,Fiber optic,Yes,No,Yes,No,Yes,No,Two year,No,Bank transfer (automatic),92.31,5452.02,No
2636-FPJ,Female,0,Yes,Yes,51,Yes,No,Fiber optic,No,Yes,No,No,Yes,No,Month-to-month,Yes,Mailed check,83.19,4232.8,No
4696-GSQ,Male,1,Yes,Yes,32,Yes,Yes,Fiber optic,No,Yes,No,No,No,Yes,Month-to-month,No,Electronic check,114.32,3666.14,Yes
1698-HVX,Male,1,Yes,No,57,Yes,No,DSL,No,No,No,Yes,Yes,Yes,Two year,Yes,Mailed check,49.42,2823.77,No
5737-IYE,Female,0,No,No,47,Yes,No,Fiber optic,No,No,No,No,Yes,No,One year,Yes,Credit card (automatic),112.39,5292.08,No
1854-JBL,Female,0,No,Yes,4,Yes,No,Fiber optic,No,Yes,Yes,Yes,No,No,Two year,Yes,Credit card (automatic),101.8,399.76,Yes
9164-KES,Male,1,No,No,26,Yes,Yes,Fiber optic,Yes,No,No,No,No,No,Month-to-month,No,Electronic check,99.75,2599.25,Yes
6855-LHZ,Male,0,Yes,Yes,40,Yes,No,Fiber optic,No,No,No,No,Yes,Yes,Month-to-month,Yes,Bank transfer (automatic),96.15,3836.72,No
8392-MKG,Male,0,Yes,Yes,0,Yes,Yes,DSL,No,No,Yes,No,Yes,No,Two year,Yes,Credit card (automatic),55.99, ,No
7528-NNN,Female,0,Yes,No,50,No,No phone service,DSL,Yes,No,Yes,Yes,Yes,No,Month-to-month,No,Mailed check,68.92,3452.11,Yes
6249-OQU,Female,0,Yes,No,15,Yes,No,No,No internet service,No internet service,No internet service,No internet service,No internet service,No internet service,Month-to-month,Yes,Bank transfer (automatic),21.47,319.82,Yes
6172-PTB,Male,1,No,No,31,Yes,No,No,No internet service,No internet service,No internet service,No internet service,No internet service,No internet service,Month-to-month,No,Bank transfer (automatic),20.95,658.28,No
2707-QWI,Male,0,No,Yes,46,No,No phone service,DSL,No,No,Yes,No,Yes,No,One year,Yes,Credit card (automatic),70.29,3228.2,No
6791-RZP,Male,1,No,No,22,Yes,No,No,No internet service,No internet service,No internet service,No internet service,No internet service,No internet service,Month-to-month,No,Mailed check,18.8,415.27,Yes
6535-SCW,Male,0,No,No,14,Yes,No,Fiber optic,Yes,No,No,No,No,No,One year,Yes,Bank transfer (automatic),99.49,1388.31,Yes
5931-TFD,Male,0,No,No,25,Yes,No,DSL,Yes,No,No,Yes,No,No,Two year,No,Electronic check,84.9,2130.58,No
4510-UIK,Male,0,Yes,No,36,Yes,No,Fiber optic,Yes,No,No,Yes,No,No,Month-to-month,Yes,Bank transfer (automatic),72.08,2598.87,Yes
1202-VLR,Female,0,No,No,54,Yes,Yes,Fiber optic,No,No,No,Yes,No,No,Month-to-month,No,Mailed check,93.13,5025.95,No
5218-WOY,Female,1,No,No,1,Yes,Yes,DSL,No,No,No,No,No,No,Month-to-month,No,Electronic check,62.6,62.24,Yes
9958-XRF,Male,0,Yes,No,18,Yes,No,No,No internet service,No internet service,No internet service,No internet service,No internet service,No internet service,Two year,Yes,Electronic check,18.75,347.32,No
5389-YUM,Female,0,No,No,31,Yes,Yes,Fiber optic,No,No,Yes,Yes,No,Yes,Two year,Yes,Bank transfer (automatic),94.04,2913.21,No
3327-ZXT,Female,0,No,No,68,Yes,Yes,Fiber optic,No,No,No,No,No,No,Month-to-month,No,Credit card (automatic),77.32,5248.6,No
9004-AAA,Female,1,Yes,Yes,54,Yes,No,DSL,No,Yes,No,No,Yes,No,Month-to-month,No,Credit card (automatic),77.71,4205.71,Yes
3931-BDH,Female,1,Yes,No,55,Yes,No,Fiber optic,Yes,Yes,No,No,No,No,Two year,No,Mailed check,113.89,6273.37,No
8777-CGO,Male,0,Yes,No,28,Yes,No,DSL,Yes,No,Yes,No,No,No,Month-to-month,No,Electronic check,77.79,2180.81,No
1197-DJV,Male,0,Yes,No,35,No,No phone service,No,No internet service,No internet service,No internet service,No internet service,No internet service,No internet service,Two year,Yes,Credit card (automatic),24.52,858.53,No
8125-EMC,Female,0,Yes,No,70,Yes,No,DSL,No,No,Yes,No,No,No,Two year,No,Mailed check,70.54,4945.23,No
2930-FPJ,Female,0,No,No,52,Yes,No,No,No internet service,No internet service,No internet service,No internet service,No internet service,No internet service,Month-to-month,Yes,Mailed check,23.94,1254.84,Yes
7287-GSQ,Male,0,Yes,No,38,Yes,No,Fiber optic,No,No,No,Yes,Yes,Yes,Month-to-month,Yes,Bank transfer (automatic),94.34,3594.76,No
9800-HVX,Female,0,No,No,10,Yes,No,Fiber optic,Yes,Yes,No,Yes,No,No,Month-to-month,Yes,Mailed check,108.52,1090.03,Yes
5282-IYE,Male,0,No,No,29,Yes,Yes,DSL,Yes,No,Yes,Yes,No,Yes,Month-to-month,No,Mailed check,82.81,2396.62,No
3511-JBL,Male,0,No,Yes,71,Yes,Yes,No,No internet service,No internet service,No internet service,No internet service,No internet service,No internet service,Month-to-month,Yes,Electronic check,20.82,1480.45,Yes
1659-KES,Female,0,No,No,52,Yes,No,No,No internet service,No internet service,No internet service,No internet service,No internet service,No internet service,Month-to-month,No,Mailed check,23.88,1233.21,Yes
3811-LHZ,Male,0,No,No,7,No,No phone service,Fiber optic,No,Yes,No,Yes,No,No,Two year,No,Bank transfer (automatic),93.11,656.43,No
8098-MKG,Male,0,No,No,19,Yes,Yes,DSL,No,Yes,No,No,Yes,Yes,Month-to-month,No,Electronic check,69.12,1305.95,No
7546-NNN,Female,0,Yes,No,11,Yes,No,Fiber optic,No,Yes,No,Yes,Yes,No,Month-to-month,No,Electronic check,113.04,1240.06,Yes
2986-OQU,Male,0,Yes,Yes,66,Yes,No,DSL,Yes,No,No,Yes,Yes,No,Two year,No,Electronic check,80.12,5296.25,No
9338-PTB,Female,0,No,Yes,49,Yes,Yes,DSL,No,Yes,Yes,No,No,Yes,One year,No,Credit card (automatic),74.43,3649.17,No
3911-QWI,Female,0,No,No,11,Yes,Yes,No,No internet service,No internet service,No internet service,No internet service,No internet service,No internet service,Month-to-month,Yes,Credit card (automatic),20.36,226.77,Yes
2734-RZP,Male,1,No,No,53,Yes,No,DSL,No,Yes,No,Yes,Yes,No,One year,No,Mailed check,47.55,2513.2,No
2843-SCW,Male,0,No,No,53,Yes,Yes,No,No internet service,No internet service,No internet service,No internet service,No internet service,No internet service,One year,Yes,Bank transfer (automatic),24.91,1325.06,No
9680-TFD,Male,1,No,Yes,18,Yes,No,No,No internet service,No internet service,No internet service,No internet service,No internet service,No internet service,Month-to-month,No,Electronic check,22.09,403.32,Yes
3976-UIK,Female,0,Yes,No,13,Yes,Yes,DSL,Yes,No,No,No,Yes,Yes,Month-to-month,Yes,Credit card (automatic),48.53,640.07,No
2959-VLR,Female,0,No,No,51,Yes,No,DSL,No,Yes,No,No,No,No,Two year,No,Credit card (automatic),83.34,4252.78,No
6759-WOY,Male,0,No,No,21,Yes,Yes,DSL,No,Yes,No,No,Yes,Yes,Month-to-month,No,Electronic check,62.75,1325.65,Yes
7694-XRF,Female,0,Yes,No,3,Yes,Yes,DSL,Yes,Yes,No,No,No,No,Month-to-month,Yes,Credit card (automatic),83.45,255.74,Yes
3385-YUM,Male,0,Yes,Yes,58,Yes,Yes,DSL,Yes,No,No,No,Yes,No,Two year,No,Mailed check,58.97,3418.06,No
5736-ZXT,Male,0,Yes,No,33,Yes,Yes,Fiber optic,No,No,Yes,No,No,No,Month-to-month,Yes,Mailed check,114.33,3766.33,Yes
2802-AAA,Male,0,No,No,63,Yes,No,DSL,Yes,No,Yes,No,No,No,Two year,No,Bank transfer (automatic),78.99,4985.4,No
9155-BDH,Male,1,Yes,No,17,Yes,Yes,DSL,No,Yes,No,No,Yes,No,Month-to-month,Yes,Mailed check,63.32,1085.57,Yes
9120-CGO,Female,0,No,No,30,Yes,No,Fiber optic,Yes,No,No,Yes,Yes,No,Two year,Yes,Bank transfer (automatic),85.23,2551.94,No
7616-DJV,Female,0,Yes,No,41,No,No phone service,DSL,No,Yes,No,No,No,Yes,One year,Yes,Mailed check,74.36,3058.31,No
6534-EMC,Female,0,Yes,No,2,Yes,Yes,DSL,Yes,No,No,Yes,No,Yes,Two year,No,Electronic check,78.87,159.12,No
5061-FPJ,Male,0,No,No,54,Yes,No,DSL,Yes,No,No,Yes,Yes,No,Month-to-month,No,Mailed check,45.75,2466.27,No
1262-GSQ,Male,0,Yes,Yes,9,Yes,No,Fiber optic,Yes,No,No,No,No,Yes,Month-to-month,Yes,Electronic check,80.96,735.94,Yes
7287-HVX,Male,0,Yes,No,70,No,No phone service,No,No internet service,No internet service,No internet service,No internet service,No internet service,No internet service,Two year,No,Electronic check,21.15,1484.17,No
9815-IYE,Male,0,Yes,Yes,21,Yes,Yes,Fiber optic,No,No,No,No,No,Yes,Two year,No,Bank transfer (automatic),80.13,1682.15,Yes
3049-JBL,Male,0,No,Yes,22,Yes,No,DSL,Yes,No,Yes,Yes,Yes,No,Month-to-month,No,Mailed check,55.12,1212.33,No
6423-KES,Female,0,Yes,Yes,12,Yes,No,Fiber optic,No,No,No,No,Yes,No,Month-to-month,No,Mailed check,95.09,1150.02,No
5548-LHZ,Female,0,No,Yes,39,Yes,No,DSL,No,No,Yes,No,No,Yes,Month-to-month,No,Electronic check,59.7,2325.94,No
4108-MKG,Female,1,No,Yes,12,Yes,No,DSL,No,No,Yes,No,Yes,Yes,Month-to-month,Yes,Bank transfer (automatic),82.31,985.16,Yes
8158-NNN,Male,1,Yes,No,50,Yes,No,Fiber optic,No,No,Yes,No,No,No,One year,Yes,Electronic check,111.04,5549.5,No
8400-OQU,Female,1,Yes,Yes,63,No,No phone service,Fiber optic,No,No,No,Yes,Yes,Yes,One year,No,Electronic check,80.15,5058.28,No
4170-PTB,Male,0,Yes,No,12,Yes,Yes,Fiber optic,No,No,No,No,No,No,Month-to-month,Yes,Credit card (automatic),116.23,1397.17,Yes
3255-QWI,Male,0,No,No,28,Yes,No,Fiber optic,No,No,Yes,No,Yes,Yes,Month-to-month,Yes,Electronic check,80.58,2265.52,Yes
2154-RZP,Male,0,Yes,Yes,70,Yes,No,Fiber optic,Yes,Yes,No,No,No,No,Month-to-month,No,Bank transfer (automatic),99.08,6940.28,Yes
5499-SCW,Male,0,No,No,46,Yes,Yes,Fiber optic,No,No,No,No,Yes,No,One year,Yes,Electronic check,84.96,3914.64,No
7295-TFD,Female,0,No,No,25,Yes,Yes,No,No internet service,No internet service,No internet service,No internet service,No internet service,No internet service,One year,Yes,Credit card (automatic),20.17,504.75,No
7197-UIK,Female,1,Yes,No,69,Yes,No,Fiber optic,Yes,Yes,Yes,No,Yes,Yes,Month-to-month,Yes,Bank transfer (automatic),96.34,6651.46,No
2648-VLR,Male,0,No,No,22,Yes,No,DSL,Yes,No,No,No,Yes,Yes,One year,No,Electronic check,82.82,1817.84,No
6539-WOY,Female,0,Yes,No,55,Yes,No,Fiber optic,Yes,Yes,Yes,No,No,No,One year,Yes,Electronic check,90.42,4964.66,No
5199-XRF,Female,0,No,No,18,Yes,No,No,No internet service,No internet service,No internet service,No internet service,No internet service,No internet service,Two year,Yes,Bank transfer (automatic),20.15,356.0,No
9445-YUM,Male,0,Yes,No,49,Yes,No,DSL,No,No,Yes,Yes,Yes,Yes,Two year,No,Credit card (automatic),54.26,2668.19,No
3557-ZXT,Female,0,No,No,34,Yes,No,Fiber optic,Yes,No,Yes,No,Yes,Yes,Two year,No,Bank transfer (automatic),85.07,2883.74,No
6592-AAA,Male,0,No,No,48,Yes,No,DSL,No,Yes,No,Yes,Yes,No,Month-to-month,No,Electronic check,62.23,2985.7,Yes
1098-BDH,Male,0,Yes,No,45,Yes,No,DSL,No,No,Yes,Yes,No,No,Month-to-month,Yes,Bank transfer (automatic),79.8,3600.52,Yes
3200-CGO,Female,0,No,Yes,69,Yes,Yes,Fiber optic,No,Yes,No,No,No,No,Month-to-month,Yes,Electronic check,85.35,5887.15,Yes
3961-DJV,Male,0,No,No,52,No,No phone service,DSL,Yes,No,Yes,No,Yes,No,Two year,Yes,Mailed check,55.17,2876.02,No
5973-EMC,Female,0,Yes,Yes,30,Yes,Yes,No,No internet service,No internet service,No internet service,No internet service,No internet service,No internet service,One year,Yes,Electronic check,22.13,657.13,Yes
5433-FPJ,Male,1,No,No,21,Yes,No,Fiber optic,No,No,No,No,Yes,Yes,Month-to-month,Yes,Electronic check,98.82,2075.42,No
3869-GSQ,Female,0,Yes,No,66,No,No phone service,DSL,Yes,Yes,Yes,No,Yes,No,One year,No,Credit card (automatic),62.27,4107.44,No
1956-HVX,Male,0,No,No,7,Yes,No,No,No internet service,No internet service,No internet service,No internet service,No internet service,No internet service,One year,Yes,Bank transfer (automatic),19.54,141.62,Yes
9352-IYE,Female,1,Yes,No,18,Yes,No,No,No internet service,No internet service,No internet service,No internet service,No internet service,No internet service,Two year,No,Electronic check,19.54,342.25,No
6699-JBL,Female,0,No,No,30,No,No phone service,DSL,No,Yes,Yes,No,No,No,Month-to-month,No,Electronic check,65.33,1965.27,No
7944-KES,Female,0,Yes,No,31,Yes,Yes,Fiber optic,Yes,Yes,No,Yes,Yes,No,One year,Yes,Electronic check,83.89,2596.21,Yes
5493-LHZ,Female,0,Yes,No,54,Yes,No,DSL,Yes,No,Yes,Yes,No,No,Month-to-month,Yes,Mailed check,50.27,2720.39,No
5911-MKG,Female,0,Yes,No,30,Yes,No,Fiber optic,Yes,No,No,No,No,Yes,Month-to-month,No,Credit card (automatic),71.29,2135.9,No
4987-NNN,Male,0,No,No,66,Yes,Yes,DSL,Yes,Yes,Yes,No,No,Yes,Month-to-month,No,Bank transfer (automatic),49.51,3258.57,Yes
7015-OQU,Male,0,No,Yes,50,Yes,Yes,DSL,No,No,No,Yes,No,No,Month-to-month,Yes,Mailed check,78.08,3894.24,No
2218-PTB,Female,0,No,No,26,Yes,Yes,Fiber optic,No,No,Yes,No,No,No,Month-to-month,No,Electronic check,77.6,2025.52,Yes
5496-QWI,Female,0,No,No,47,Yes,Yes,DSL,Yes,No,No,No,Yes,Yes,Month-to-month,Yes,Electronic check,44.11,2081.88,Yes
5735-RZP,Male,1,No,Yes,42,No,No phone service,DSL,No,No,No,Yes,No,No,Two year,Yes,Electronic check,60.05,2518.81,No
5555-SCW,Male,0,No,No,50,Yes,No,Fiber optic,No,No,No,Yes,No,No,Month-to-month,Yes,Credit card (automatic),115.25,5760.91,Yes
9050-TFD,Female,0,No,Yes,68,Yes,No,DSL,Yes,No,Yes,Yes,Yes,No,Two year,Yes,Mailed check,65.38,4454.48,No
4446-UIK,Male,0,Yes,No,70,Yes,No,Fiber optic,Yes,No,No,Yes,Yes,No,Month-to-month,No,Credit card (automatic),70.5,4934.54,No
2045-VLR,Female,0,No,Yes,71,Yes,No,DSL,Yes,No,No,Yes,No,Yes,Month-to-month,No,Bank transfer (automatic),73.08,5192.25,No
7893-WOY,Male,1,No,No,49,Yes,No,Fiber optic,Yes,No,No,No,No,Yes,Two year,Yes,Bank transfer (automatic),89.53,4387.08,No
2693-XRF,Female,1,Yes,Yes,60,Yes,No,No,No internet service,No internet service,No internet service,No internet service,No internet service,No internet service,Month-to-month,No,Mailed check,23.44,1413.73,No
4436-YUM,Female,0,No,No,40,Yes,No,Fiber optic,No,No,Yes,No,No,No,Two year,No,Mailed check,99.1,3973.01,Yes
9754-ZXT,Male,1,No,No,50,Yes,Yes,No,No internet service,No internet service,No internet service,No internet service,No internet service,No internet service,Month-to-month,Yes,Electronic check,19.19,964.07,No
6895-AAA,Female,0,Yes,No,23,Yes,No,Fiber optic,No,No,Yes,No,Yes,No,Month-to-month,No,Credit card (automatic),93.0,2133.85,Yes
4354-BDH,Male,1,Yes,No,29,Yes,Yes,Fiber optic,Yes,Yes,No,Yes,Yes,No,Two year,No,Mailed check,97.07,2807.97,No
1225-CGO,Female,0,Yes,No,51,Yes,No,Fiber optic,No,No,No,No,No,Yes,One year,No,Credit card (automatic),94.4,4805.01,No
5893-DJV,Male,0,Yes,No,49,Yes,Yes,Fiber optic,Yes,No,No,No,No,Yes,Month-to-month,No,Electronic check,108.4,5315.22,No
8022-EMC,Male,0,Yes,Yes,56,Yes,No,DSL,Yes,No,No,Yes,No,No,Month-to-month,Yes,Electronic check,78.83,4420.05,No
6600-FPJ,Female,0,Yes,Yes,61,No,No phone service,DSL,No,Yes,No,Yes,No,No,Month-to-month,No,Electronic check,71.33,4354.05,No
8996-GSQ,Male,0,Yes,Yes,52,Yes,No,DSL,No,No,Yes,Yes,Yes,Yes,Two year,No,Bank transfer (automatic),45.53,2359.72,No
8683-HVX,Male,1,No,No,67,Yes,No,DSL,Yes,No,No,No,Yes,Yes,Month-to-month,Yes,Bank transfer (automatic),58.45,3908.63,Yes
5642-IYE,Male,1,Yes,No,68,Yes,Yes,No,No internet service,No internet service,No internet service,No internet service,No internet service,No internet service,One year,No,Credit card (automatic),20.74,1412.63,No
8679-JBL,Male,0,Yes,No,30,Yes,No,Fiber optic,No,Yes,No,No,No,Yes,Month-to-month,Yes,Mailed check,80.85,2428.62,Yes
9208-KES,Male,0,Yes,No,29,Yes,No,No,No internet service,No internet service,No internet service,No internet service,No internet service,No internet service,One year,No,Electronic check,21.14,607.92,Yes
8339-LHZ,Female,1,Yes,No,9,Yes,Yes,No,No internet service,No internet service,No internet service,No internet service,No internet service,No internet service,Month-to-month,No,Credit card (automatic),19.52,173.7,Yes
3205-MKG,Female,0,No,Yes,43,Yes,Yes,Fiber optic,Yes,No,Yes,Yes,Yes,Yes,One year,Yes,Electronic check,106.83,4602.36,No
2069-NNN,Male,0,No,Yes,5,Yes,Yes,DSL,No,No,Yes,Yes,No,No,Month-to-month,Yes,Electronic check,78.21,382.41,Yes
4444-OQU,Male,0,No,No,26,Yes,Yes,Fiber optic,No,No,No,Yes,No,No,Month-to-month,Yes,Electronic check,115.55,2998.75,No
2060-PTB,Female,0,Yes,Yes,19,Yes,No,No,No internet service,No internet service,No internet service,No internet service,No internet service,No internet service,Month-to-month,Yes,Bank transfer (automatic),18.35,355.12,Yes
3327-QWI,Male,0,No,No,19,Yes,No,DSL,Yes,Yes,No,No,Yes,Yes,Month-to-month,Yes,Credit card (automatic),66.09,1259.43,No
4420-RZP,Male,0,Yes,Yes,11,No,No phone service,Fiber optic,Yes,Yes,No,Yes,No,No,One year,No,Electronic check,80.19,882.78,Yes
1301-SCW,Female,0,Yes,No,48,Yes,Yes,DSL,No,No,Yes,Yes,No,Yes,One year,Yes,Electronic check,65.76,3158.3,No
1606-TFD,Female,0,Yes,No,51,Yes,No,DSL,Yes,Yes,No,Yes,Yes,No,Month-to-month,Yes,Bank transfer (automatic),46.9,2384.95,No
4170-UIK,Male,1,No,No,9,Yes,Yes,DSL,No,Yes,No,No,No,Yes,Two year,Yes,Credit card (automatic),75.38,681.42,No
1699-VLR,Female,0,Yes,No,4,Yes,Yes,Fiber optic,Yes,No,No,Yes,Yes,No,Two year,No,Electronic check,84.38,335.42,No
6088-WOY,Male,0,No,No,63,Yes,Yes,DSL,No,Yes,No,No,No,No,Two year,Yes,Credit card (automatic),67.23,4245.42,No
1190-XRF,Male,0,Yes,Yes,57,Yes,Yes,No,No internet service,No internet service,No internet service,No internet service,No internet service,No internet service,Month-to-month,Yes,Bank transfer (automatic),23.63,1337.45,No
1980-YUM,Female,0,Yes,Yes,7,Yes,Yes,No,No internet service,No internet service,No internet service,No internet service,No internet service,No internet service,Month-to-month,No,Electronic check,21.18,157.25,Yes
3975-ZXT,Female,0,No,Yes,29,Yes,Yes,DSL,Yes,No,No,No,No,Yes,Month-to-month,Yes,Bank transfer (automatic),84.71,2451.28,No
7102-AAA,Female,0,Yes,No,16,Yes,No,No,No internet service,No internet service,No internet service,No internet service,No internet service,No internet service,Month-to-month,No,Electronic check,23.69,375.74,Yes
2184-BDH,Female,0,No,No,66,Yes,Yes,No,No internet service,No internet service,No internet service,No internet service,No internet service,No internet service,Month-to-month,No,Credit card (automatic),21.11,1384.47,Yes
4327-CGO,Male,0,Yes,Yes,20,Yes,Yes,Fiber optic,No,No,No,No,No,No,Two year,No,Mailed check,104.35,2089.71,No
4394-DJV,Female,0,Yes,No,15,No,No phone service,DSL,No,No,Yes,No,Yes,No,Two year,Yes,Electronic check,71.46,1073.35,No
9319-EMC,Male,0,No,No,26,Yes,No,Fiber optic,No,No,No,No,Yes,No,Month-to-month,Yes,Bank transfer (automatic),72.12,1880.98,Yes
2816-FPJ,Female,0,No,No,5,No,No phone service,DSL,Yes,No,No,No,No,No,Month-to-month,No,Electronic check,59.2,295.76,Yes
6854-GSQ,Female,0,Yes,No,41,Yes,No,No,No internet service,No internet service,No internet service,No internet service,No internet service,No internet service,Month-to-month,Yes,Mailed check,21.8,897.26,Yes
7709-HVX,Female,1,No,No,15,Yes,No,No,No internet service,No internet service,No internet service,No internet service,No internet service,No internet service,Month-to-month,No,Credit card (automatic),21.05,324.79,Yes
1569-IYE,Female,0,No,No,44,Yes,Yes,No,No internet service,No internet service,No internet service,No internet service,No internet service,No internet service,One year,No,Bank transfer (automatic),19.48,855.36,Yes
6442-JBL,Female,0,Yes,No,2,Yes,Yes,Fiber optic,Yes,No,No,No,Yes,No,Month-to-month,Yes,Electronic check,102.25,203.98,Yes
2895-KES,Female,0,No,No,39,Yes,Yes,No,No internet service,No internet service,No internet service,No internet service,No internet service,No internet service,Month-to-month,No,Credit card (automatic),24.92,971.97,No
3733-LHZ,Male,1,Yes,Yes,19,Yes,No,No,No internet service,No internet service,No internet service,No internet service,No internet service,No internet service,One year,Yes,Credit card (automatic),20.55,391.21,No
4863-MKG,Male,0,Yes,Yes,6,No,No phone service,DSL,No,Yes,Yes,Yes,No,Yes,Two year,No,Bank transfer (automatic),83.36,495.17,No
8455-NNN,Female,0,No,No,58,Yes,No,DSL,Yes,No,No,No,Yes,No,One year,No,Electronic check,75.02,4345.77,No
5014-OQU,Female,0,Yes,Yes,10,Yes,Yes,No,No internet service,No internet service,No internet service,No internet service,No internet service,No internet service,Month-to-month,Yes,Bank transfer (automatic),20.47,202.46,No
2686-PTB,Female,0,No,No,51,Yes,No,No,No internet service,No internet service,No internet service,No internet service,No internet service,No internet service,One year,Yes,Credit card (automatic),21.08,1082.33,No
4009-QWI,Female,0,No,No,2,Yes,Yes,Fiber optic,No,No,No,No,No,No,One year,Yes,Bank transfer (automatic),100.57,207.54,Yes
8806-RZP,Male,0,Yes,No,20,Yes,No,Fiber optic,No,Yes,Yes,No,No,No,Month-to-month,No,Electronic check,106.45,2119.85,No
1154-SCW,Female,0,No,Yes,52,Yes,Yes,No,No internet service,No internet service,No internet service,No internet service,No internet service,No internet service,One year,Yes,Credit card (automatic),23.29,1217.22,No
2409-TFD,Female,1,No,No,29,No,No phone service,Fiber optic,No,No,No,No,Yes,Yes,One year,No,Electronic check,101.25,2932.14,No
1784-UIK,Female,0,No,No,10,Yes,Yes,Fiber optic,No,No,No,No,No,No,Month-to-month,Yes,Mailed check,75.48,745.78,No
9096-VLR,Female,0,Yes,Yes,24,No,No phone service,Fiber optic,Yes,No,No,No,No,No,Month-to-month,No,Mailed check,111.64,2677.24,Yes
8560-WOY,Female,0,Yes,No,49,Yes,No,DSL,Yes,Yes,No,No,Yes,No,Month-to-month,Yes,Credit card (automatic),54.96,2684.98,No
8343-XRF,Male,0,No,Yes,8,Yes,Yes,Fiber optic,No,Yes,No,No,No,No,Month-to-month,No,Electronic check,78.55,623.21,Yes
8206-YUM,Female,0,No,No,44,Yes,Yes,No,No internet service,No internet service,No internet service,No internet service,No internet service,No internet service,Month-to-month,No,Bank transfer (automatic),19.68,870.89,Yes
6596-ZXT,Female,1,Yes,Yes,28,Yes,No,DSL,No,No,No,Yes,No,Yes,One year,No,Mailed check,45.66,1269.53,No
6801-AAA,Male,0,No,No,61,Yes,No,Fiber optic,No,Yes,Yes,Yes,No,No,Month-to-month,Yes,Bank transfer (automatic),105.87,6456.93,No
3806-BDH,Male,0,No,No,14,Yes,No,No,No internet service,No internet service,No internet service,No internet service,No internet service,No internet service,Month-to-month,Yes,Electronic check,18.6,254.4,No
1537-CGO,Male,0,Yes,No,18,Yes,Yes,No,No internet service,No internet service,No internet service,No internet service,No internet service,No internet service,Month-to-month,Yes,Bank transfer (automatic),18.53,332.13,No
6986-DJV,Male,1,No,No,14,Yes,No,No,No internet service,No internet service,No internet service,No internet service,No internet service,No internet service,One year,Yes,Electronic check,18.26,263.2,No
2841-EMC,Female,0,Yes,No,38,Yes,Yes,DSL,Yes,No,No,No,Yes,Yes,One year,Yes,Mailed check,44.19,1685.45,No
9716-FPJ,Male,0,Yes,Yes,34,Yes,Yes,DSL,No,No,No,No,No,Yes,Month-to-month,Yes,Mailed check,71.88,2442.14,Yes
7971-GSQ,Male,0,Yes,No,12,Yes,Yes,Fiber optic,No,Yes,No,No,No,No,Two year,Yes,Credit card (automatic),94.15,1122.91,No
6625-HVX,Female,0,Yes,Yes,15,Yes,No,Fiber optic,Yes,Yes,Yes,Yes,Yes,No,Month-to-month,Yes,Mailed check,102.78,1550.89,Yes
3950-IYE,Male,0,Yes,No,66,No,No phone service,No,No internet service,No internet service,No internet service,No internet service,No internet service,No internet service,One year,Yes,Mailed check,19.81,1307.23,No
8992-JBL,Male,1,No,No,54,Yes,No,DSL,Yes,Yes,Yes,Yes,Yes,No,Month-to-month,Yes,Bank transfer (automatic),73.5,3961.94,No
5780-KES,Female,0,No,No,64,Yes,No,Fiber optic,Yes,Yes,Yes,Yes,No,Yes,Month-to-month,No,Mailed check,85.19,5447.11,No
3368-LHZ,Female,0,Yes,Yes,34,Yes,No,No,No internet service,No internet service,No internet service,No internet service,No internet service,No internet service,Month-to-month,Yes,Credit card (automatic),21.61,741.32,No
7655-MKG,Female,0,No,Yes,15,No,No phone service,DSL,No,Yes,No,No,No,No,Month-to-month,Yes,Mailed check,79.36,1184.68,No
9173-NNN,Female,0,No,No,0,Yes,Yes,Fiber optic,Yes,Yes,Yes,No,No,Yes,Month-to-month,Yes,Credit card (automatic),73.15, ,Yes
5495-OQU,Female,0,Yes,No,49,Yes,No,Fiber optic,No,No,No,No,No,No,Month-to-month,No,Bank transfer (automatic),111.69,5464.69,No
7002-PTB,Male,0,Yes,No,13,Yes,No,DSL,No,No,No,Yes,No,No,Two year,Yes,Bank transfer (automatic),57.59,744.8,No
7614-QWI,Male,0,Yes,No,61,Yes,No,DSL,No,Yes,Yes,Yes,Yes,Yes,One year,Yes,Bank transfer (automatic),54.07,3303.14,No
6919-RZP,Female,1,Yes,Yes,6,Yes,Yes,Fiber optic,Yes,Yes,Yes,No,No,No,Two year,Yes,Mailed check,111.38,666.16,No
1853-SCW,Male,0,No,No,22,Yes,No,Fiber optic,Yes,No,No,No,No,Yes,Month-to-month,No,Mailed check,103.88,2279.14,Yes
5146-TFD,Female,0,Yes,Yes,62,Yes,No,Fiber optic,Yes,Yes,No,Yes,No,Yes,One year,Yes,Credit card (automatic),84.43,5242.64,No
4769-UIK,Female,0,No,Yes,28,Yes,Yes,Fiber optic,Yes,Yes,Yes,No,Yes,Yes,Month-to-month,Yes,Bank transfer (automatic),103.97,2911.7,No
1574-VLR,Male,0,No,Yes,21,Yes,Yes,No,No internet service,No internet service,No internet service,No internet service,No internet service,No internet service,Month-to-month,No,Electronic check,24.35,520.49,Yes
2148-WOY,Male,0,Yes,No,5,Yes,Yes,DSL,Yes,Yes,No,Yes,Yes,Yes,Two year,Yes,Bank transfer (automatic),79.69,407.36,No
7293-XRF,Male,0,No,Yes,28,Yes,No,DSL,Yes,Yes,No,No,No,Yes,Two year,Yes,Electronic check,77.06,2159.85,No
7457-YUM,Male,0,Yes,No,1,Yes,Yes,DSL,No,No,No,Yes,Yes,No,Two year,No,Credit card (automatic),84.87,83.95,No
8509-ZXT,Male,1,Yes,Yes,63,Yes,Yes,DSL,Yes,Yes,Yes,Yes,Yes,Yes,Month-to-month,Yes,Electronic check,50.92,3206.26,No
5777-AAA,Male,0,No,Yes,35,Yes,No,No,No internet service,No internet service,No internet service,No internet service,No internet service,No internet service,Month-to-month,Yes,Electronic check,23.31,814.47,No
4854-BDH,Female,0,Yes,No,19,Yes,No,DSL,No,No,No,No,No,Yes,Month-to-month,Yes,Electronic check,56.07,1055.96,No
3491-CGO,Male,0,Yes,No,54,Yes,No,Fiber optic,Yes,No,No,Yes,Yes,No,Month-to-month,Yes,Credit card (automatic),115.43,6236.87,Yes
4124-DJV,Male,1,No,No,36,Yes,No,DSL,Yes,No,Yes,Yes,No,Yes,Two year,No,Mailed check,47.3,1699.06,No
6691-EMC,Male,1,No,No,51,Yes,No,DSL,No,No,Yes,Yes,No,No,Month-to-month,No,Credit card (automatic),71.37,3636.52,No
4051-FPJ,Female,0,Yes,Yes,68,Yes,No,Fiber optic,No,Yes,Yes,No,No,No,One year,Yes,Electronic check,79.85,5435.49,No
1004-GSQ,Male,0,Yes,No,69,Yes,No,Fiber optic,Yes,No,No,No,No,Yes,Month-to-month,Yes,Electronic check,118.29,8171.61,No
6222-HVX,Male,0,No,No,21,Yes,No,Fiber optic,No,No,No,Yes,Yes,No,One year,Yes,Credit card (automatic),95.33,1994.17,No
6315-IYE,Female,0,No,No,14,Yes,Yes,Fiber optic,No,Yes,Yes,No,Yes,No,Month-to-month,No,Credit card (automatic),95.99,1338.13,No
5869-JBL,Male,0,Yes,No,46,Yes,Yes,DSL,No,Yes,Yes,No,No,No,Month-to-month,No,Mailed check,65.62,3010.27,No
1876-KES,Female,1,No,No,70,Yes,No,No,No internet service,No internet service,No internet service,No internet service,No internet service,No internet service,Month-to-month,Yes,Bank transfer (automatic),23.37,1641.71,No
8027-LHZ,Female,0,No,Yes,68,Yes,No,Fiber optic,Yes,No,No,No,No,No,Month-to-month,Yes,Electronic check,117.36,7984.95,No
5142-MKG,Male,1,No,Yes,51,Yes,No,DSL,Yes,No,No,No,Yes,No,One year,Yes,Bank transfer (automatic),83.39,4255.66,No
7966-NNN,Female,0,No,No,38,Yes,No,DSL,Yes,Yes,Yes,Yes,Yes,Yes,One year,No,Electronic check,53.57,2029.5,No
8079-OQU,Female,0,No,Yes,1,Yes,Yes,DSL,Yes,No,No,Yes,No,Yes,Month-to-month,No,Mailed check,66.91,67.78,No
8987-PTB,Male,0,Yes,No,44,Yes,Yes,DSL,Yes,Yes,Yes,Yes,Yes,No,Two year,Yes,Mailed check,66.38,2922.71,No
7799-QWI,Male,0,Yes,No,23,Yes,No,DSL,No,No,Yes,No,No,Yes,One year,Yes,Electronic check,49.11,1138.53,Yes
5465-RZP,Female,1,No,No,60,Yes,No,No,No internet service,No internet service,No internet service,No internet service,No internet service,No internet service,Month-to-month,No,Mailed check,22.96,1381.11,No
1635-SCW,Male,0,No,No,64,Yes,No,No,No internet service,No internet service,No internet service,No internet service,No internet service,No internet service,Month-to-month,No,Bank transfer (automatic),23.37,1503.01,No
2693-TFD,Male,0,No,Yes,52,Yes,Yes,Fiber optic,No,No,Yes,No,No,No,Two year,No,Mailed check,112.38,5850.52,No
5752-UIK,Male,0,Yes,No,20,Yes,Yes,Fiber optic,No,No,Yes,Yes,No,No,Month-to-month,Yes,Mailed check,105.86,2122.28,Yes
9311-VLR,Male,0,No,No,66,Yes,Yes,DSL,Yes,Yes,No,No,No,Yes,Month-to-month,Yes,Bank transfer (automatic),48.87,3222.76,Yes
1830-WOY,Male,1,Yes,No,0,Yes,Yes,Fiber optic,Yes,No,Yes,No,Yes,No,Month-to-month,No,Credit card (automatic),114.8, ,Yes
6177-XRF,Female,0,No,No,58,Yes,Yes,DSL,Yes,No,Yes,No,No,No,Two year,Yes,Mailed check,52.65,3061.26,No
9932-YUM,Female,0,Yes,No,46,Yes,No,DSL,No,No,Yes,No,No,Yes,Month-to-month,No,Mailed check,68.99,3178.7,Yes
9308-ZXT,Male,1,No,No,17,Yes,No,No,No internet service,No internet service,No internet service,No internet service,No internet service,No internet service,Month-to-month,Yes,Credit card (automatic),22.6,388.77,No
6949-AAA,Male,0,Yes,No,32,Yes,No,DSL,No,Yes,No,No,No,No,Month-to-month,Yes,Electronic check,50.23,1600.12,No
3838-BDH,Female,0,No,Yes,14,No,No phone service,DSL,Yes,No,Yes,No,Yes,No,Two year,No,Mailed check,58.08,821.66,No
2150-CGO,Male,0,Yes,No,23,Yes,No,DSL,Yes,No,No,No,Yes,No,Two year,Yes,Electronic check,56.29,1284.71,No
8560-DJV,Male,0,No,No,35,Yes,No,No,No internet service,No internet service,No internet service,No internet service,No internet service,No internet service,One year,Yes,Mailed check,23.04,802.59,No
2931-EMC,Female,1,No,Yes,59,Yes,No,Fiber optic,No,Yes,No,No,No,No,Month-to-month,No,Electronic check,100.47,5931.28,No
2664-FPJ,Female,1,No,Yes,33,Yes,No,Fiber optic,No,No,No,No,No,No,Month-to-month,No,Mailed check,90.59,2982.46,Yes
2081-GSQ,Female,0,No,No,50,No,No phone service,DSL,Yes,Yes,No,Yes,Yes,No,Month-to-month,No,Mailed check,50.78,2544.46,Yes
1512-HVX,Male,0,Yes,Yes,39,Yes,No,No,No internet service,No internet service,No internet service,No internet service,No internet service,No internet service,Month-to-month,Yes,Electronic check,23.24,899.23,No
8805-IYE,Female,1,Yes,Yes,21,Yes,No,No,No internet service,No internet service,No internet service,No internet service,No internet service,No internet service,Two year,No,Mailed check,24.59,506.42,No
6237-JBL,Female,0,No,No,15,No,No phone service,Fiber optic,Yes,Yes,No,No,No,No,One year,No,Bank transfer (automatic),98.13,1462.52,Yes
1559-KES,Male,0,Yes,Yes,41,Yes,No,Fiber optic,Yes,Yes,No,No,No,No,One year,Yes,Electronic check,114.46,4687.17,No
4672-LHZ,Male,0,No,Yes,15,Yes,No,DSL,No,Yes,No,Yes,No,Yes,One year,No,Electronic check,77.25,1159.65,No
8404-MKG,Female,0,No,No,4,Yes,No,No,No internet service,No internet service,No internet service,No internet service,No internet service,No internet service,Two year,No,Credit card (automatic),24.66,90.15,Yes
4343-NNN,Female,0,Yes,No,5,Yes,Yes,DSL,Yes,Yes,Yes,No,No,No,Month-to-month,Yes,Bank transfer (automatic),57.91,286.74,Yes
5070-OQU,Male,1,Yes,No,41,Yes,No,DSL,No,No,No,No,No,No,Month-to-month,Yes,Electronic check,69.92,2860.53,No
1580-PTB,Male,0,Yes,No,29,Yes,Yes,DSL,No,No,No,No,No,Yes,One year,Yes,Bank transfer (automatic),53.37,1555.32,No
8004-QWI,Male,0,Yes,No,31,Yes,No,No,No internet service,No internet service,No internet service,No internet service,No internet service,No internet service,Month-to-month,Yes,Credit card (automatic),23.23,715.48,No
9130-RZP,Male,0,No,No,52,Yes,No,DSL,Yes,No,Yes,Yes,Yes,Yes,One year,No,Credit card (automatic),84.35,4389.24,No
4147-SCW,Female,0,No,Yes,18,Yes,No,DSL,No,Yes,Yes,No,No,No,Two year,Yes,Credit card (automatic),57.19,1034.1,No
5249-TFD,Female,0,Yes,Yes,50,Yes,No,DSL,Yes,No,No,No,Yes,Yes,Month-to-month,Yes,Bank transfer (automatic),46.69,2327.26,Yes
2679-UIK,Female,0,Yes,No,27,No,No phone service,DSL,Yes,Yes,No,No,Yes,Yes,One year,No,Credit card (automatic),83.91,2258.0,No
4506-VLR,Female,0,No,No,46,Yes,No,DSL,No,No,Yes,Yes,No,Yes,Month-to-month,Yes,Mailed check,45.28,2091.06,No
8253-WOY,Male,0,Yes,No,71,Yes,No,Fiber optic,Yes,No,No,Yes,Yes,Yes,One year,No,Mailed check,87.76,6224.12,No
3744-XRF,Female,0,Yes,No,0,No,No phone service,DSL,Yes,No,No,No,No,No,Month-to-month,Yes,Bank transfer (automatic),66.95, ,Yes
6188-YUM,Female,0,Yes,No,67,Yes,No,Fiber optic,Yes,No,No,Yes,No,No,Month-to-month,Yes,Credit card (automatic),108.12,7245.06,No
3141-ZXT,Male,0,No,Yes,56,Yes,No,No,No internet service,No internet service,No internet service,No internet service,No internet service,No internet service,One year,No,Electronic check,19.71,1105.84,No
7617-AAA,Female,1,Yes,No,21,Yes,Yes,Fiber optic,Yes,No,No,No,Yes,Yes,Two year,Yes,Mailed check,72.64,1521.83,No
3479-BDH,Female,1,Yes,No,57,Yes,Yes,No,No internet service,No internet service,No internet service,No internet service,No internet service,No internet service,Month-to-month,No,Bank transfer (automatic),22.95,1307.79,No
7484-CGO,Female,0,No,No,12,Yes,No,No,No internet service,No internet service,No internet service,No internet service,No internet service,No internet service,One year,No,Electronic check,18.91,222.99,No
8421-DJV,Male,0,Yes,Yes,38,No,No phone service,DSL,Yes,No,No,No,No,Yes,Two year,No,Electronic check,54.0,2058.54,No
5452-EMC,Male,0,No,No,26,Yes,No,Fiber optic,Yes,Yes,Yes,Yes,No,No,Month-to-month,Yes,Mailed check,83.05,2152.35,Yes
6881-FPJ,Female,0,Yes,No,38,Yes,Yes,Fiber optic,No,No,No,Yes,No,No,Month-to-month,No,Credit card (automatic),110.84,4207.98,Yes
7665-GSQ,Male,0,Yes,Yes,71,Yes,Yes,Fiber optic,Yes,No,No,No,Yes,Yes,Month-to-month,Yes,Bank transfer (automatic),98.25,6975.88,No
3849-HVX,Male,0,Yes,No,11,Yes,Yes,Fiber optic,Yes,No,No,No,No,No,Two year,No,Bank transfer (automatic),92.02,1008.22,No
8390-IYE,Male,0,Yes,No,23,Yes,No,DSL,Yes,Yes,No,No,No,No,Month-to-month,Yes,Electronic check,45.05,1043.39,Yes
7905-JBL,Male,1,Yes,No,17,Yes,No,DSL,Yes,No,Yes,No,No,Yes,Month-to-month,No,Mailed check,64.83,1110.01,No
3489-KES,Male,0,Yes,Yes,14,Yes,Yes,Fiber optic,No,No,No,No,Yes,No,Two year,Yes,Credit card (automatic),104.74,1472.47,Yes
5611-LHZ,Male,0,Yes,Yes,59,Yes,No,DSL,Yes,No,No,No,No,No,Two year,No,Credit card (automatic),84.04,4966.07,No
3839-MKG,Female,0,Yes,No,15,Yes,No,DSL,No,Yes,No,Yes,No,No,One year,Yes,Credit card (automatic),63.79,955.45,No
9527-NNN,Female,0,No,No,46,Yes,Yes,Fiber optic,No,Yes,No,Yes,No,No,Month-to-month,Yes,Credit card (automatic),97.15,4469.69,Yes
6878-OQU,Female,0,No,No,23,Yes,Yes,Fiber optic,No,Yes,No,No,No,No,Month-to-month,No,Credit card (automatic),85.67,1973.1,Yes
7303-PTB,Male,0,No,No,44,Yes,No,DSL,No,No,No,Yes,No,No,Month-to-month,Yes,Electronic check,77.45,3413.43,No
1851-QWI,Male,0,No,Yes,18,Yes,No,Fiber optic,No,No,No,No,No,Yes,Two year,Yes,Electronic check,96.34,1731.1,No
2687-RZP,Male,0,No,No,40,Yes,No,DSL,No,Yes,No,No,No,Yes,Two year,No,Bank transfer (automatic),59.42,2368.03,No
7833-SCW,Female,0,Yes,No,30,Yes,Yes,DSL,Yes,No,No,Yes,No,No,Month-to-month,Yes,Bank transfer (automatic),48.78,1470.79,No
3427-TFD,Male,0,Yes,No,15,Yes,Yes,DSL,No,No,Yes,No,Yes,Yes,Month-to-month,No,Credit card (automatic),80.57,1214.0,No
5000-UIK,Male,0,Yes,No,22,Yes,Yes,Fiber optic,Yes,Yes,Yes,No,No,Yes,Month-to-month,Yes,Mailed check,109.07,2399.48,Yes
6052-VLR,Male,1,No,No,22,Yes,No,No,No internet service,No internet service,No internet service,No internet service,No internet service,No internet service,Month-to-month,No,Mailed check,19.65,423.96,No
3738-WOY,Male,0,No,No,40,Yes,No,Fiber optic,Yes,Yes,No,Yes,Yes,Yes,Month-to-month,No,Credit card (automatic),112.66,4505.09,No
6732-XRF,Male,0,No,Yes,17,Yes,Yes,No,No internet service,No internet service,No internet service,No internet service,No internet service,No internet service,One year,No,Electronic check,22.01,365.24,No
6387-YUM,Male,0,Yes,Yes,35,Yes,No,Fiber optic,No,Yes,Yes,Yes,Yes,No,Month-to-month,No,Mailed check,107.56,3765.42,No
9002-ZXT,Male,0,No,Yes,11,Yes,No,Fiber optic,Yes,No,Yes,Yes,No,No,Two year,Yes,Electronic check,101.75,1110.75,Yes
6536-AAA,Male,0,Yes,No,68,Yes,Yes,Fiber optic,No,No,No,Yes,Yes,No,Month-to-month,No,Credit card (automatic),73.42,4997.41,No
4913-BDH,Female,1,Yes,No,50,Yes,No,DSL,Yes,No,No,Yes,No,No,One year,Yes,Bank transfer (automatic),54.2,2702.41,No
2066-CGO,Female,0,No,No,31,Yes,Yes,No,No internet service,No internet service,No internet service,No internet service,No internet service,No internet service,One year,No,Electronic check,21.1,651.4,No
8723-DJV,Male,0,Yes,No,70,Yes,Yes,Fiber optic,Yes,Yes,Yes,No,No,No,One year,Yes,Mailed check,75.44,5276.86,No
5380-EMC,Female,0,Yes,No,35,Yes,Yes,Fiber optic,No,Yes,No,No,No,Yes,Month-to-month,Yes,Bank transfer (automatic),88.17,3080.18,No
5107-FPJ,Male,0,No,Yes,39,Yes,No,Fiber optic,No,Yes,Yes,No,Yes,No,Month-to-month,Yes,Credit card (automatic),71.76,2807.59,No
6726-GSQ,Female,0,No,No,69,Yes,Yes,Fiber optic,Yes,Yes,Yes,No,Yes,No,Month-to-month,Yes,Electronic check,113.07,7806.93,No
4373-HVX,Male,0,Yes,No,37,Yes,No,Fiber optic,Yes,Yes,Yes,Yes,No,No,One year,No,Electronic check,72.11,2673.08,No
9945-IYE,Female,0,Yes,No,53,Yes,No,DSL,No,No,No,No,No,No,One year,Yes,Mailed check,66.48,3521.27,No
3082-JBL,Female,0,No,No,3,No,No phone service,Fiber optic,No,No,No,No,No,Yes,Month-to-month,Yes,Bank transfer (automatic),103.62,315.44,Yes
9967-KES,Male,1,Yes,No,45,Yes,No,Fiber optic,Yes,No,Yes,No,No,No,One year,Yes,Credit card (automatic),84.27,3791.96,Yes
7748-LHZ,Female,0,Yes,No,62,Yes,No,DSL,Yes,Yes,No,Yes,Yes,No,Two year,Yes,Mailed check,44.09,2732.87,No
1417-MKG,Female,0,Yes,No,49,Yes,Yes,DSL,No,No,No,Yes,No,No,Month-to-month,No,Electronic check,66.71,3275.14,No
9306-NNN,Female,0,No,No,29,Yes,No,Fiber optic,No,No,No,No,No,Yes,Month-to-month,Yes,Credit card (automatic),92.67,2684.37,No
9808-OQU,Male,0,Yes,No,72,Yes,No,No,No internet service,No internet service,No internet service,No internet service,No internet service,No internet service,Month-to-month,Yes,Credit card (automatic),19.51,1396.52,No
4974-PTB,Female,0,Yes,No,15,Yes,Yes,DSL,No,Yes,No,No,No,Yes,Month-to-month,No,Electronic check,47.78,707.68,No
4267-QWI,Male,0,Yes,No,51,Yes,No,DSL,No,Yes,Yes,Yes,Yes,No,Month-to-month,Yes,Bank transfer (automatic),76.71,3919.12,Yes
1825-RZP,Male,0,Yes,No,3,Yes,Yes,No,No internet service,No internet service,No internet service,No internet service,No internet service,No internet service,One year,No,Electronic check,19.57,64.67,Yes
8668-SCW,Male,0,Yes,No,25,Yes,Yes,No,No internet service,No internet service,No internet service,No internet service,No internet service,No internet service,Month-to-month,Yes,Credit card (automatic),21.12,529.08,No
6745-TFD,Male,0,No,Yes,28,Yes,Yes,Fiber optic,No,Yes,No,No,No,No,One year,Yes,Mailed check,108.41,3032.38,Yes
1412-UIK,Male,0,No,No,10,Yes,No,Fiber optic,No,Yes,No,No,No,Yes,Month-to-month,Yes,Credit card (automatic),114.63,1141.01,No
8543-VLR,Female,0,No,No,23,Yes,Yes,DSL,Yes,No,No,No,Yes,No,One year,Yes,Mailed check,60.34,1394.41,No
8587-WOY,Male,0,No,No,50,Yes,Yes,DSL,No,Yes,Yes,No,No,No,Two year,Yes,Bank transfer (automatic),63.1,3147.31,No
1728-XRF,Female,0,No,No,41,Yes,No,Fiber optic,Yes,Yes,No,No,No,Yes,Two year,No,Mailed check,104.64,4297.22,No
8164-YUM,Male,0,No,No,38,Yes,No,Fiber optic,Yes,Yes,Yes,No,Yes,Yes,Two year,Yes,Mailed check,77.47,2939.91,No
9867-ZXT,Female,0,No,No,6,Yes,Yes,DSL,Yes,Yes,No,No,No,No,One year,Yes,Bank transfer (automatic),78.43,464.97,Yes
6988-AAA,Male,0,No,No,17,Yes,No,No,No internet service,No internet service,No internet service,No internet service,No internet service,No internet service,Two year,No,Electronic check,20.09,350.11,No
3504-BDH,Female,1,Yes,No,2,Yes,Yes,DSL,Yes,No,No,No,No,No,One year,No,Electronic check,61.06,119.99,Yes
3967-CGO,Female,0,Yes,No,62,Yes,No,No,No internet service,No internet service,No internet service,No internet service,No internet service,No internet service,Month-to-month,Yes,Electronic check,24.58,1533.05,No
3786-DJV,Male,0,No,No,19,Yes,Yes,Fiber optic,No,No,No,Yes,Yes,No,Two year,No,Mailed check,117.3,2231.58,No
2122-EMC,Male,0,No,No,72,Yes,Yes,Fiber optic,No,No,No,Yes,No,Yes,Month-to-month,Yes,Bank transfer (automatic),91.13,6563.47,No
5079-FPJ,Female,0,No,No,69,No,No phone service,Fiber optic,No,No,Yes,No,No,No,Two year,No,Electronic check,83.1,5731.53,No
2571-GSQ,Male,0,No,No,16,Yes,No,No,No internet service,No internet service,No internet service,No internet service,No internet service,No internet service,Two year,Yes,Electronic check,19.18,302.09,No
6073-HVX,Male,0,No,No,58,Yes,Yes,No,No internet service,No internet service,No internet service,No internet service,No internet service,No internet service,Two year,Yes,Credit card (automatic),19.3,1111.53,No
6104-IYE,Male,0,No,Yes,53,Yes,Yes,DSL,Yes,No,No,No,Yes,No,Two year,No,Mailed check,64.92,3442.5,No
3143-JBL,Male,0,Yes,No,12,Yes,No,Fiber optic,No,No,No,Yes,Yes,Yes,Month-to-month,Yes,Electronic check,103.43,1232.16,No
7806-KES,Female,0,No,Yes,41,Yes,No,DSL,No,No,No,No,Yes,No,Month-to-month,Yes,Electronic check,58.88,2412.19,Yes
8357-LHZ,Female,0,No,No,43,Yes,Yes,No,No internet service,No internet service,No internet service,No internet service,No internet service,No internet service,Month-to-month,No,Mailed check,19.86,861.16,Yes
4440-MKG,Male,0,No,No,66,Yes,Yes,No,No internet service,No internet service,No internet service,No internet service,No internet service,No internet service,Month-to-month,No,Electronic check,18.27,1214.05,No
4766-NNN,Male,0,No,No,71,Yes,No,DSL,No,Yes,No,No,Yes,No,Month-to-month,Yes,Bank transfer (automatic),55.91,3968.24,Yes
6644-OQU,Female,0,No,No,19,Yes,No,Fiber optic,No,No,Yes,No,No,Yes,Month-to-month,No,Credit card (automatic),100.7,1910.31,No
3914-PTB,Female,0,No,No,46,Yes,No,DSL,No,No,Yes,No,No,No,Two year,Yes,Bank transfer (automatic),74.38,3421.81,No
5968-QWI,Male,0,Yes,No,23,Yes,No,DSL,No,No,No,No,Yes,Yes,Month-to-month,No,Bank transfer (automatic),77.4,1772.26,No
6917-RZP,Female,0,Yes,No,50,No,No phone service,Fiber optic,Yes,No,Yes,Yes,Yes,No,Two year,No,Mailed check,95.46,4765.17,No
9787-SCW,Female,0,No,No,17,Yes,No,No,No internet service,No internet service,No internet service,No internet service,No internet service,No internet service,Month-to-month,No,Credit card (automatic),24.48,406.95,No
1728-TFD,Female,0,Yes,Yes,22,Yes,Yes,Fiber optic,Yes,Yes,Yes,Yes,No,Yes,Month-to-month,Yes,Electronic check,108.48,2394.02,Yes
2365-UIK,Female,0,No,No,0,Yes,No,No,No internet service,No internet service,No internet service,No internet service,No internet service,No internet service,Month-to-month,No,Mailed check,23.56, ,Yes
5492-VLR,Female,0,Yes,Yes,65,Yes,Yes,Fiber optic,No,No,Yes,Yes,No,Yes,Two year,No,Electronic check,70.85,4611.16,No
1698-WOY,Male,0,Yes,No,4,Yes,Yes,DSL,Yes,Yes,No,No,Yes,No,Month-to-month,Yes,Mailed check,46.0,179.18,Yes
8186-XRF,Female,0,Yes,No,17,Yes,Yes,Fiber optic,Yes,No,No,Yes,No,Yes,Month-to-month,No,Bank transfer (automatic),107.31,1828.05,No
1395-YUM,Female,0,Yes,Yes,34,Yes,Yes,DSL,No,Yes,No,No,No,No,Two year,Yes,Bank transfer (automatic),56.44,1926.77,No
8400-ZXT,Female,0,Yes,Yes,24,Yes,Yes,No,No internet service,No internet service,No internet service,No internet service,No internet service,No internet service,One year,Yes,Bank transfer (automatic),20.16,490.12,No
9082-AAA,Female,1,No,Yes,23,Yes,No,Fiber optic,Yes,No,Yes,No,Yes,Yes,Two year,No,Electronic check,84.42,1935.51,No
5171-BDH,Female,0,Yes,No,12,Yes,No,DSL,No,No,Yes,No,Yes,No,One year,Yes,Mailed check,74.83,893.9,No
5360-CGO,Female,0,No,No,20,Yes,No,DSL,No,No,No,No,Yes,No,Month-to-month,No,Bank transfer (automatic),71.79,1431.49,No
3502-DJV,Male,0,No,No,38,Yes,No,No,No internet service,No internet service,No internet service,No internet service,No internet service,No internet service,Month-to-month,No,Credit card (automatic),18.58,704.96,Yes
1717-EMC,Female,0,No,No,33,Yes,Yes,DSL,No,Yes,No,Yes,Yes,No,One year,Yes,Electronic check,76.45,2522.5,No
3782-FPJ,Female,0,Yes,Yes,18,Yes,No,Fiber optic,No,No,Yes,Yes,No,Yes,Month-to-month,No,Electronic check,91.34,1639.88,Yes
5946-GSQ,Female,0,No,No,27,Yes,Yes,No,No internet service,No internet service,No internet service,No internet service,No internet service,No internet service,Month-to-month,Yes,Bank transfer (automatic),23.25,634.77,No
6486-HVX,Male,1,Yes,Yes,10,Yes,Yes,No,No internet service,No internet service,No internet service,No internet service,No internet service,No internet service,Two year,Yes,Mailed check,24.64,237.65,No
9335-IYE,Male,0,Yes,No,48,Yes,No,Fiber optic,No,No,Yes,No,Yes,Yes,One year,No,Mailed check,101.03,4849.75,No
5980-JBL,Female,0,No,No,34,Yes,No,No,No internet service,No internet service,No internet service,No internet service,No internet service,No internet service,Month-to-month,Yes,Electronic check,22.86,774.36,No
8266-KES,Male,0,Yes,No,56,Yes,No,DSL,Yes,No,No,No,No,No,One year,Yes,Electronic check,57.92,3249.65,No
5491-LHZ,Female,0,No,Yes,27,Yes,No,No,No internet service,No internet service,No internet service,No internet service,No internet service,No internet service,Month-to-month,Yes,Electronic check,22.45,615.08,No
8192-MKG,Male,0,No,Yes,65,Yes,Yes,Fiber optic,No,No,No,No,No,Yes,Month-to-month,No,Bank transfer (automatic),104.94,6813.33,No
6588-NNN,Female,0,Yes,No,64,Yes,No,Fiber optic,No,No,No,Yes,No,No,Month-to-month,Yes,Mailed check,82.72,5293.05,No
8651-OQU,Male,0,Yes,No,72,Yes,No,No,No internet service,No internet service,No internet service,No internet service,No internet service,No internet service,Month-to-month,Yes,Electronic check,20.48,1472.76,Yes
4636-PTB,Male,0,No,No,21,No,No phone service,No,No internet service,No internet service,No internet service,No internet service,No internet service,No internet service,Two year,Yes,Electronic check,18.86,386.48,No
2167-QWI,Female,1,No,No,50,Yes,No,Fiber optic,Yes,No,Yes,No,No,Yes,Two year,No,Mailed check,107.35,5374.73,No
2062-RZP,Male,0,No,No,8,Yes,Yes,DSL,No,Yes,No,Yes,No,No,Month-to-month,Yes,Electronic check,69.75,552.2,No
3156-SCW,Male,0,Yes,No,70,Yes,No,No,No internet service,No internet service,No internet service,No internet service,No internet service,No internet service,Two year,Yes,Bank transfer (automatic),20.84,1450.53,No
8860-TFD,Female,0,Yes,Yes,35,No,No phone service,DSL,No,No,No,No,Yes,No,Month-to-month,Yes,Mailed check,65.86,2313.24,No
6161-UIK,Female,1,Yes,No,53,Yes,Yes,No,No internet service,No internet service,No internet service,No internet service,No internet service,No internet service,Month-to-month,No,Mailed check,22.82,1205.19,Yes
6305-VLR,Female,0,Yes,Yes,37,Yes,No,DSL,Yes,No,No,Yes,Yes,Yes,Month-to-month,Yes,Electronic check,51.51,1907.01,Yes
7541-WOY,Male,0,Yes,No,65,Yes,Yes,DSL,Yes,Yes,Yes,No,Yes,No,One year,Yes,Mailed check,71.76,4665.71,No
5729-XRF,Male,1,Yes,No,42,Yes,No,No,No internet service,No internet service,No internet service,No internet service,No internet service,No internet service,One year,No,Electronic check,22.49,954.57,No
8330-YUM,Female,0,Yes,No,4,No,No phone service,Fiber optic,No,No,No,No,No,No,Month-to-month,Yes,Electronic check,101.57,412.79,Yes
6334-ZXT,Male,0,No,Yes,36,Yes,Yes,DSL,Yes,Yes,Yes,Yes,No,No,Month-to-month,Yes,Credit card (automatic),57.33,2058.51,Yes
9924-AAA,Male,0,No,No,57,Yes,No,DSL,Yes,No,No,Yes,No,No,Two year,Yes,Bank transfer (automatic),50.18,2862.48,No
5330-BDH,Male,0,Yes,No,62,Yes,No,Fiber optic,No,No,No,No,No,No,Two year,Yes,Bank transfer (automatic),89.07,5512.83,No
9010-CGO,Male,1,No,No,50,Yes,Yes,Fiber optic,No,No,Yes,Yes,Yes,Yes,One year,No,Electronic check,74.58,3730.55,No
7801-DJV,Male,0,No,No,71,Yes,Yes,No,No internet service,No internet service,No internet service,No internet service,No internet service,No internet service,Month-to-month,Yes,Mailed check,19.35,1382.36,No
5846-EMC,Female,0,No,Yes,42,Yes,Yes,Fiber optic,Yes,No,Yes,No,No,No,Two year,No,Electronic check,97.0,4065.6,Yes
7731-FPJ,Female,1,No,No,66,Yes,Yes,Fiber optic,No,Yes,No,Yes,No,Yes,One year,Yes,Credit card (automatic),115.11,7589.28,No
8241-GSQ,Male,0,Yes,No,66,Yes,No,No,No internet service,No internet service,No internet service,No internet service,No internet service,No internet service,Month-to-month,No,Mailed check,19.75,1294.35,Yes
1953-HVX,Female,0,Yes,No,64,Yes,No,Fiber optic,Yes,No,Yes,No,No,No,Two year,No,Credit card (automatic),96.16,6155.65,No
3539-IYE,Male,0,Yes,Yes,61,Yes,Yes,No,No internet service,No internet service,No internet service,No internet service,No internet service,No internet service,One year,Yes,Mailed check,19.32,1175.51,No
8056-JBL,Female,0,Yes,No,62,Yes,No,Fiber optic,Yes,No,No,Yes,Yes,No,Month-to-month,Yes,Credit card (automatic),96.17,5954.23,Yes
2542-KES,Female,0,No,No,29,No,No phone service,DSL,No,Yes,Yes,No,No,No,Month-to-month,Yes,Bank transfer (automatic),74.93,2167.69,No
6293-LHZ,Male,1,No,Yes,37,Yes,Yes,Fiber optic,No,No,No,Yes,No,No,Month-to-month,Yes,Bank transfer (automatic),109.63,4064.42,Yes
2191-MKG,Male,0,Yes,No,50,Yes,No,Fiber optic,Yes,No,Yes,No,No,No,One year,Yes,Bank transfer (automatic),104.11,5202.18,Yes
7313-NNN,Female,0,No,No,37,Yes,No,DSL,Yes,No,No,No,Yes,No,Month-to-month,No,Electronic check,52.3,1928.27,No
7938-OQU,Male,0,No,No,66,Yes,No,No,No internet service,No internet service,No internet service,No internet service,No internet service,No internet service,Month-to-month,Yes,Bank transfer (automatic),21.29,1402.8,No
3681-PTB,Male,0,Yes,No,47,Yes,No,No,No internet service,No internet service,No internet service,No internet service,No internet service,No internet service,Month-to-month,Yes,Electronic check,23.77,1113.66,Yes
2540-QWI,Male,0,No,No,11,No,No phone service,No,No internet service,No internet service,No internet service,No internet service,No internet service,No internet service,Month-to-month,No,Bank transfer (automatic),23.21,258.5,Yes
7172-RZP,Female,0,Yes,Yes,19,Yes,No,DSL,Yes,Yes,Yes,No,No,Yes,One year,Yes,Mailed check,76.92,1456.38,No
6541-SCW,Male,1,No,No,71,Yes,No,Fiber optic,No,No,No,Yes,Yes,No,Two year,Yes,Credit card (automatic),74.63,5288.85,No
2365-TFD,Male,0,Yes,No,1,No,No phone service,DSL,Yes,No,Yes,Yes,No,No,Month-to-month,Yes,Mailed check,73.83,78.78,Yes
9691-UIK,Female,0,Yes,No,54,Yes,No,DSL,No,No,No,Yes,No,Yes,Month-to-month,Yes,Electronic check,62.17,3357.23,Yes
9702-VLR,Male,0,No,Yes,5,Yes,No,Fiber optic,No,No,No,Yes,No,No,Two year,Yes,Mailed check,87.4,431.23,No
8494-WOY,Male,0,No,No,61,No,No phone service,No,No internet service,No internet service,No internet service,No internet service,No internet service,No internet service,Month-to-month,Yes,Mailed check,19.34,1178.16,Yes
5312-XRF,Male,0,Yes,No,48,Yes,Yes,DSL,No,No,Yes,No,Yes,No,Month-to-month,No,Electronic check,53.76,2579.6,No
2324-YUM,Male,0,No,Yes,53,No,No phone service,DSL,Yes,No,No,Yes,Yes,Yes,Month-to-month,Yes,Bank transfer (automatic),68.61,3644.46,No
4141-ZXT,Female,0,No,Yes,9,Yes,No,Fiber optic,No,No,Yes,No,No,No,One year,Yes,Mailed check,104.23,928.42,No
8419-AAA,Female,1,Yes,Yes,23,Yes,Yes,Fiber optic,Yes,No,No,Yes,No,Yes,Two year,No,Mailed check,96.55,2229.25,No
4486-BDH,Male,0,Yes,No,28,Yes,No,No,No internet service,No internet service,No internet service,No internet service,No internet service,No internet service,Two year,Yes,Bank transfer (automatic),24.76,684.0,No
2810-CGO,Male,0,Yes,No,5,Yes,No,No,No internet service,No internet service,No internet service,No internet service,No internet service,No internet service,Month-to-month,No,Electronic check,19.51,107.29,Yes
7588-DJV,Male,0,Yes,Yes,57,Yes,No,DSL,No,No,No,No,Yes,No,Month-to-month,Yes,Electronic check,67.56,3851.04,Yes
3923-EMC,Male,0,No,Yes,56,No,No phone service,No,No internet service,No internet service,No internet service,No internet service,No internet service,No internet service,One year,No,Electronic check,23.26,1301.42,No
6301-FPJ,Female,0,No,No,2,Yes,No,Fiber optic,Yes,No,Yes,No,Yes,No,Two year,No,Mailed check,81.72,168.03,Yes
5186-GSQ,Female,0,No,Yes,23,Yes,Yes,No,No internet service,No internet service,No internet service,No internet service,No internet service,No internet service,Two year,Yes,Credit card (automatic),18.54,416.97,No
9905-HVX,Female,0,No,No,18,Yes,Yes,DSL,No,No,Yes,Yes,No,No,One year,Yes,Mailed check,53.78,974.7,No
6977-IYE,Female,0,Yes,No,8,Yes,Yes,No,No internet service,No internet service,No internet service,No internet service,No internet service,No internet service,Two year,No,Electronic check,18.3,154.47,No
5268-JBL,Male,0,Yes,No,29,Yes,No,DSL,No,Yes,Yes,No,No,Yes,Month-to-month,No,Electronic check,62.79,1812.2,No
5748-KES,Female,0,No,No,43,Yes,No,DSL,No,No,No,No,No,Yes,Month-to-month,Yes,Electronic check,45.8,1968.78,No
5849-LHZ,Male,0,No,No,52,No,No phone service,Fiber optic,Yes,Yes,No,No,No,No,Month-to-month,Yes,Electronic check,106.64,5542.44,Yes
4709-MKG,Female,0,Yes,Yes,67,No,No phone service,Fiber optic,No,No,No,No,Yes,No,Month-to-month,No,Mailed check,113.9,7636.07,No
7619-NNN,Male,0,Yes,No,59,Yes,No,Fiber optic,No,No,No,No,No,No,One year,Yes,Mailed check,85.64,5057.97,No
9647-OQU,Male,0,No,No,22,Yes,No,DSL,No,No,Yes,No,No,No,Month-to-month,Yes,Mailed check,68.09,1499.85,No
4072-PTB,Female,0,Yes,No,60,Yes,No,Fiber optic,Yes,No,Yes,Yes,No,Yes,Month-to-month,No,Mailed check,110.26,6621.92,No
7530-QWI,Female,1,Yes,No,6,Yes,Yes,No,No internet service,No internet service,No internet service,No internet service,No internet service,No internet service,Month-to-month,No,Mailed check,20.02,123.46,Yes
1504-RZP,Female,0,No,No,43,No,No phone service,Fiber optic,Yes,Yes,Yes,Yes,No,No,Month-to-month,Yes,Bank transfer (automatic),104.47,4492.16,Yes
2214-SCW,Male,0,No,No,54,Yes,Yes,No,No internet service,No internet service,No internet service,No internet service,No internet service,No internet service,Two year,Yes,Mailed check,24.29,1312.96,No
2531-TFD,Female,0,No,No,38,Yes,Yes,No,No internet service,No internet service,No internet service,No internet service,No internet service,No internet service,Month-to-month,No,Credit card (automatic),22.88,865.6,No
8576-UIK,Male,0,No,No,58,Yes,Yes,DSL,Yes,No,No,No,No,No,Month-to-month,No,Credit card (automatic),71.89,4168.59,No
1823-VLR,Male,0,Yes,No,4,Yes,Yes,Fiber optic,No,No,No,Yes,No,Yes,Month-to-month,No,Electronic check,75.21,309.55,Yes
1928-WOY,Male,0,No,No,41,Yes,Yes,Fiber optic,Yes,Yes,No,Yes,Yes,No,Two year,Yes,Electronic check,77.73,3191.9,No
6029-XRF,Female,0,Yes,No,13,Yes,Yes,Fiber optic,No,Yes,No,No,Yes,Yes,Month-to-month,Yes,Credit card (automatic),98.57,1275.87,Yes
1133-YUM,Male,0,No,No,26,Yes,No,DSL,No,No,No,No,Yes,No,Two year,Yes,Electronic check,51.8,1338.63,No
3105-ZXT,Female,0,Yes,No,15,Yes,Yes,DSL,Yes,Yes,No,Yes,No,Yes,Month-to-month,No,Bank transfer (automatic),63.15,938.63,Yes
4627-AAA,Female,0,No,No,1,No,No phone service,Fiber optic,No,No,Yes,Yes,Yes,No,Two year,Yes,Credit card (automatic),112.42,119.46,Yes
7316-BDH,Male,0,No,No,18,Yes,Yes,Fiber optic,Yes,No,No,Yes,No,Yes,Month-to-month,Yes,Electronic check,116.36,2101.19,No
2852-CGO,Male,0,Yes,No,22,Yes,Yes,No,No internet service,No internet service,No internet service,No internet service,No internet service,No internet service,Month-to-month,Yes,Electronic check,21.04,459.27,No
5910-DJV,Female,1,No,Yes,40,Yes,Yes,Fiber optic,Yes,Yes,Yes,No,No,No,One year,Yes,Electronic check,77.35,3084.24,Yes
5175-EMC,Female,0,Yes,No,13,Yes,No,Fiber optic,Yes,No,Yes,No,Yes,Yes,One year,Yes,Bank transfer (automatic),114.52,1487.29,No
6348-FPJ,Female,0,Yes,No,46,Yes,No,No,No internet service,No internet service,No internet service,No internet service,No internet service,No internet service,Month-to-month,Yes,Bank transfer (automatic),21.41,981.56,No
7190-GSQ,Male,0,Yes,Yes,62,Yes,Yes,No,No internet service,No internet service,No internet service,No internet service,No internet service,No internet service,Month-to-month,No,Mailed check,20.21,1245.57,No
2256-HVX,Female,0,No,No,7,Yes,Yes,DSL,No,Yes,No,Yes,No,Yes,Month-to-month,Yes,Credit card (automatic),84.74,587.14,Yes
4376-IYE,Male,0,No,Yes,26,Yes,No,Fiber optic,No,Yes,No,Yes,Yes,Yes,Month-to-month,No,Credit card (automatic),113.85,2962.13,Yes
6645-JBL,Male,0,Yes,Yes,39,Yes,Yes,Fiber optic,No,No,No,No,Yes,No,Two year,Yes,Electronic check,91.06,3555.71,Yes
4486-KES,Male,1,Yes,No,27,Yes,No,DSL,Yes,Yes,Yes,Yes,No,No,Month-to-month,Yes,Credit card (automatic),46.07,1245.32,Yes
4584-LHZ,Female,0,No,No,67,Yes,No,Fiber optic,No,No,No,No,Yes,No,Month-to-month,No,Electronic check,98.49,6592.17,Yes
9053-MKG,Male,0,Yes,No,60,Yes,Yes,Fiber optic,Yes,No,No,Yes,No,No,Month-to-month,No,Electronic check,104.93,6292.04,No
4330-NNN,Male,1,No,Yes,37,Yes,Yes,DSL,Yes,No,No,No,Yes,No,Month-to-month,No,Bank transfer (automatic),44.22,1640.24,Yes
3703-OQU,Male,1,No,Yes,23,Yes,Yes,DSL,No,Yes,Yes,No,No,No,One year,No,Bank transfer (automatic),57.58,1315.99,No
9662-PTB,Female,0,No,No,27,Yes,Yes,DSL,No,No,Yes,No,No,No,Two year,Yes,Electronic check,47.87,1296.16,No
9120-QWI,Female,0,No,No,40,Yes,Yes,DSL,Yes,Yes,No,Yes,Yes,Yes,Month-to-month,Yes,Electronic check,80.04,3208.69,Yes
8114-RZP,Female,0,Yes,Yes,17,Yes,Yes,Fiber optic,No,Yes,No,Yes,Yes,No,Month-to-month,No,Bank transfer (automatic),72.04,1230.52,Yes
2353-SCW,Male,0,No,No,48,Yes,No,DSL,Yes,Yes,No,No,Yes,Yes,Two year,No,Electronic check,82.97,3984.07,No
6063-TFD,Male,0,Yes,No,25,Yes,Yes,DSL,No,No,No,No,No,No,One year,Yes,Electronic check,45.44,1143.89,No
9549-UIK,Male,0,Yes,No,2,Yes,Yes,Fiber optic,Yes,Yes,Yes,Yes,Yes,No,Two year,No,Mailed check,71.65,134.46,No
8575-VLR,Female,1,Yes,No,37,Yes,No,No,No internet service,No internet service,No internet service,No internet service,No internet service,No internet service,Two year,No,Credit card (automatic),21.18,784.28,No
1667-WOY,Female,0,No,Yes,13,Yes,No,Fiber optic,No,No,No,Yes,No,Yes,Month-to-month,Yes,Credit card (automatic),87.21,1139.18,Yes
5468-XRF,Female,0,No,No,0,Yes,No,Fiber optic,Yes,Yes,No,No,No,Yes,Month-to-month,No,Electronic check,72.39, ,No
7819-YUM,Female,0,Yes,No,10,No,No phone service,DSL,Yes,No,No,No,Yes,No,Two year,No,Electronic check,76.45,763.67,No
4719-ZXT,Female,0,No,Yes,39,Yes,No,No,No internet service,No internet service,No internet service,No internet service,No internet service,No internet service,Month-to-month,Yes,Mailed check,18.69,738.66,No
3745-AAA,Male,0,Yes,No,3,Yes,No,Fiber optic,Yes,No,Yes,No,No,Yes,Month-to-month,Yes,Mailed check,72.95,209.22,Yes
8483-BDH,Male,0,No,No,33,No,No phone service,Fiber optic,No,No,No,No,Yes,No,Month-to-month,Yes,Bank transfer (automatic),93.68,3088.08,No
1539-CGO,Male,0,Yes,No,64,Yes,No,Fiber optic,Yes,Yes,Yes,Yes,Yes,Yes,Month-to-month,Yes,Credit card (automatic),87.02,5577.13,Yes
5964-DJV,Female,0,No,Yes,55,Yes,Yes,DSL,Yes,Yes,Yes,No,Yes,No,Two year,Yes,Bank transfer (automatic),49.8,2732.4,No
5835-EMC,Female,0,No,No,9,Yes,Yes,DSL,Yes,No,Yes,Yes,Yes,No,Two year,Yes,Electronic check,49.03,440.45,No
4775-FPJ,Female,0,Yes,No,70,No,No phone service,DSL,Yes,No,Yes,Yes,Yes,Yes,Two year,Yes,Mailed check,83.76,5868.01,No
7042-GSQ,Male,0,No,Yes,63,Yes,No,Fiber optic,No,No,No,No,No,Yes,Month-to-month,Yes,Mailed check,101.37,6386.29,No
8102-HVX,Female,0,Yes,No,12,No,No phone service,Fiber optic,No,Yes,Yes,Yes,Yes,No,One year,Yes,Credit card (automatic),80.19,959.92,No
8312-IYE,Male,0,No,No,21,Yes,Yes,Fiber optic,No,No,Yes,Yes,No,No,Month-to-month,No,Mailed check,85.66,1789.26,No
6320-JBL,Female,0,No,No,55,Yes,No,DSL,No,No,No,No,Yes,No,Month-to-month,Yes,Bank transfer (automatic),71.14,3918.54,No
7132-KES,Male,0,No,No,64,Yes,Yes,DSL,No,No,No,No,Yes,No,Two year,Yes,Electronic check,47.58,3049.36,No
8891-LHZ,Male,0,Yes,Yes,12,Yes,No,DSL,No,Yes,Yes,No,Yes,Yes,Two year,Yes,Mailed check,58.65,712.01,No
3779-MKG,Female,0,No,Yes,0,Yes,Yes,DSL,No,No,Yes,No,Yes,Yes,Month-to-month,Yes,Electronic check,45.15, ,No
1924-NNN,Male,0,Yes,Yes,37,Yes,Yes,DSL,Yes,No,Yes,No,Yes,Yes,Month-to-month,No,Electronic check,68.83,2554.81,No
2581-OQU,Female,1,No,No,57,Yes,No,No,No internet service,No internet service,No internet service,No internet service,No internet service,No internet service,Month-to-month,No,Mailed check,24.02,1376.18,No
8714-PTB,Male,0,No,No,24,Yes,No,DSL,Yes,No,No,No,No,Yes,Month-to-month,Yes,Bank transfer (automatic),80.99,1941.0,Yes
4324-QWI,Female,0,No,No,41,Yes,Yes,DSL,No,Yes,No,No,No,No,Month-to-month,Yes,Credit card (automatic),70.43,2886.21,Yes
6713-RZP,Female,0,No,Yes,32,Yes,Yes,DSL,No,Yes,No,No,Yes,Yes,Two year,No,Electronic check,77.16,2477.59,No
8026-SCW,Male,0,Yes,No,56,Yes,Yes,No,No internet service,No internet service,No internet service,No internet service,No internet service,No internet service,Two year,Yes,Electronic check,23.39,1302.83,No
1255-TFD,Male,0,No,Yes,36,Yes,Yes,No,No internet service,No internet service,No internet service,No internet service,No internet service,No internet service,Two year,No,Mailed check,18.39,652.55,No
5804-UIK,Female,0,Yes,No,56,Yes,Yes,DSL,Yes,No,Yes,Yes,No,Yes,Two year,Yes,Electronic check,51.01,2859.46,Yes
2838-VLR,Male,0,Yes,Yes,61,Yes,No,Fiber optic,No,No,No,No,No,No,One year,Yes,Credit card (automatic),73.21,4462.42,Yes
1009-WOY,Female,0,No,No,2,Yes,No,DSL,Yes,No,No,No,No,Yes,One year,No,Credit card (automatic),55.48,104.86,Yes
3871-XRF,Female,1,No,No,29,Yes,No,DSL,No,Yes,Yes,No,No,No,Month-to-month,No,Credit card (automatic),47.45,1374.49,No
9989-YUM,Male,0,Yes,Yes,66,Yes,No,No,No internet service,No internet service,No internet service,No internet service,No internet service,No internet service,Month-to-month,No,Bank transfer (automatic),21.69,1426.42,No
8409-ZXT,Female,0,No,No,62,No,No phone service,Fiber optic,Yes,No,No,No,Yes,No,Month-to-month,No,Credit card (automatic),79.35,4915.15,Yes
8418-AAA,Female,0,Yes,No,22,Yes,No,No,No internet service,No internet service,No internet service,No internet service,No internet service,No internet service,Month-to-month,No,Credit card (automatic),19.4,420.96,No
6124-BDH,Male,0,Yes,No,71,Yes,No,DSL,No,Yes,No,Yes,No,No,Month-to-month,Yes,Mailed check,84.36,5994.81,Yes
2015-CGO,Female,0,Yes,No,72,Yes,No,No,No internet service,No internet service,No internet service,No internet service,No internet service,No internet service,Month-to-month,Yes,Bank transfer (automatic),24.43,1768.21,No
3193-DJV,Male,0,No,No,65,Yes,Yes,No,No internet service,No internet service,No internet service,No internet service,No internet service,No internet service,Month-to-month,Yes,Electronic check,19.6,1276.77,No
9415-EMC,Female,0,No,No,60,Yes,No,No,No internet service,No internet service,No internet service,No internet service,No internet service,No internet service,Month-to-month,Yes,Credit card (automatic),19.65,1180.13,Yes
8449-FPJ,Female,0,No,No,1,Yes,No,Fiber optic,No,No,No,No,Yes,No,Month-to-month,Yes,Credit card (automatic),105.75,113.51,Yes
5158-GSQ,Female,0,Yes,No,26,Yes,Yes,Fiber optic,No,No,Yes,No,Yes,Yes,Month-to-month,Yes,Credit card (automatic),101.99,2642.19,Yes
4925-HVX,Male,0,No,No,47,Yes,No,DSL,Yes,No,Yes,No,No,No,One year,No,Electronic check,56.41,2645.55,Yes
7970-IYE,Male,0,Yes,No,62,Yes,Yes,Fiber optic,No,Yes,No,Yes,No,Yes,Two year,No,Electronic check,112.21,6956.3,No
7938-JBL,Female,0,No,Yes,4,Yes,Yes,No,No internet service,No internet service,No internet service,No internet service,No internet service,No internet service,Month-to-month,No,Electronic check,19.07,68.39,Yes
5784-KES,Female,0,No,Yes,0,Yes,Yes,DSL,No,Yes,No,No,No,No,Two year,No,Mailed check,75.78, ,No
5000-LHZ,Male,1,Yes,No,21,Yes,No,Fiber optic,No,No,No,No,Yes,No,One year,Yes,Electronic check,114.21,2396.31,Yes
2633-MKG,Female,0,No,No,23,No,No phone service,DSL,Yes,No,No,Yes,No,No,Month-to-month,Yes,Credit card (automatic),50.19,1152.01,No
8266-NNN,Male,1,No,No,58,Yes,No,DSL,No,No,Yes,No,Yes,Yes,Month-to-month,No,Bank transfer (automatic),66.84,3885.65,No
9702-OQU,Female,0,Yes,Yes,49,Yes,Yes,Fiber optic,No,No,No,No,No,No,One year,No,Bank transfer (automatic),72.78,3559.5,No
1384-PTB,Male,0,No,No,22,Yes,No,Fiber optic,No,No,No,No,Yes,No,Two year,No,Mailed check,109.48,2408.08,No
1404-QWI,Female,1,No,Yes,17,Yes,No,Fiber optic,No,No,No,No,Yes,Yes,Month-to-month,Yes,Mailed check,105.48,1785.32,Yes
9175-RZP,Male,0,Yes,No,21,Yes,Yes,DSL,No,No,Yes,No,No,No,One year,No,Mailed check,63.23,1333.54,No
3000-SCW,Male,0,No,Yes,43,Yes,No,Fiber optic,No,Yes,No,Yes,Yes,No,Month-to-month,No,Mailed check,84.21,3626.02,Yes
6989-TFD,Female,0,No,No,43,Yes,Yes,Fiber optic,No,No,Yes,Yes,Yes,Yes,Month-to-month,Yes,Bank transfer (automatic),78.75,3395.62,No
2460-UIK,Female,0,Yes,No,36,Yes,Yes,No,No internet service,No internet service,No internet service,No internet service,No internet service,No internet service,Month-to-month,Yes,Electronic check,23.13,829.84,Yes
8190-VLR,Male,0,Yes,No,6,Yes,Yes,Fiber optic,Yes,No,Yes,No,No,No,Month-to-month,Yes,Bank transfer (automatic),103.8,632.59,Yes
8140-WOY,Male,0,No,No,23,Yes,No,DSL,No,No,Yes,No,No,Yes,One year,Yes,Bank transfer (automatic),65.36,1507.15,No
4636-XRF,Female,1,No,No,40,Yes,Yes,DSL,Yes,Yes,No,No,No,Yes,Month-to-month,Yes,Mailed check,49.82,1984.47,No
5809-YUM,Female,0,Yes,No,69,Yes,No,DSL,Yes,No,No,No,No,No,One year,Yes,Credit card (automatic),46.12,3173.1,No
5178-ZXT,Male,0,Yes,No,70,Yes,No,Fiber optic,No,No,Yes,Yes,No,Yes,Month-to-month,Yes,Bank transfer (automatic),71.62,5005.83,No
8245-AAA,Female,0,No,No,17,Yes,Yes,No,No internet service,No internet service,No internet service,No internet service,No internet service,No internet service,Month-to-month,Yes,Bank transfer (automatic),24.21,401.57,No
7600-BDH,Male,0,Yes,Yes,71,Yes,No,Fiber optic,Yes,No,No,No,No,No,Month-to-month,Yes,Credit card (automatic),76.01,5400.57,No
6997-CGO,Female,0,Yes,No,59,Yes,No,Fiber optic,Yes,Yes,Yes,Yes,No,No,One year,No,Mailed check,93.71,5538.04,Yes
3048-DJV,Male,0,No,No,51,Yes,Yes,DSL,Yes,No,Yes,Yes,No,No,Two year,Yes,Electronic check,77.83,3960.2,No
5780-EMC,Male,0,No,Yes,48,Yes,No,No,No internet service,No internet service,No internet service,No internet service,No internet service,No internet service,Month-to-month,Yes,Mailed check,21.36,1019.25,No
1716-FPJ,Male,0,Yes,Yes,66,Yes,Yes,Fiber optic,No,Yes,Yes,No,No,No,Month-to-month,No,Bank transfer (automatic),70.55,4665.5,No
8939-GSQ,Female,0,Yes,Yes,44,Yes,No,DSL,No,No,No,No,Yes,No,Month-to-month,No,Mailed check,77.13,3388.7,No
6565-HVX,Male,0,No,No,8,Yes,No,Fiber optic,No,No,Yes,Yes,No,Yes,Two year,No,Electronic check,74.61,604.01,No
5544-IYE,Female,1,Yes,Yes,25,Yes,No,Fiber optic,Yes,No,No,No,No,Yes,One year,No,Electronic check,94.81,2364.17,Yes
5976-JBL,Male,0,Yes,Yes,25,Yes,Yes,DSL,No,No,No,No,Yes,No,Two year,No,Credit card (automatic),77.59,1949.13,No
4419-KES,Male,0,Yes,Yes,29,Yes,Yes,No,No internet service,No internet service,No internet service,No internet service,No internet service,No internet service,Month-to-month,Yes,Electronic check,22.1,638.69,No
8239-LHZ,Female,0,Yes,Yes,26,Yes,No,Fiber optic,No,No,No,Yes,No,No,One year,Yes,Mailed check,79.7,2076.32,Yes
1249-MKG,Male,0,Yes,No,3,Yes,No,Fiber optic,No,Yes,No,No,Yes,No,Month-to-month,Yes,Mailed check,76.1,237.2,Yes
9865-NNN,Female,0,No,No,50,Yes,No,DSL,Yes,Yes,No,No,Yes,Yes,Month-to-month,Yes,Mailed check,84.43,4217.05,No
1770-OQU,Male,0,Yes,No,69,No,No phone service,No,No internet service,No internet service,No internet service,No internet service,No internet service,No internet service,One year,No,Bank transfer (automatic),19.93,1373.8,No
5363-PTB,Male,0,Yes,Yes,9,Yes,No,DSL,Yes,Yes,No,No,No,No,Month-to-month,Yes,Credit card (automatic),44.57,396.6,No
2077-QWI,Male,0,Yes,No,35,Yes,No,Fiber optic,No,No,No,No,No,No,One year,Yes,Credit card (automatic),88.15,3085.02,No
9427-RZP,Female,0,Yes,No,45,No,No phone service,DSL,No,Yes,No,No,No,No,One year,Yes,Electronic check,74.1,3342.61,No
9580-SCW,Female,0,No,No,5,Yes,No,Fiber optic,No,Yes,No,No,Yes,Yes,Month-to-month,Yes,Electronic check,90.25,445.17,Yes
8901-TFD,Male,0,Yes,Yes,69,Yes,No,Fiber optic,Yes,Yes,No,No,No,No,Month-to-month,Yes,Electronic check,77.72,5363.13,No
5858-UIK,Female,0,No,No,2,Yes,Yes,No,No internet service,No internet service,No internet service,No internet service,No internet service,No internet service,Month-to-month,No,Bank transfer (automatic),19.56,32.19,No
7544-VLR,Female,0,Yes,No,49,Yes,No,No,No internet service,No internet service,No internet service,No internet service,No internet service,No internet service,Month-to-month,Yes,Mailed check,23.1,1130.02,No
5719-WOY,Female,0,No,No,41,Yes,No,No,No internet service,No internet service,No internet service,No internet service,No internet service,No internet service,Month-to-month,No,Mailed check,24.55,1000.6,No
3814-XRF,Female,1,Yes,No,53,Yes,No,DSL,No,No,No,Yes,No,Yes,Month-to-month,No,Credit card (automatic),54.99,2909.04,No
4374-YUM,Male,0,Yes,No,38,Yes,No,DSL,No,No,No,Yes,No,No,Month-to-month,No,Mailed check,82.08,3118.44,Yes
2252-ZXT,Female,0,Yes,No,54,Yes,Yes,DSL,No,No,No,No,No,Yes,Month-to-month,Yes,Credit card (automatic),49.26,2664.87,No
7996-AAA,Male,0,Yes,No,10,Yes,No,Fiber optic,Yes,No,No,No,Yes,Yes,Month-to-month,Yes,Mailed check,74.53,737.86,Yes
5673-BDH,Female,0,No,No,29,Yes,No,Fiber optic,Yes,No,No,No,No,No,Month-to-month,Yes,Mailed check,78.29,2276.22,No
5530-CGO,Female,0,Yes,Yes,55,Yes,Yes,Fiber optic,No,No,No,Yes,Yes,Yes,Two year,No,Bank transfer (automatic),89.13,4911.9,No
7881-DJV,Female,0,No,No,28,Yes,No,DSL,No,Yes,No,No,No,Yes,Month-to-month,No,Credit card (automatic),65.94,1842.42,Yes
7949-EMC,Female,0,Yes,No,16,Yes,No,DSL,Yes,No,Yes,No,No,Yes,One year,Yes,Credit card (automatic),53.42,848.7,Yes
7241-FPJ,Female,0,No,No,32,Yes,Yes,Fiber optic,Yes,No,No,No,Yes,No,Month-to-month,No,Mailed check,74.0,2358.55,Yes
9017-GSQ,Male,0,Yes,No,20,Yes,No,No,No internet service,No internet service,No internet service,No internet service,No internet service,No internet service,One year,Yes,Bank transfer (automatic),23.22,458.27,No
7941-HVX,Female,0,No,No,9,Yes,No,DSL,No,No,No,No,No,No,Month-to-month,Yes,Electronic check,56.01,506.06,No
8002-IYE,Female,0,Yes,No,38,Yes,Yes,Fiber optic,No,No,No,No,No,Yes,Month-to-month,No,Electronic check,96.63,3678.86,No
2331-JBL,Female,0,Yes,Yes,46,Yes,No,Fiber optic,No,No,No,No,Yes,Yes,One year,No,Electronic check,107.27,4924.52,No
5261-KES,Female,0,Yes,Yes,51,Yes,Yes,Fiber optic,Yes,No,Yes,Yes,Yes,No,Two year,Yes,Electronic check,75.14,3834.75,No
8648-LHZ,Male,0,No,Yes,40,Yes,Yes,No,No internet service,No internet service,No internet service,No internet service,No internet service,No internet service,Two year,No,Mailed check,21.71,861.32,No
6115-MKG,Male,0,No,No,46,Yes,Yes,Fiber optic,Yes,No,No,No,Yes,No,Month-to-month,No,Bank transfer (automatic),110.69,5097.72,Yes
5637-NNN,Female,1,Yes,No,72,Yes,Yes,Fiber optic,No,No,No,No,No,Yes,Month-to-month,No,Electronic check,87.53,6296.52,No
5854-OQU,Female,0,Yes,No,70,Yes,No,Fiber optic,No,Yes,Yes,No,Yes,No,One year,Yes,Electronic check,95.9,6704.34,No
4177-PTB,Male,0,Yes,No,42,Yes,No,Fiber optic,No,No,Yes,No,Yes,Yes,Month-to-month,No,Mailed check,115.82,4874.05,Yes
8730-QWI,Female,0,Yes,No,36,Yes,No,DSL,Yes,No,No,No,No,No,One year,Yes,Credit card (automatic),74.52,2682.02,No
3180-RZP,Male,0,No,No,72,Yes,Yes,Fiber optic,Yes,No,No,Yes,No,No,Two year,Yes,Electronic check,89.07,6410.58,No
5892-SCW,Female,0,Yes,No,63,Yes,No,Fiber optic,Yes,No,No,No,No,No,Month-to-month,Yes,Bank transfer (automatic),77.05,4855.66,Yes
8043-TFD,Male,0,Yes,Yes,70,Yes,Yes,No,No internet service,No internet service,No internet service,No internet service,No internet service,No internet service,Two year,No,Bank transfer (automatic),20.09,1407.42,No
1137-UIK,Male,0,No,Yes,59,Yes,No,DSL,No,Yes,Yes,No,No,No,Month-to-month,Yes,Electronic check,66.68,3925.04,No
7327-VLR,Male,0,Yes,No,24,Yes,Yes,Fiber optic,Yes,No,No,Yes,No,Yes,Month-to-month,Yes,Electronic check,78.12,1871.8,Yes
4472-WOY,Female,0,Yes,No,21,Yes,Yes,DSL,No,No,No,Yes,No,Yes,Month-to-month,No,Bank transfer (automatic),58.61,1233.03,Yes
6449-XRF,Female,0,No,No,42,No,No phone service,Fiber optic,No,No,Yes,Yes,Yes,No,Month-to-month,Yes,Mailed check,101.84,4286.17,Yes
3832-YUM,Female,1,Yes,No,70,No,No phone service,No,No internet service,No internet service,No internet service,No internet service,No internet service,No internet service,Month-to-month,Yes,Electronic check,24.54,1720.84,Yes
4579-ZXT,Female,0,No,No,69,Yes,No,Fiber optic,No,No,Yes,No,Yes,No,Month-to-month,Yes,Bank transfer (automatic),80.97,5580.31,No
6971-AAA,Female,0,No,No,35,Yes,Yes,Fiber optic,No,No,No,Yes,Yes,Yes,Month-to-month,No,Mailed check,82.39,2873.84,Yes
5164-BDH,Female,0,Yes,No,45,Yes,No,DSL,Yes,No,No,Yes,No,Yes,Month-to-month,No,Bank transfer (automatic),72.1,3250.23,Yes
8941-CGO,Male,0,Yes,No,21,No,No phone service,Fiber optic,Yes,No,Yes,No,No,No,One year,Yes,Electronic check,75.87,1599.92,No
6569-DJV,Male,0,Yes,Yes,34,Yes,Yes,DSL,Yes,Yes,No,Yes,Yes,No,Two year,No,Electronic check,50.77,1719.85,No
5300-EMC,Female,0,Yes,Yes,46,Yes,Yes,No,No internet service,No internet service,No internet service,No internet service,No internet service,No internet service,Month-to-month,No,Electronic check,19.43,890.2,Yes
7269-FPJ,Female,0,No,No,32,Yes,Yes,Fiber optic,No,No,No,No,Yes,Yes,One year,No,Mailed check,101.72,3260.76,No
4818-GSQ,Male,0,Yes,No,12,No,No phone service,DSL,No,Yes,No,Yes,No,No,Two year,Yes,Bank transfer (automatic),63.14,761.36,No
2906-HVX,Female,0,No,No,55,Yes,No,Fiber optic,No,Yes,No,No,Yes,No,Month-to-month,Yes,Bank transfer (automatic),75.97,4170.99,No
7254-IYE,Male,0,No,Yes,66,Yes,No,DSL,No,No,No,Yes,No,No,One year,No,Mailed check,55.19,3645.81,No
1760-JBL,Female,0,No,No,12,Yes,Yes,Fiber optic,Yes,Yes,Yes,No,No,Yes,One year,No,Mailed check,92.47,1113.82,No
8830-KES,Female,0,No,No,49,No,No phone service,Fiber optic,No,No,No,No,Yes,Yes,Month-to-month,Yes,Bank transfer (automatic),85.09,4179.19,No
8350-LHZ,Female,0,No,No,56,No,No phone service,No,No internet service,No internet service,No internet service,No internet service,No internet service,No internet service,Two year,Yes,Electronic check,21.06,1187.21,No
7238-MKG,Female,0,No,No,27,Yes,No,Fiber optic,Yes,Yes,Yes,No,No,No,Month-to-month,No,Electronic check,114.7,3087.63,No
7090-NNN,Male,1,No,Yes,64,No,No phone service,No,No internet service,No internet service,No internet service,No internet service,No internet service,No internet service,Two year,Yes,Electronic check,24.77,1577.41,No
7031-OQU,Male,0,Yes,Yes,23,Yes,No,DSL,No,Yes,Yes,Yes,No,Yes,One year,No,Electronic check,84.68,1945.7,No
8687-PTB,Female,0,No,Yes,66,Yes,Yes,Fiber optic,No,No,No,No,No,Yes,Month-to-month,No,Electronic check,71.27,4700.23,No
9472-QWI,Male,0,No,Yes,6,Yes,Yes,Fiber optic,No,Yes,Yes,No,No,No,One year,No,Mailed check,104.84,621.13,Yes
2887-RZP,Female,0,Yes,No,23,Yes,No,DSL,Yes,Yes,Yes,Yes,Yes,No,Two year,Yes,Electronic check,82.34,1899.01,No
4266-SCW,Male,0,No,Yes,8,Yes,No,DSL,Yes,No,No,No,No,No,Two year,No,Bank transfer (automatic),81.07,644.41,No
1666-TFD,Male,0,No,No,14,Yes,Yes,DSL,No,Yes,Yes,Yes,No,No,One year,Yes,Electronic check,45.02,637.23,Yes
5188-UIK,Female,0,No,Yes,55,Yes,No,DSL,No,Yes,No,No,No,No,Month-to-month,Yes,Electronic check,77.1,4237.57,No
1671-VLR,Female,1,Yes,Yes,16,Yes,No,Fiber optic,Yes,No,No,No,Yes,Yes,Month-to-month,No,Bank transfer (automatic),92.37,1482.81,No
7777-WOY,Female,0,No,No,18,No,No phone service,Fiber optic,No,Yes,No,Yes,No,No,Two year,Yes,Bank transfer (automatic),111.45,2000.31,Yes
8570-XRF,Male,1,No,No,8,Yes,Yes,DSL,Yes,No,Yes,No,No,Yes,Two year,Yes,Electronic check,73.34,586.14,No
8956-YUM,Male,0,No,No,63,Yes,Yes,DSL,Yes,Yes,No,Yes,Yes,No,Month-to-month,No,Bank transfer (automatic),62.04,3909.6,No
6124-ZXT,Male,0,No,No,56,Yes,No,DSL,No,Yes,No,No,Yes,No,Month-to-month,No,Electronic check,56.11,3141.1,No
6585-AAA,Male,0,Yes,Yes,37,No,No phone service,Fiber optic,Yes,No,No,Yes,Yes,No,One year,No,Credit card (automatic),70.04,2597.04,Yes
5777-BDH,Female,0,Yes,No,7,Yes,Yes,Fiber optic,No,No,No,No,No,No,Month-to-month,No,Electronic check,96.34,677.62,Yes
4900-CGO,Female,0,No,No,5,Yes,No,No,No internet service,No internet service,No internet service,No internet service,No internet service,No internet service,Month-to-month,Yes,Mailed check,20.94,106.34,Yes
7677-DJV,Male,1,Yes,Yes,48,Yes,No,No,No internet service,No internet service,No internet service,No internet service,No internet service,No internet service,One year,Yes,Credit card (automatic),20.54,980.55,Yes
7981-EMC,Female,0,No,No,44,Yes,Yes,No,No internet service,No internet service,No internet service,No internet service,No internet service,No internet service,One year,Yes,Bank transfer (automatic),21.41,942.54,No
7376-FPJ,Male,0,Yes,No,20,No,No phone service,Fiber optic,No,Yes,Yes,Yes,No,No,Month-to-month,Yes,Bank transfer (automatic),93.22,1868.47,Yes
1523-GSQ,Female,0,Yes,Yes,33,Yes,Yes,Fiber optic,Yes,Yes,Yes,No,Yes,No,Two year,No,Bank transfer (automatic),98.1,3246.14,No
3393-HVX,Female,0,Yes,No,11,Yes,No,DSL,Yes,No,No,No,Yes,No,Two year,No,Mailed check,71.0,773.77,No
3593-IYE,Female,0,Yes,Yes,38,Yes,Yes,DSL,No,No,No,No,No,No,Month-to-month,Yes,Electronic check,50.71,1934.31,Yes
8240-JBL,Male,0,Yes,No,5,Yes,No,Fiber optic,No,Yes,Yes,Yes,No,No,Month-to-month,No,Mailed check,80.82,396.51,Yes
7937-KES,Female,0,Yes,No,31,Yes,No,DSL,No,Yes,No,No,No,No,Month-to-month,Yes,Electronic check,62.73,1948.28,No
7190-LHZ,Male,1,Yes,Yes,59,Yes,Yes,Fiber optic,No,No,No,No,No,Yes,Month-to-month,No,Electronic check,82.96,4897.46,Yes
6240-MKG,Female,0,No,No,7,No,No phone service,Fiber optic,No,No,No,No,No,Yes,Month-to-month,Yes,Electronic check,108.74,768.67,Yes
7493-NNN,Male,1,No,No,37,Yes,Yes,DSL,No,Yes,No,No,No,No,One year,Yes,Mailed check,63.73,2349.2,No
3878-OQU,Male,0,Yes,Yes,18,Yes,No,Fiber optic,Yes,Yes,Yes,Yes,No,No,Month-to-month,No,Electronic check,96.1,1737.51,No
5143-PTB,Female,0,No,No,54,Yes,No,DSL,Yes,No,No,Yes,Yes,No,One year,No,Bank transfer (automatic),66.99,3613.99,No
4644-QWI,Male,0,Yes,No,8,Yes,No,Fiber optic,No,Yes,No,No,No,Yes,Month-to-month,No,Credit card (automatic),105.4,842.8,Yes
5432-RZP,Female,0,Yes,No,51,Yes,Yes,Fiber optic,No,Yes,Yes,No,No,No,One year,Yes,Electronic check,104.43,5333.07,No
2276-SCW,Female,0,No,Yes,27,Yes,No,No,No internet service,No internet service,No internet service,No internet service,No internet service,No internet service,Two year,No,Bank transfer (automatic),22.89,618.98,No
6811-TFD,Female,1,Yes,No,61,Yes,No,DSL,No,Yes,No,No,No,No,One year,No,Electronic check,47.34,2884.53,No
1302-UIK,Male,0,Yes,Yes,47,Yes,No,No,No internet service,No internet service,No internet service,No internet service,No internet service,No internet service,One year,Yes,Mailed check,23.32,1101.63,No
1638-VLR,Male,1,Yes,No,38,Yes,Yes,DSL,No,Yes,No,Yes,Yes,No,Two year,No,Credit card (automatic),76.43,2895.68,No
1055-WOY,Male,0,No,No,52,No,No phone service,DSL,No,Yes,No,No,No,Yes,Two year,Yes,Bank transfer (automatic),70.33,3660.55,No
9717-XRF,Male,0,Yes,No,62,Yes,No,No,No internet service,No internet service,No internet service,No internet service,No internet service,No internet service,Month-to-month,Yes,Bank transfer (automatic),24.0,1478.03,Yes
9150-YUM,Male,0,No,No,18,Yes,Yes,Fiber optic,Yes,No,Yes,No,Yes,No,Two year,Yes,Electronic check,84.89,1518.8,No
3125-ZXT,Female,0,Yes,No,32,Yes,No,Fiber optic,Yes,No,No,No,Yes,Yes,Two year,Yes,Credit card (automatic),73.82,2371.49,Yes
1364-AAA,Male,0,Yes,No,63,Yes,No,No,No internet service,No internet service,No internet service,No internet service,No internet service,No internet service,Two year,Yes,Electronic check,20.31,1279.01,No
7809-BDH,Female,1,No,No,25,Yes,No,Fiber optic,No,No,No,No,No,No,Month-to-month,Yes,Bank transfer (automatic),105.11,2618.94,No
5621-CGO,Male,0,Yes,No,44,Yes,No,DSL,No,No,Yes,Yes,No,Yes,One year,Yes,Mailed check,75.7,3338.59,No
6126-DJV,Male,1,No,No,0,Yes,No,No,No internet service,No internet service,No internet service,No internet service,No internet service,No internet service,One year,Yes,Mailed check,22.43, ,No
6122-EMC,Male,0,No,Yes,65,Yes,No,No,No internet service,No internet service,No internet service,No internet service,No internet service,No internet service,Month-to-month,Yes,Mailed check,19.39,1252.75,No
2646-FPJ,Male,0,Yes,No,34,Yes,Yes,No,No internet service,No internet service,No internet service,No internet service,No internet service,No internet service,One year,No,Bank transfer (automatic),23.21,779.84,No
1918-GSQ,Female,0,Yes,No,44,Yes,Yes,DSL,No,No,Yes,No,Yes,Yes,Two year,Yes,Electronic check,44.45,1953.65,No
3797-HVX,Male,0,No,No,32,Yes,Yes,DSL,Yes,Yes,Yes,Yes,No,Yes,Month-to-month,Yes,Electronic check,46.39,1477.74,Yes
7506-IYE,Female,0,Yes,Yes,68,Yes,No,Fiber optic,No,No,No,No,Yes,No,Two year,No,Mailed check,74.55,5060.93,No
6870-JBL,Male,1,Yes,No,30,Yes,Yes,Fiber optic,Yes,Yes,No,No,Yes,No,One year,No,Electronic check,82.06,2456.31,No
2531-KES,Male,1,Yes,No,63,Yes,No,No,No internet service,No internet service,No internet service,No internet service,No internet service,No internet service,One year,Yes,Mailed check,21.25,1329.99,No
9172-LHZ,Male,0,No,No,14,Yes,Yes,No,No internet service,No internet service,No internet service,No internet service,No internet service,No internet service,Month-to-month,Yes,Bank transfer (automatic),21.9,304.31,No
4345-MKG,Male,0,No,No,45,Yes,No,Fiber optic,Yes,No,No,Yes,No,Yes,One year,Yes,Credit card (automatic),95.08,4286.74,No
8673-NNN,Female,0,No,No,47,Yes,No,Fiber optic,No,Yes,No,No,No,No,One year,Yes,Electronic check,105.44,4951.01,No
7949-OQU,Female,0,Yes,No,67,Yes,No,DSL,No,No,Yes,Yes,Yes,No,Month-to-month,No,Electronic check,49.32,3309.14,No
7882-PTB,Male,0,No,Yes,39,Yes,Yes,DSL,No,No,Yes,No,No,Yes,Month-to-month,Yes,Mailed check,68.73,2672.02,No
2906-QWI,Female,0,Yes,Yes,0,No,No phone service,No,No internet service,No internet service,No internet service,No internet service,No internet service,No internet service,Month-to-month,Yes,Bank transfer (automatic),21.44, ,Yes
4086-RZP,Female,0,Yes,No,19,Yes,No,Fiber optic,No,Yes,Yes,Yes,No,No,Month-to-month,Yes,Credit card (automatic),103.06,1948.82,No
9152-SCW,Male,0,No,No,21,Yes,Yes,No,No internet service,No internet service,No internet service,No internet service,No internet service,No internet service,Two year,Yes,Credit card (automatic),24.83,515.93,No
6750-TFD,Male,0,No,No,53,Yes,Yes,DSL,No,Yes,No,No,Yes,No,Month-to-month,Yes,Mailed check,59.23,3143.51,No
9905-UIK,Male,0,No,No,64,Yes,Yes,No,No internet service,No internet service,No internet service,No internet service,No internet service,No internet service,Month-to-month,Yes,Mailed check,19.91,1268.71,No
2062-VLR,Female,0,Yes,Yes,14,Yes,No,DSL,No,Yes,No,No,Yes,Yes,Two year,Yes,Mailed check,79.19,1100.72,No
2976-WOY,Male,0,No,No,60,Yes,No,Fiber optic,No,No,Yes,No,Yes,No,Month-to-month,No,Mailed check,84.22,5051.02,No
2296-XRF,Female,0,No,Yes,13,Yes,Yes,No,No internet service,No internet service,No internet service,No internet service,No internet service,No internet service,Month-to-month,Yes,Electronic check,24.06,315.68,Yes
7229-YUM,Male,1,Yes,No,68,Yes,No,Fiber optic,No,No,No,No,Yes,No,Month-to-month,No,Electronic check,72.77,4952.74,Yes
8641-ZXT,Female,0,Yes,No,48,Yes,Yes,No,No internet service,No internet service,No internet service,No internet service,No internet service,No internet service,Two year,Yes,Mailed check,18.68,888.7,No
1125-AAA,Male,0,Yes,No,5,Yes,Yes,Fiber optic,No,Yes,Yes,Yes,Yes,No,Month-to-month,Yes,Bank transfer (automatic),100.56,495.78,Yes
5632-BDH,Male,0,Yes,No,40,Yes,No,DSL,No,Yes,No,No,Yes,No,Month-to-month,No,Credit card (automatic),55.61,2214.55,No
7288-CGO,Female,0,No,No,30,Yes,No,Fiber optic,No,No,Yes,No,No,No,One year,No,Bank transfer (automatic),89.11,2682.0,No
4596-DJV,Male,0,Yes,No,63,Yes,Yes,Fiber optic,Yes,Yes,No,Yes,No,No,One year,Yes,Bank transfer (automatic),70.87,4463.41,No
7168-EMC,Male,0,No,No,50,No,No phone service,DSL,No,No,No,Yes,Yes,No,Month-to-month,No,Mailed check,65.33,3256.52,No
8561-FPJ,Female,0,No,No,58,Yes,Yes,Fiber optic,Yes,No,No,Yes,Yes,No,Month-to-month,Yes,Electronic check,70.69,4102.81,Yes
9258-GSQ,Male,1,No,No,54,Yes,Yes,No,No internet service,No internet service,No internet service,No internet service,No internet service,No internet service,Month-to-month,Yes,Bank transfer (automatic),24.03,1301.72,Yes
1232-HVX,Female,0,Yes,No,48,Yes,No,DSL,No,Yes,Yes,Yes,No,No,One year,Yes,Electronic check,71.68,3437.12,No
7371-IYE,Male,1,No,No,39,Yes,Yes,No,No internet service,No internet service,No internet service,No internet service,No internet service,No internet service,Month-to-month,Yes,Bank transfer (automatic),21.21,817.66,Yes
5206-JBL,Male,1,Yes,No,14,Yes,Yes,No,No internet service,No internet service,No internet service,No internet service,No internet service,No internet service,Month-to-month,Yes,Bank transfer (automatic),22.57,325.87,No
8943-KES,Female,0,No,No,69,Yes,Yes,DSL,Yes,No,No,Yes,No,No,Two year,Yes,Electronic check,63.32,4364.96,No
7891-LHZ,Male,0,No,No,64,No,No phone service,Fiber optic,No,No,No,Yes,No,No,Month-to-month,No,Electronic check,77.91,4977.88,No
7738-MKG,Female,0,Yes,No,6,Yes,No,DSL,No,No,Yes,Yes,No,Yes,One year,Yes,Credit card (automatic),65.97,405.04,No
3472-NNN,Female,0,No,No,61,Yes,Yes,DSL,Yes,Yes,No,No,No,No,One year,No,Credit card (automatic),81.64,4974.33,No
3739-OQU,Male,1,No,Yes,53,Yes,Yes,Fiber optic,No,Yes,No,Yes,No,No,One year,No,Bank transfer (automatic),100.94,5352.71,No
6401-PTB,Male,0,No,No,51,No,No phone service,Fiber optic,No,Yes,Yes,No,No,No,Month-to-month,No,Mailed check,109.95,5607.38,No
2761-QWI,Female,0,No,Yes,50,No,No phone service,DSL,No,No,No,No,No,No,Two year,Yes,Credit card (automatic),54.28,2719.66,No
1876-RZP,Female,1,No,No,3,No,No phone service,Fiber optic,No,No,Yes,No,Yes,No,Month-to-month,Yes,Electronic check,90.21,262.8,Yes
4812-SCW,Female,1,Yes,No,0,Yes,Yes,Fiber optic,Yes,Yes,Yes,No,Yes,Yes,One year,No,Credit card (automatic),83.48, ,No
2460-TFD,Male,0,No,No,65,Yes,Yes,Fiber optic,Yes,No,No,Yes,Yes,No,Month-to-month,No,Electronic check,106.71,6941.43,No
2733-UIK,Female,1,No,No,34,Yes,No,Fiber optic,No,Yes,No,Yes,Yes,No,Month-to-month,Yes,Credit card (automatic),101.1,3436.19,No
2605-VLR,Female,0,Yes,Yes,9,Yes,Yes,No,No internet service,No internet service,No internet service,No internet service,No internet service,No internet service,Month-to-month,Yes,Electronic check,22.11,191.82,No
6622-WOY,Female,0,No,No,66,Yes,Yes,DSL,No,Yes,No,No,Yes,Yes,Month-to-month,Yes,Credit card (automatic),44.31,2927.53,Yes
7767-XRF,Female,0,No,Yes,67,Yes,Yes,Fiber optic,Yes,Yes,No,No,No,No,Month-to-month,Yes,Credit card (automatic),111.84,7501.39,No
7986-YUM,Female,0,No,Yes,64,Yes,No,No,No internet service,No internet service,No internet service,No internet service,No internet service,No internet service,Month-to-month,Yes,Electronic check,24.41,1558.76,No
4517-ZXT,Female,0,Yes,No,50,Yes,Yes,Fiber optic,Yes,No,No,No,No,No,Month-to-month,No,Mailed check,104.23,5216.85,No
4735-AAA,Female,0,Yes,No,29,Yes,Yes,DSL,No,No,No,Yes,No,Yes,One year,Yes,Electronic check,80.25,2320.24,No
9434-BDH,Female,0,Yes,No,38,Yes,Yes,DSL,No,No,No,No,Yes,No,Two year,Yes,Mailed check,78.39,2988.64,No
3590-CGO,Male,0,Yes,No,9,Yes,No,Fiber optic,Yes,No,Yes,No,Yes,No,Two year,Yes,Electronic check,109.94,993.55,Yes
2063-DJV,Female,0,No,No,43,Yes,Yes,Fiber optic,No,Yes,No,No,No,No,Month-to-month,Yes,Electronic check,105.93,4556.06,No
5324-EMC,Male,0,Yes,No,31,Yes,Yes,Fiber optic,Yes,No,Yes,Yes,No,Yes,Two year,No,Electronic check,73.11,2265.85,Yes
6342-FPJ,Male,0,Yes,No,43,Yes,No,Fiber optic,Yes,No,No,No,Yes,Yes,Two year,No,Mailed check,76.28,3283.11,No
1005-GSQ,Male,0,No,Yes,62,Yes,No,No,No internet service,No internet service,No internet service,No internet service,No internet service,No internet service,Month-to-month,Yes,Bank transfer (automatic),23.94,1490.02,Yes
8489-HVX,Male,0,Yes,No,60,Yes,No,Fiber optic,No,Yes,No,No,Yes,No,Two year,Yes,Electronic check,89.41,5357.05,No
9659-IYE,Female,1,Yes,No,64,Yes,No,Fiber optic,No,No,Yes,No,No,Yes,Month-to-month,Yes,Bank transfer (automatic),106.83,6840.35,Yes
9195-JBL,Female,0,No,No,40,Yes,No,DSL,Yes,Yes,Yes,Yes,Yes,Yes,Month-to-month,No,Electronic check,52.15,2094.38,No
6966-KES,Female,0,No,Yes,11,Yes,No,No,No internet service,No internet service,No internet service,No internet service,No internet service,No internet service,Month-to-month,Yes,Electronic check,22.64,244.52,Yes
9837-LHZ,Female,1,No,No,1,Yes,Yes,DSL,No,No,No,Yes,No,No,One year,No,Mailed check,53.91,59.37,No
1117-MKG,Male,1,No,No,72,Yes,No,No,No internet service,No internet service,No internet service,No internet service,No internet service,No internet service,Month-to-month,No,Electronic check,21.19,1517.81,Yes
3551-NNN,Male,0,Yes,No,59,Yes,No,No,No internet service,No internet service,No internet service,No internet service,No internet service,No internet service,Month-to-month,Yes,Mailed check,20.19,1199.2,No
6560-OQU,Male,0,No,No,24,Yes,Yes,DSL,Yes,No,No,No,No,Yes,One year,Yes,Electronic check,62.36,1487.4,No
5289-PTB,Female,0,Yes,No,60,Yes,Yes,DSL,Yes,No,No,Yes,No,No,One year,No,Mailed check,84.26,5045.78,No
1846-QWI,Male,0,Yes,No,21,Yes,Yes,Fiber optic,No,No,No,No,No,Yes,Month-to-month,Yes,Credit card (automatic),102.5,2150.04,No
7316-RZP,Female,0,Yes,No,55,Yes,Yes,DSL,Yes,No,No,No,Yes,No,Two year,No,Bank transfer (automatic),79.37,4365.95,No
7469-SCW,Female,0,Yes,Yes,20,Yes,Yes,No,No internet service,No internet service,No internet service,No internet service,No internet service,No internet service,Month-to-month,Yes,Mailed check,21.5,429.09,No
9915-TFD,Female,0,Yes,No,54,Yes,No,No,No internet service,No internet service,No internet service,No internet service,No internet service,No internet service,One year,No,Mailed check,18.36,985.09,No
1224-UIK,Male,1,No,No,39,Yes,No,Fiber optic,No,No,No,Yes,No,Yes,One year,No,Mailed check,104.84,4094.8,No
5208-VLR,Female,0,No,No,50,Yes,Yes,No,No internet service,No internet service,No internet service,No internet service,No internet service,No internet service,One year,No,Electronic check,24.78,1243.07,No
7283-WOY,Male,0,Yes,No,21,Yes,Yes,No,No internet service,No internet service,No internet service,No internet service,No internet service,No internet service,Two year,Yes,Mailed check,20.18,431.32,No
3048-XRF,Male,1,No,Yes,27,Yes,No,Fiber optic,Yes,No,No,No,No,No,Two year,Yes,Bank transfer (automatic),102.11,2747.38,No
7233-YUM,Male,0,No,No,3,Yes,Yes,DSL,Yes,No,No,No,No,No,One year,Yes,Credit card (automatic),61.84,182.41,No
2828-ZXT,Female,0,Yes,Yes,25,Yes,Yes,No,No internet service,No internet service,No internet service,No internet service,No internet service,No internet service,Month-to-month,Yes,Bank transfer (automatic),21.9,541.46,No
2917-AAA,Male,0,Yes,Yes,59,Yes,Yes,Fiber optic,Yes,Yes,Yes,No,Yes,Yes,One year,Yes,Bank transfer (automatic),73.35,4330.4,Yes
5234-BDH,Male,0,Yes,No,22,No,No phone service,Fiber optic,No,No,No,No,No,No,Month-to-month,No,Electronic check,106.75,2358.0,Yes
7988-CGO,Female,0,Yes,No,40,Yes,Yes,DSL,No,No,No,Yes,No,Yes,Month-to-month,Yes,Electronic check,79.16,3162.33,No
3026-DJV,Female,0,No,No,57,Yes,No,Fiber optic,Yes,Yes,No,No,Yes,No,One year,No,Electronic check,73.44,4193.18,No
4744-EMC,Female,0,Yes,No,7,Yes,No,DSL,No,Yes,No,No,No,No,Two year,No,Electronic check,66.46,472.56,Yes
1009-FPJ,Female,1,Yes,Yes,50,Yes,No,Fiber optic,No,No,Yes,Yes,Yes,No,One year,Yes,Bank transfer (automatic),107.17,5354.23,No
1260-GSQ,Male,0,Yes,Yes,60,Yes,No,DSL,No,No,No,No,No,Yes,Month-to-month,Yes,Bank transfer (automatic),84.3,5049.56,No
7038-HVX,Male,0,No,No,0,Yes,Yes,No,No internet service,No internet service,No internet service,No internet service,No internet service,No internet service,One year,No,Mailed check,20.45, ,No
3219-IYE,Female,0,Yes,No,29,Yes,No,No,No internet service,No internet service,No internet service,No internet service,No internet service,No internet service,Month-to-month,Yes,Electronic check,20.55,603.27,No
8041-JBL,Male,0,No,Yes,16,Yes,Yes,Fiber optic,No,Yes,No,No,Yes,Yes,One year,Yes,Bank transfer (automatic),112.73,1809.7,No
3060-KES,Male,0,Yes,No,22,Yes,Yes,DSL,No,Yes,No,Yes,No,Yes,One year,Yes,Mailed check,72.79,1603.82,Yes
6287-LHZ,Female,0,No,No,23,Yes,Yes,Fiber optic,No,Yes,No,No,Yes,No,One year,Yes,Electronic check,116.59,2679.24,Yes
2619-MKG,Male,0,No,No,68,Yes,No,No,No internet service,No internet service,No internet service,No internet service,No internet service,No internet service,One year,Yes,Bank transfer (automatic),21.5,1456.33,No
9512-NNN,Male,0,No,Yes,51,Yes,No,Fiber optic,No,Yes,No,No,Yes,Yes,One year,Yes,Electronic check,100.25,5109.32,No
2342-OQU,Male,0,No,No,70,Yes,Yes,DSL,No,No,No,Yes,Yes,Yes,Month-to-month,Yes,Mailed check,47.17,3294.02,No
3832-PTB,Female,0,No,No,57,Yes,Yes,Fiber optic,Yes,Yes,Yes,Yes,No,Yes,Month-to-month,No,Electronic check,117.24,6689.2,No
3824-QWI,Male,0,No,Yes,21,Yes,No,DSL,Yes,No,No,No,No,Yes,Month-to-month,Yes,Electronic check,58.97,1231.13,Yes
2994-RZP,Female,0,No,Yes,58,Yes,No,Fiber optic,No,Yes,Yes,No,Yes,No,Month-to-month,No,Electronic check,97.52,5648.87,No
4490-SCW,Male,0,Yes,Yes,43,Yes,No,No,No internet service,No internet service,No internet service,No internet service,No internet service,No internet service,Month-to-month,No,Electronic check,22.17,961.06,No
8984-TFD,Female,0,No,No,36,Yes,Yes,DSL,No,No,No,Yes,No,Yes,Two year,Yes,Bank transfer (automatic),62.59,2257.02,No
2604-UIK,Male,0,No,No,33,Yes,Yes,No,No internet service,No internet service,No internet service,No internet service,No internet service,No internet service,Month-to-month,No,Electronic check,23.59,773.6,No
1235-VLR,Female,0,Yes,Yes,56,Yes,Yes,DSL,Yes,Yes,No,No,No,No,Month-to-month,Yes,Electronic check,67.84,3794.49,No
2908-WOY,Female,0,No,No,56,Yes,Yes,Fiber optic,No,Yes,No,Yes,Yes,No,One year,No,Credit card (automatic),81.17,4552.85,No
9567-XRF,Male,0,No,No,39,Yes,Yes,Fiber optic,No,No,No,No,Yes,Yes,Two year,No,Credit card (automatic),86.8,3386.95,No
4530-YUM,Female,1,Yes,No,19,Yes,Yes,Fiber optic,Yes,No,No,Yes,Yes,No,Month-to-month,No,Mailed check,116.52,2212.23,No
6256-ZXT,Male,0,No,No,16,Yes,No,No,No internet service,No internet service,No internet service,No internet service,No internet service,No internet service,One year,Yes,Bank transfer (automatic),23.91,390.52,No
3635-AAA,Male,0,No,No,51,Yes,No,No,No internet service,No internet service,No internet service,No internet service,No internet service,No internet service,Month-to-month,Yes,Credit card (automatic),24.78,1257.9,No
9162-BDH,Male,0,Yes,No,3,No,No phone service,No,No internet service,No internet service,No internet service,No internet service,No internet service,No internet service,One year,Yes,Credit card (automatic),19.93,60.67,No
3560-CGO,Female,0,Yes,No,62,Yes,No,DSL,No,Yes,No,No,No,Yes,Month-to-month,Yes,Mailed check,62.12,3860.04,No
6415-DJV,Male,0,No,Yes,49,Yes,No,Fiber optic,Yes,No,No,No,No,No,One year,No,Electronic check,73.52,3602.06,No
4391-EMC,Male,0,No,No,49,Yes,Yes,Fiber optic,No,No,No,No,Yes,No,Two year,Yes,Bank transfer (automatic),92.53,4529.84,No
6951-FPJ,Male,1,No,No,15,Yes,Yes,No,No internet service,No internet service,No internet service,No internet service,No internet service,No internet service,Month-to-month,Yes,Mailed check,19.84,307.49,Yes
6468-GSQ,Female,0,Yes,Yes,71,Yes,No,Fiber optic,Yes,Yes,Yes,Yes,No,No,Month-to-month,Yes,Electronic check,90.29,6411.1,Yes
9007-HVX,Female,0,Yes,Yes,60,Yes,Yes,Fiber optic,Yes,No,Yes,No,No,No,Month-to-month,Yes,Electronic check,84.93,5094.02,Yes
7413-IYE,Male,0,No,No,43,Yes,Yes,DSL,No,No,Yes,No,No,No,Two year,No,Mailed check,45.89,1969.89,No
7941-JBL,Female,0,Yes,Yes,17,Yes,Yes,Fiber optic,Yes,Yes,No,Yes,No,No,Month-to-month,No,Mailed check,83.05,1408.26,No
5820-KES,Female,0,No,Yes,49,Yes,Yes,DSL,Yes,No,Yes,Yes,No,No,Month-to-month,Yes,Mailed check,65.52,3203.68,Yes
3898-LHZ,Female,0,Yes,No,29,No,No phone service,Fiber optic,No,No,No,Yes,No,No,Month-to-month,No,Mailed check,74.2,2157.4,Yes
8546-MKG,Male,0,Yes,No,48,Yes,Yes,Fiber optic,Yes,Yes,No,No,No,Yes,Two year,No,Electronic check,100.47,4820.51,No
1077-NNN,Male,0,Yes,Yes,20,No,No phone service,Fiber optic,No,No,No,Yes,No,No,Month-to-month,No,Electronic check,103.7,2075.36,Yes
8577-OQU,Male,0,Yes,No,21,No,No phone service,DSL,No,Yes,Yes,No,No,Yes,One year,Yes,Bank transfer (automatic),59.74,1258.04,No
5227-PTB,Female,0,No,No,46,Yes,Yes,DSL,Yes,Yes,Yes,No,No,Yes,One year,No,Mailed check,81.27,3738.89,No
1600-QWI,Female,0,Yes,No,24,No,No phone service,Fiber optic,No,Yes,Yes,Yes,No,No,Month-to-month,Yes,Mailed check,74.14,1775.49,Yes
2065-RZP,Male,0,Yes,No,55,Yes,No,Fiber optic,No,Yes,Yes,Yes,Yes,No,Two year,Yes,Bank transfer (automatic),100.52,5534.15,No
3136-SCW,Male,0,Yes,Yes,63,Yes,Yes,No,No internet service,No internet service,No internet service,No internet service,No internet service,No internet service,One year,Yes,Bank transfer (automatic),23.21,1462.88,No
7943-TFD,Male,0,No,Yes,27,No,No phone service,DSL,No,Yes,Yes,No,No,No,Month-to-month,No,Bank transfer (automatic),76.21,2050.53,No
8804-UIK,Male,0,No,No,32,Yes,Yes,DSL,Yes,Yes,Yes,Yes,Yes,No,One year,Yes,Bank transfer (automatic),62.5,1994.86,Yes
7565-VLR,Female,0,Yes,Yes,65,Yes,Yes,DSL,No,No,Yes,No,No,Yes,Month-to-month,Yes,Bank transfer (automatic),54.98,3567.89,Yes
6984-WOY,Male,0,Yes,No,3,Yes,Yes,Fiber optic,No,Yes,No,No,No,No,One year,No,Mailed check,116.93,350.3,Yes
6142-XRF,Female,1,No,No,11,Yes,Yes,No,No internet service,No internet service,No internet service,No internet service,No internet service,No internet service,Month-to-month,Yes,Electronic check,24.51,261.37,Yes
5670-YUM,Female,0,No,No,16,Yes,Yes,No,No internet service,No internet service,No internet service,No internet service,No internet service,No internet service,Two year,Yes,Electronic check,24.9,400.98,No
3190-ZXT,Male,0,Yes,No,35,Yes,Yes,Fiber optic,No,No,No,No,No,No,Month-to-month,No,Credit card (automatic),105.31,3693.18,Yes
3712-AAA,Female,1,Yes,No,15,Yes,No,No,No internet service,No internet service,No internet service,No internet service,No internet service,No internet service,Month-to-month,No,Electronic check,23.53,356.48,Yes
3192-BDH,Female,0,No,No,22,Yes,Yes,DSL,No,No,No,No,No,Yes,Two year,Yes,Bank transfer (automatic),82.13,1802.15,No
2248-CGO,Female,0,No,No,71,Yes,Yes,DSL,Yes,No,No,No,No,Yes,Month-to-month,No,Electronic check,62.17,4413.52,No
5033-DJV,Female,0,No,No,8,No,No phone service,DSL,No,No,Yes,No,Yes,No,Month-to-month,Yes,Credit card (automatic),50.67,400.74,No
2997-EMC,Male,0,Yes,Yes,54,Yes,No,No,No internet service,No internet service,No internet service,No internet service,No internet service,No internet service,Month-to-month,No,Electronic check,22.03,1186.39,No
4687-FPJ,Female,0,Yes,Yes,72,Yes,No,No,No internet service,No internet service,No internet service,No internet service,No internet service,No internet service,Month-to-month,Yes,Credit card (automatic),21.47,1550.56,No
5018-GSQ,Female,0,Yes,Yes,63,Yes,No,Fiber optic,No,No,No,Yes,No,Yes,Month-to-month,No,Credit card (automatic),108.03,6807.45,Yes
2970-HVX,Female,0,Yes,Yes,46,Yes,Yes,DSL,Yes,Yes,Yes,No,No,Yes,Two year,No,Electronic check,74.31,3412.1,No
9389-IYE,Female,1,No,No,66,Yes,Yes,No,No internet service,No internet service,No internet service,No internet service,No internet service,No internet service,Month-to-month,Yes,Credit card (automatic),20.11,1332.03,No
6765-JBL,Female,0,Yes,No,9,Yes,Yes,DSL,Yes,Yes,No,No,Yes,Yes,Two year,No,Electronic check,48.2,443.53,No
2202-KES,Male,0,No,No,3,No,No phone service,No,No internet service,No internet service,No internet service,No internet service,No internet service,No internet service,Two year,No,Bank transfer (automatic),22.13,71.96,No
9135-LHZ,Female,0,No,No,29,No,No phone service,DSL,No,No,No,Yes,Yes,No,Month-to-month,No,Mailed check,71.76,2080.08,Yes
6567-MKG,Male,0,Yes,No,10,Yes,No,DSL,No,Yes,No,No,No,No,Month-to-month,Yes,Credit card (automatic),64.81,642.56,Yes
8667-NNN,Male,1,No,Yes,50,Yes,Yes,DSL,No,No,Yes,No,No,No,Month-to-month,Yes,Mailed check,71.36,3563.63,No
6742-OQU,Male,0,No,No,18,Yes,Yes,DSL,No,Yes,No,No,No,Yes,Month-to-month,Yes,Electronic check,74.83,1338.2,No
6788-PTB,Female,1,No,Yes,12,No,No phone service,DSL,Yes,No,Yes,Yes,Yes,No,Month-to-month,Yes,Electronic check,62.2,742.48,No
6408-QWI,Female,1,Yes,No,56,Yes,No,DSL,No,Yes,No,Yes,Yes,No,Two year,Yes,Electronic check,64.6,3620.64,No
9669-RZP,Male,0,Yes,Yes,2,Yes,No,No,No internet service,No internet service,No internet service,No internet service,No internet service,No internet service,One year,No,Mailed check,22.54,49.76,No
1922-SCW,Male,1,Yes,No,37,Yes,No,Fiber optic,Yes,No,Yes,No,No,Yes,Month-to-month,Yes,Credit card (automatic),100.04,3702.45,Yes
1419-TFD,Male,0,Yes,No,26,No,No phone service,No,No internet service,No internet service,No internet service,No internet service,No internet service,No internet service,Month-to-month,Yes,Mailed check,21.53,567.52,Yes
3204-UIK,Male,0,Yes,No,9,Yes,No,DSL,Yes,Yes,Yes,Yes,Yes,Yes,Month-to-month,Yes,Credit card (automatic),54.39,482.88,Yes
2120-VLR,Male,0,No,Yes,52,Yes,No,No,No internet service,No internet service,No internet service,No internet service,No internet service,No internet service,Month-to-month,Yes,Credit card (automatic),22.85,1188.79,No
1950-WOY,Male,0,Yes,No,26,Yes,Yes,DSL,No,No,Yes,No,No,Yes,One year,Yes,Electronic check,59.91,1550.08,No
3336-XRF,Male,0,No,No,6,Yes,Yes,No,No internet service,No internet service,No internet service,No internet service,No internet service,No internet service,One year,Yes,Credit card (automatic),21.34,123.18,Yes
6373-YUM,Female,0,Yes,Yes,12,No,No phone service,Fiber optic,No,Yes,No,No,Yes,Yes,Month-to-month,Yes,Electronic check,95.6,1155.65,Yes
3243-ZXT,Male,1,No,No,71,Yes,Yes,Fiber optic,Yes,No,Yes,Yes,No,Yes,Month-to-month,No,Credit card (automatic),92.81,6598.59,Yes
3645-AAA,Male,0,Yes,No,59,No,No phone service,DSL,No,No,Yes,No,Yes,No,Month-to-month,No,Credit card (automatic),71.14,4190.15,No
5612-BDH,Female,0,Yes,No,13,Yes,Yes,DSL,No,No,No,No,No,No,One year,No,Electronic check,65.08,844.62,No
2865-CGO,Male,0,No,No,43,Yes,Yes,DSL,No,No,Yes,Yes,Yes,Yes,Two year,No,Bank transfer (automatic),56.25,2423.83,No
7028-DJV,Male,0,Yes,No,69,No,No phone service,DSL,Yes,Yes,Yes,Yes,Yes,No,Two year,No,Mailed check,83.26,5748.43,No
8326-EMC,Male,0,No,Yes,27,Yes,Yes,Fiber optic,No,No,Yes,No,Yes,Yes,Month-to-month,No,Mailed check,118.1,3192.56,No
7371-FPJ,Male,1,No,Yes,22,Yes,Yes,No,No internet service,No internet service,No internet service,No internet service,No internet service,No internet service,Month-to-month,Yes,Mailed check,18.74,414.47,Yes
7359-GSQ,Female,0,No,Yes,11,Yes,No,Fiber optic,No,Yes,Yes,No,No,Yes,One year,Yes,Credit card (automatic),102.9,1125.63,No
8863-HVX,Male,1,No,Yes,23,Yes,No,Fiber optic,Yes,Yes,Yes,Yes,Yes,No,Month-to-month,Yes,Bank transfer (automatic),113.23,2610.11,Yes
4228-IYE,Male,0,Yes,No,50,Yes,No,Fiber optic,No,No,No,Yes,Yes,No,Month-to-month,Yes,Credit card (automatic),116.38,5821.8,No
4719-JBL,Male,0,No,Yes,21,Yes,Yes,No,No internet service,No internet service,No internet service,No internet service,No internet service,No internet service,Month-to-month,Yes,Credit card (automatic),23.73,498.99,No
3371-KES,Female,0,Yes,No,61,Yes,No,DSL,No,No,No,Yes,Yes,No,Month-to-month,Yes,Credit card (automatic),80.59,4907.55,No
3891-LHZ,Female,0,Yes,No,25,Yes,Yes,DSL,No,No,No,No,No,Yes,Month-to-month,Yes,Bank transfer (automatic),58.61,1458.67,No
4756-MKG,Male,0,Yes,No,57,Yes,No,Fiber optic,No,No,No,No,No,No,Two year,Yes,Electronic check,110.51,6304.41,No
5225-NNN,Female,0,Yes,No,70,Yes,No,Fiber optic,Yes,No,No,Yes,Yes,No,One year,No,Bank transfer (automatic),99.8,6983.55,No
1094-OQU,Female,1,Yes,No,14,Yes,Yes,DSL,Yes,No,No,No,No,No,Month-to-month,No,Electronic check,61.45,861.47,Yes
3674-PTB,Male,0,No,No,67,Yes,No,Fiber optic,No,Yes,No,Yes,No,Yes,Month-to-month,No,Credit card (automatic),109.41,7337.91,No
7898-QWI,Female,0,No,Yes,5,Yes,Yes,DSL,No,Yes,No,Yes,No,Yes,Month-to-month,Yes,Credit card (automatic),53.05,258.41,Yes
1793-RZP,Female,0,No,No,1,Yes,No,Fiber optic,No,Yes,Yes,No,No,Yes,Month-to-month,No,Electronic check,116.21,109.77,Yes
3116-SCW,Female,0,Yes,Yes,30,Yes,Yes,No,No internet service,No internet service,No internet service,No internet service,No internet service,No internet service,Month-to-month,Yes,Electronic check,21.37,639.21,Yes
6779-TFD,Female,0,No,No,23,Yes,Yes,No,No internet service,No internet service,No internet service,No internet service,No internet service,No internet service,Month-to-month,Yes,Credit card (automatic),23.98,555.05,No
7166-UIK,Male,0,Yes,No,34,Yes,No,DSL,No,Yes,Yes,Yes,No,No,Month-to-month,Yes,Mailed check,54.07,1831.71,No
1814-VLR,Female,0,Yes,Yes,46,Yes,Yes,Fiber optic,Yes,No,Yes,No,No,No,Month-to-month,Yes,Electronic check,113.56,5224.38,Yes
1345-WOY,Female,0,No,No,30,Yes,Yes,Fiber optic,No,No,No,No,No,No,Month-to-month,No,Bank transfer (automatic),96.56,2900.66,No
9554-XRF,Male,0,No,Yes,71,Yes,No,DSL,Yes,Yes,No,Yes,Yes,No,One year,Yes,Electronic check,55.19,3914.6,No
3443-YUM,Male,0,Yes,No,1,No,No phone service,No,No internet service,No internet service,No internet service,No internet service,No internet service,No internet service,Month-to-month,Yes,Mailed check,22.31,19.36,Yes
8783-ZXT,Male,0,No,No,58,Yes,No,No,No internet service,No internet service,No internet service,No internet service,No internet service,No internet service,Month-to-month,Yes,Mailed check,18.75,1095.03,No
1984-AAA,Female,0,No,No,62,Yes,No,DSL,Yes,Yes,Yes,No,No,No,Month-to-month,No,Credit card (automatic),58.76,3636.74,Yes
8790-BDH,Female,0,No,No,16,No,No phone service,Fiber optic,No,Yes,No,No,Yes,Yes,Month-to-month,Yes,Electronic check,95.82,1538.51,Yes
1827-CGO,Male,0,No,No,53,No,No phone service,Fiber optic,Yes,No,No,No,No,No,Two year,Yes,Electronic check,95.66,5063.6,No
4531-DJV,Female,1,No,No,20,Yes,Yes,Fiber optic,Yes,No,No,Yes,No,Yes,Month-to-month,No,Bank transfer (automatic),99.94,1997.45,Yes
8147-EMC,Male,0,No,No,21,Yes,Yes,Fiber optic,No,No,No,No,No,No,One year,No,Electronic check,72.11,1518.89,Yes
5451-FPJ,Female,0,Yes,No,54,Yes,No,Fiber optic,Yes,Yes,Yes,No,No,Yes,Two year,Yes,Bank transfer (automatic),107.37,5795.49,No
4876-GSQ,Female,0,Yes,No,28,No,No phone service,Fiber optic,No,No,No,No,No,Yes,Month-to-month,Yes,Mailed check,74.55,2078.97,Yes
6959-HVX,Male,0,Yes,No,20,Yes,Yes,DSL,Yes,Yes,Yes,Yes,Yes,Yes,One year,Yes,Electronic check,82.58,1648.68,No
1126-IYE,Male,0,No,No,1,Yes,Yes,Fiber optic,Yes,No,Yes,Yes,No,No,Two year,Yes,Mailed check,96.71,91.28,No
4177-JBL,Male,1,No,Yes,41,Yes,No,DSL,Yes,No,No,Yes,Yes,No,Two year,No,Bank transfer (automatic),84.2,3445.22,No
9795-KES,Female,1,No,No,51,Yes,No,Fiber optic,No,No,Yes,Yes,No,Yes,Month-to-month,No,Electronic check,78.86,4023.98,Yes
7024-LHZ,Female,0,No,No,37,Yes,No,DSL,Yes,No,Yes,No,Yes,No,Month-to-month,Yes,Electronic check,75.82,2796.09,No
6109-MKG,Male,0,Yes,No,2,Yes,Yes,Fiber optic,Yes,No,No,Yes,No,No,Month-to-month,Yes,Electronic check,98.42,203.79,Yes
5146-NNN,Male,0,Yes,Yes,24,Yes,No,Fiber optic,No,No,No,No,No,Yes,Two year,No,Mailed check,110.74,2662.83,No
8196-OQU,Female,0,Yes,No,61,Yes,No,Fiber optic,Yes,Yes,No,No,Yes,Yes,Month-to-month,Yes,Credit card (automatic),72.51,4428.2,Yes
4368-PTB,Female,0,No,No,14,Yes,No,No,No internet service,No internet service,No internet service,No internet service,No internet service,No internet service,Month-to-month,Yes,Electronic check,20.72,294.89,Yes
4797-QWI,Female,0,Yes,No,69,Yes,No,DSL,No,Yes,No,Yes,Yes,No,Month-to-month,Yes,Credit card (automatic),71.03,4896.49,Yes
2792-RZP,Male,0,Yes,No,9,Yes,Yes,DSL,No,No,No,No,No,No,Month-to-month,No,Credit card (automatic),55.8,494.73,Yes
6732-SCW,Male,0,Yes,No,72,Yes,No,No,No internet service,No internet service,No internet service,No internet service,No internet service,No internet service,Two year,No,Mailed check,24.39,1765.93,No
4476-TFD,Male,0,Yes,Yes,68,Yes,No,DSL,Yes,Yes,Yes,Yes,No,Yes,Month-to-month,No,Electronic check,75.66,5154.79,Yes
4417-UIK,Female,0,Yes,Yes,43,Yes,Yes,Fiber optic,No,No,No,Yes,Yes,No,Month-to-month,Yes,Bank transfer (automatic),88.13,3798.58,No
2645-VLR,Male,0,Yes,Yes,40,Yes,No,Fiber optic,No,No,Yes,No,No,No,Month-to-month,No,Bank transfer (automatic),77.31,3095.96,No
4030-WOY,Female,0,No,No,19,Yes,No,No,No internet service,No internet service,No internet service,No internet service,No internet service,No internet service,Month-to-month,Yes,Electronic check,22.78,432.1,Yes
3872-XRF,Male,0,Yes,Yes,36,Yes,No,DSL,No,No,No,No,No,Yes,Month-to-month,Yes,Bank transfer (automatic),73.5,2639.95,Yes
4072-YUM,Male,0,No,Yes,38,Yes,Yes,Fiber optic,No,No,No,Yes,Yes,No,Month-to-month,Yes,Credit card (automatic),83.33,3167.51,No
2854-ZXT,Female,1,Yes,Yes,69,Yes,Yes,No,No internet service,No internet service,No internet service,No internet service,No internet service,No internet service,Two year,No,Electronic check,18.85,1296.63,No
5021-AAA,Female,1,No,No,7,Yes,No,DSL,Yes,Yes,Yes,No,Yes,Yes,Two year,No,Electronic check,49.46,340.12,No
5662-BDH,Female,0,No,No,42,Yes,No,No,No internet service,No internet service,No internet service,No internet service,No internet service,No internet service,Month-to-month,Yes,Bank transfer (automatic),24.18,1020.95,No
7514-CGO,Female,0,No,No,9,Yes,No,DSL,No,No,Yes,Yes,No,Yes,One year,Yes,Mailed check,59.5,527.7,No
6031-DJV,Male,0,No,No,40,Yes,Yes,DSL,No,Yes,No,Yes,Yes,No,Month-to-month,Yes,Credit card (automatic),76.78,3076.77,No
3708-EMC,Male,0,No,Yes,3,Yes,Yes,DSL,No,No,Yes,No,No,No,Two year,No,Mailed check,60.37,175.7,Yes
8112-FPJ,Male,0,No,No,3,Yes,No,No,No internet service,No internet service,No internet service,No internet service,No internet service,No internet service,Month-to-month,Yes,Credit card (automatic),23.41,60.25,No
9393-GSQ,Male,0,No,Yes,23,Yes,No,DSL,No,No,No,Yes,Yes,Yes,Month-to-month,Yes,Mailed check,78.45,1797.63,No
4507-HVX,Male,0,No,No,20,Yes,No,Fiber optic,Yes,No,Yes,Yes,Yes,Yes,Two year,No,Electronic check,86.01,1727.19,No
7456-IYE,Female,0,Yes,Yes,9,Yes,No,DSL,No,Yes,No,No,Yes,Yes,Month-to-month,No,Mailed check,84.82,763.78,No
5212-JBL,Female,0,No,Yes,45,Yes,Yes,Fiber optic,Yes,No,No,Yes,Yes,No,One year,No,Mailed check,78.58,3541.45,No
8970-KES,Male,0,No,Yes,69,Yes,Yes,Fiber optic,No,No,No,No,Yes,Yes,Two year,Yes,Electronic check,97.43,6718.69,No
9766-LHZ,Female,1,Yes,No,43,Yes,No,DSL,Yes,Yes,No,No,Yes,No,One year,Yes,Electronic check,71.28,3073.47,No
1536-MKG,Male,0,No,Yes,32,Yes,No,Fiber optic,No,No,No,No,No,No,Month-to-month,No,Mailed check,77.5,2487.98,Yes
2625-NNN,Female,0,No,No,35,Yes,No,Fiber optic,No,No,No,No,Yes,Yes,Month-to-month,No,Credit card (automatic),71.63,2503.48,Yes
8973-OQU,Male,0,No,No,24,Yes,No,Fiber optic,No,Yes,Yes,No,No,Yes,Two year,Yes,Mailed check,75.8,1826.22,No
9577-PTB,Male,1,No,No,12,Yes,No,Fiber optic,No,No,No,No,No,No,Two year,Yes,Electronic check,77.08,919.87,No
9070-QWI,Female,0,Yes,No,38,Yes,No,Fiber optic,No,No,No,No,Yes,Yes,One year,No,Electronic check,101.08,3850.59,No
9666-RZP,Female,0,Yes,No,37,Yes,No,Fiber optic,No,No,No,Yes,No,Yes,Month-to-month,Yes,Mailed check,117.33,4341.54,No
9609-SCW,Male,0,No,No,29,Yes,Yes,DSL,Yes,No,No,No,No,No,Month-to-month,Yes,Electronic check,64.31,1866.04,No
7490-TFD,Female,0,Yes,No,13,No,No phone service,DSL,No,Yes,No,No,No,Yes,One year,Yes,Bank transfer (automatic),76.56,985.65,No
4600-UIK,Female,0,Yes,Yes,49,Yes,Yes,DSL,Yes,No,No,Yes,Yes,Yes,Month-to-month,No,Credit card (automatic),48.32,2372.67,No
7783-VLR,Male,0,No,No,67,No,No phone service,Fiber optic,No,No,No,No,No,Yes,One year,No,Credit card (automatic),87.18,5835.96,Yes
5971-WOY,Female,0,Yes,No,0,Yes,Yes,DSL,Yes,Yes,Yes,Yes,No,No,One year,Yes,Credit card (automatic),50.44, ,Yes
2205-XRF,Male,0,Yes,No,60,Yes,No,Fiber optic,No,No,Yes,No,No,Yes,One year,Yes,Credit card (automatic),103.48,6202.23,No
2990-YUM,Male,0,Yes,No,2,Yes,Yes,Fiber optic,Yes,No,Yes,Yes,No,No,Two year,No,Bank transfer (automatic),116.74,230.99,Yes
6299-ZXT,Female,0,No,No,49,Yes,No,DSL,No,Yes,No,Yes,Yes,Yes,Two year,No,Mailed check,57.44,2811.13,No
4572-AAA,Male,0,Yes,No,60,Yes,Yes,DSL,No,No,No,No,No,No,Month-to-month,Yes,Credit card (automatic),56.62,3390.01,Yes
6975-BDH,Male,0,Yes,No,35,Yes,Yes,DSL,Yes,Yes,No,No,No,No,One year,Yes,Credit card (automatic),61.92,2173.05,No
7320-CGO,Female,0,No,No,3,Yes,Yes,DSL,Yes,Yes,No,No,Yes,Yes,Two year,No,Electronic check,48.3,149.33,No
5380-DJV,Female,0,Yes,Yes,42,Yes,Yes,DSL,No,No,No,No,No,Yes,Two year,Yes,Mailed check,75.18,3153.32,No
5757-EMC,Female,0,No,Yes,13,Yes,Yes,No,No internet service,No internet service,No internet service,No internet service,No internet service,No internet service,Month-to-month,Yes,Bank transfer (automatic),24.42,317.41,No
3713-FPJ,Female,0,Yes,No,66,No,No phone service,No,No internet service,No internet service,No internet service,No internet service,No internet service,No internet service,Two year,No,Mailed check,18.86,1240.55,No
6588-GSQ,Female,0,No,Yes,6,Yes,Yes,Fiber optic,No,No,Yes,No,Yes,No,Two year,Yes,Bank transfer (automatic),87.54,517.1,Yes
1966-HVX,Female,0,No,Yes,7,Yes,No,DSL,Yes,Yes,No,No,Yes,No,One year,Yes,Credit card (automatic),79.74,556.17,Yes
5944-IYE,Female,0,No,No,43,Yes,No,Fiber optic,Yes,Yes,Yes,Yes,Yes,No,Month-to-month,Yes,Bank transfer (automatic),77.52,3330.75,Yes
4432-JBL,Male,0,Yes,No,63,Yes,No,DSL,Yes,No,No,No,No,No,One year,No,Electronic check,72.19,4555.76,No
1688-KES,Male,0,Yes,No,6,Yes,Yes,DSL,No,Yes,Yes,No,No,Yes,Month-to-month,Yes,Credit card (automatic),51.96,314.88,Yes
5243-LHZ,Male,0,No,No,47,Yes,No,Fiber optic,No,Yes,Yes,No,No,No,One year,Yes,Electronic check,105.52,4964.97,No
4701-MKG,Male,0,Yes,Yes,61,Yes,Yes,Fiber optic,No,No,Yes,Yes,No,Yes,Two year,Yes,Credit card (automatic),101.89,6218.77,No
9533-NNN,Male,0,No,No,24,Yes,Yes,Fiber optic,No,No,Yes,No,No,Yes,One year,Yes,Mailed check,116.49,2791.28,No
6182-OQU,Male,0,Yes,No,67,Yes,No,Fiber optic,No,No,No,Yes,Yes,No,One year,Yes,Electronic check,97.1,6512.0,No
7704-PTB,Male,0,No,No,63,No,No phone service,DSL,No,Yes,No,No,No,No,Month-to-month,Yes,Electronic check,62.7,3953.75,No
5422-QWI,Female,0,No,No,17,Yes,No,DSL,No,Yes,Yes,Yes,Yes,Yes,One year,Yes,Credit card (automatic),65.21,1100.6,No
2759-RZP,Male,0,No,No,3,Yes,Yes,DSL,No,No,No,No,Yes,Yes,One year,Yes,Electronic check,68.59,204.81,No
3482-SCW,Female,0,Yes,Yes,16,Yes,No,DSL,Yes,No,No,Yes,No,No,Month-to-month,Yes,Bank transfer (automatic),83.52,1326.98,Yes
9058-TFD,Female,0,Yes,No,46,Yes,Yes,Fiber optic,Yes,No,No,Yes,No,Yes,Two year,No,Bank transfer (automatic),72.87,3349.15,No
1951-UIK,Male,0,No,No,44,No,No phone service,Fiber optic,No,Yes,Yes,No,No,No,Month-to-month,Yes,Electronic check,98.53,4337.78,No
9914-VLR,Female,0,No,Yes,57,Yes,Yes,No,No internet service,No internet service,No internet service,No internet service,No internet service,No internet service,Month-to-month,Yes,Bank transfer (automatic),21.68,1236.15,No
3079-WOY,Female,0,Yes,No,2,Yes,No,DSL,Yes,No,Yes,Yes,Yes,Yes,Month-to-month,Yes,Electronic check,83.7,166.89,Yes
3717-XRF,Male,0,No,No,11,Yes,Yes,Fiber optic,No,No,No,No,No,Yes,Month-to-month,Yes,Bank transfer (automatic),108.24,1184.69,Yes
5524-YUM,Male,0,Yes,No,16,Yes,No,DSL,No,Yes,Yes,Yes,No,No,Two year,No,Bank transfer (automatic),79.82,1269.3,No
9477-ZXT,Male,0,No,No,21,Yes,Yes,Fiber optic,Yes,No,Yes,No,Yes,No,Month-to-month,Yes,Electronic check,73.7,1545.83,Yes
8311-AAA,Male,0,Yes,No,38,Yes,Yes,No,No internet service,No internet service,No internet service,No internet service,No internet service,No internet service,Two year,Yes,Electronic check,24.03,911.68,No
8186-BDH,Female,0,No,No,38,Yes,No,DSL,No,Yes,No,No,No,Yes,Two year,Yes,Electronic check,74.97,2853.44,No
3065-CGO,Female,1,No,No,15,Yes,Yes,Fiber optic,No,No,No,Yes,Yes,Yes,Two year,Yes,Credit card (automatic),94.4,1408.43,No
1768-DJV,Male,0,No,Yes,50,Yes,No,Fiber optic,No,No,No,Yes,No,Yes,Month-to-month,No,Mailed check,85.53,4273.32,No
6490-EMC,Female,0,No,Yes,28,Yes,Yes,Fiber optic,Yes,No,No,No,No,No,Month-to-month,Yes,Mailed check,87.23,2439.44,Yes
7645-FPJ,Male,0,Yes,Yes,70,No,No phone service,Fiber optic,No,Yes,Yes,Yes,No,No,Month-to-month,Yes,Mailed check,101.73,7119.52,Yes
6083-GSQ,Female,0,No,No,40,Yes,Yes,Fiber optic,No,Yes,Yes,No,No,No,Two year,No,Mailed check,74.73,2981.73,Yes
6232-HVX,Female,1,No,No,56,Yes,Yes,Fiber optic,Yes,Yes,No,Yes,Yes,No,Month-to-month,Yes,Electronic check,81.84,4586.33,Yes
6797-IYE,Male,0,No,No,27,Yes,No,Fiber optic,No,Yes,No,No,Yes,No,One year,Yes,Bank transfer (automatic),102.27,2758.92,No
5926-JBL,Male,1,No,No,20,Yes,Yes,DSL,Yes,Yes,No,No,No,Yes,Two year,No,Credit card (automatic),56.14,1123.64,No
7016-KES,Male,0,No,Yes,3,Yes,Yes,Fiber optic,Yes,Yes,No,No,Yes,No,One year,Yes,Credit card (automatic),108.5,317.29,No
4335-LHZ,Male,0,Yes,Yes,14,No,No phone service,Fiber optic,No,No,No,Yes,Yes,Yes,Two year,Yes,Credit card (automatic),105.89,1486.34,No
9038-MKG,Female,0,No,No,52,Yes,No,DSL,No,No,No,Yes,Yes,No,Month-to-month,Yes,Mailed check,64.65,3364.81,No
5873-NNN,Female,0,Yes,Yes,45,Yes,No,DSL,No,Yes,No,Yes,No,No,One year,Yes,Mailed check,76.36,3434.83,No
2481-OQU,Female,0,Yes,Yes,6,Yes,Yes,No,No internet service,No internet service,No internet service,No internet service,No internet service,No internet service,Two year,No,Electronic check,19.33,115.27,No
7305-PTB,Female,1,No,No,17,Yes,Yes,DSL,No,No,Yes,No,Yes,No,One year,Yes,Mailed check,77.38,1311.01,No
4451-QWI,Female,0,Yes,No,20,Yes,No,Fiber optic,Yes,Yes,No,No,No,No,Two year,Yes,Bank transfer (automatic),79.87,1593.35,No
1054-RZP,Male,0,Yes,Yes,7,Yes,Yes,DSL,Yes,No,No,Yes,Yes,No,Month-to-month,Yes,Credit card (automatic),72.2,514.24,Yes
8643-SCW,Female,0,Yes,No,58,Yes,Yes,No,No internet service,No internet service,No internet service,No internet service,No internet service,No internet service,Two year,No,Electronic check,22.94,1320.75,No
4462-TFD,Male,0,Yes,No,19,Yes,Yes,No,No internet service,No internet service,No internet service,No internet service,No internet service,No internet service,Month-to-month,Yes,Electronic check,22.37,426.07,No
1832-UIK,Male,0,No,Yes,66,Yes,No,DSL,Yes,Yes,No,Yes,No,No,One year,No,Electronic check,66.33,4373.98,No
6954-VLR,Female,1,No,No,54,Yes,Yes,DSL,Yes,No,No,No,Yes,No,Two year,Yes,Electronic check,80.15,4325.17,No
9519-WOY,Female,0,Yes,No,61,Yes,No,DSL,No,Yes,Yes,Yes,No,No,One year,No,Credit card (automatic),71.37,4354.12,No
8221-XRF,Female,0,No,Yes,17,No,No phone service,Fiber optic,Yes,No,No,No,Yes,Yes,Month-to-month,Yes,Bank transfer (automatic),87.21,1480.47,Yes
4310-YUM,Male,1,Yes,No,55,Yes,No,DSL,No,No,Yes,No,No,Yes,Month-to-month,Yes,Credit card (automatic),76.21,4184.53,No
4300-ZXT,Female,1,Yes,No,21,Yes,No,DSL,Yes,No,No,Yes,No,Yes,One year,No,Electronic check,52.8,1103.28,No
7722-AAA,Female,0,No,No,7,Yes,No,Fiber optic,Yes,No,No,No,No,No,Two year,Yes,Bank transfer (automatic),86.79,598.18,No
8218-BDH,Male,1,Yes,No,10,Yes,Yes,No,No internet service,No internet service,No internet service,No internet service,No internet service,No internet service,One year,No,Mailed check,23.51,232.66,Yes
8776-CGO,Female,0,No,No,11,Yes,No,Fiber optic,Yes,No,No,No,Yes,No,Month-to-month,No,Electronic check,117.25,1297.65,No
4675-DJV,Male,1,Yes,Yes,47,Yes,Yes,Fiber optic,No,No,No,No,Yes,No,Two year,Yes,Credit card (automatic),114.39,5376.15,No
4054-EMC,Male,0,Yes,No,62,Yes,No,Fiber optic,No,No,No,No,No,Yes,Month-to-month,No,Bank transfer (automatic),84.95,5267.85,Yes
8970-FPJ,Male,0,Yes,No,26,Yes,Yes,Fiber optic,Yes,No,No,No,No,No,Month-to-month,Yes,Bank transfer (automatic),111.34,2893.73,Yes
3143-GSQ,Female,0,Yes,Yes,34,No,No phone service,DSL,No,Yes,Yes,Yes,No,No,Month-to-month,No,Electronic check,66.33,2262.97,No
6207-HVX,Male,0,No,No,1,Yes,No,Fiber optic,No,No,No,No,Yes,Yes,Two year,No,Bank transfer (automatic),91.46,90.05,No
3538-IYE,Male,0,Yes,Yes,7,Yes,Yes,No,No internet service,No internet service,No internet service,No internet service,No internet service,No internet service,Month-to-month,No,Electronic check,21.71,157.05,Yes
5547-JBL,Female,0,Yes,No,19,Yes,Yes,Fiber optic,No,No,Yes,No,No,Yes,One year,No,Electronic check,104.23,1985.4,No
6619-KES,Female,0,No,No,7,Yes,Yes,DSL,No,Yes,Yes,No,Yes,Yes,One year,No,Bank transfer (automatic),63.33,443.27,Yes
9356-LHZ,Female,0,No,No,62,Yes,Yes,DSL,Yes,No,No,No,No,No,Two year,No,Electronic check,46.58,2891.05,No
7612-MKG,Male,0,Yes,No,67,Yes,No,No,No internet service,No internet service,No internet service,No internet service,No internet service,No internet service,Month-to-month,No,Credit card (automatic),18.55,1241.58,No
6005-NNN,Male,0,No,No,30,Yes,No,No,No internet service,No internet service,No internet service,No internet service,No internet service,No internet service,Month-to-month,No,Electronic check,21.47,649.09,No
1822-OQU,Male,0,Yes,No,31,Yes,No,Fiber optic,Yes,Yes,No,Yes,Yes,Yes,One year,Yes,Mailed check,91.57,2845.91,No
1943-PTB,Male,1,No,No,12,Yes,Yes,DSL,No,No,No,Yes,Yes,Yes,Month-to-month,No,Mailed check,76.98,931.56,No
7150-QWI,Female,0,Yes,Yes,25,Yes,Yes,No,No internet service,No internet service,No internet service,No internet service,No internet service,No internet service,Month-to-month,No,Credit card (automatic),19.75,485.73,No
5425-RZP,Female,0,No,No,28,Yes,No,Fiber optic,Yes,Yes,No,No,No,No,Month-to-month,No,Electronic check,98.48,2754.11,Yes
9966-SCW,Male,0,No,Yes,17,No,No phone service,Fiber optic,No,No,No,No,Yes,No,Two year,No,Credit card (automatic),100.39,1702.53,No
3198-TFD,Male,0,Yes,No,68,Yes,No,DSL,No,No,No,No,Yes,No,Month-to-month,Yes,Electronic check,51.32,3496.68,No
5242-UIK,Female,1,No,No,11,Yes,No,DSL,Yes,Yes,No,No,No,No,Month-to-month,Yes,Mailed check,51.39,568.11,Yes
4695-VLR,Male,1,No,Yes,1,Yes,No,No,No internet service,No internet service,No internet service,No internet service,No internet service,No internet service,Month-to-month,Yes,Electronic check,23.17,21.16,Yes
4452-WOY,Male,0,No,No,41,Yes,Yes,DSL,No,No,No,No,No,No,Month-to-month,No,Bank transfer (automatic),53.34,2184.05,Yes
2308-XRF,Male,0,No,No,6,No,No phone service,DSL,Yes,No,No,No,No,No,Two year,Yes,Electronic check,54.06,314.62,No
5177-YUM,Male,0,No,Yes,46,Yes,Yes,No,No internet service,No internet service,No internet service,No internet service,No internet service,No internet service,Two year,No,Electronic check,19.94,924.97,No
9705-ZXT,Male,0,No,No,53,Yes,Yes,Fiber optic,No,No,Yes,No,No,No,Month-to-month,No,Mailed check,103.23,5477.12,No
7852-AAA,Female,0,No,Yes,14,Yes,No,DSL,Yes,No,No,No,Yes,No,Two year,Yes,Bank transfer (automatic),71.14,995.03,No
7035-BDH,Male,0,No,Yes,57,Yes,No,No,No internet service,No internet service,No internet service,No internet service,No internet service,No internet service,One year,No,Electronic check,24.71,1399.29,No
4594-CGO,Female,0,Yes,No,32,Yes,Yes,DSL,Yes,Yes,No,No,No,Yes,Month-to-month,Yes,Electronic check,63.24,2031.53,Yes
5841-DJV,Male,0,No,No,66,Yes,No,Fiber optic,Yes,Yes,No,Yes,No,No,Month-to-month,Yes,Electronic check,80.48,5307.51,No
2409-EMC,Female,0,No,No,62,Yes,No,DSL,Yes,No,No,No,No,Yes,Two year,Yes,Electronic check,61.43,3805.83,No
5566-FPJ,Male,0,No,Yes,47,Yes,No,Fiber optic,No,No,No,No,Yes,No,Month-to-month,Yes,Electronic check,95.48,4495.4,Yes
5491-GSQ,Male,1,No,No,65,Yes,Yes,No,No internet service,No internet service,No internet service,No internet service,No internet service,No internet service,One year,Yes,Credit card (automatic),19.57,1273.38,No
2555-HVX,Female,0,Yes,No,64,Yes,Yes,Fiber optic,No,No,No,No,No,No,Two year,Yes,Mailed check,107.45,6876.25,No
1804-IYE,Female,0,No,No,35,Yes,No,DSL,No,Yes,No,Yes,No,No,One year,No,Credit card (automatic),47.95,1677.22,Yes
2279-JBL,Male,0,No,No,16,No,No phone service,Fiber optic,Yes,No,Yes,No,No,No,One year,Yes,Electronic check,71.27,1141.02,No
8083-KES,Male,0,No,Yes,1,Yes,Yes,DSL,No,No,No,Yes,No,No,Month-to-month,Yes,Credit card (automatic),50.83,43.46,Yes
6986-LHZ,Female,0,No,No,32,Yes,No,Fiber optic,No,Yes,No,No,Yes,No,One year,Yes,Credit card (automatic),71.67,2288.77,Yes
6619-MKG,Male,0,No,No,5,Yes,Yes,No,No internet service,No internet service,No internet service,No internet service,No internet service,No internet service,Month-to-month,Yes,Bank transfer (automatic),19.03,85.54,No
2387-NNN,Male,0,Yes,No,42,Yes,No,DSL,No,Yes,No,No,Yes,Yes,One year,Yes,Bank transfer (automatic),47.27,1993.72,No
3679-OQU,Male,0,No,No,10,Yes,Yes,No,No internet service,No internet service,No internet service,No internet service,No internet service,No internet service,One year,Yes,Electronic check,22.92,237.09,Yes
3106-PTB,Female,1,No,No,4,Yes,Yes,DSL,No,Yes,Yes,No,No,No,Month-to-month,No,Credit card (automatic),73.77,297.49,Yes
9173-QWI,Male,1,Yes,Yes,29,Yes,No,DSL,Yes,No,Yes,Yes,No,Yes,Month-to-month,Yes,Credit card (automatic),57.4,1662.66,Yes
5223-RZP,Male,0,Yes,No,9,Yes,No,Fiber optic,No,No,No,No,Yes,No,Two year,Yes,Credit card (automatic),79.66,718.68,Yes
5831-SCW,Male,1,No,Yes,23,Yes,No,Fiber optic,No,No,No,Yes,Yes,No,Month-to-month,No,Credit card (automatic),107.44,2469.88,No
3768-TFD,Male,0,No,No,58,Yes,Yes,Fiber optic,No,No,No,No,No,Yes,One year,No,Electronic check,77.72,4515.04,No
4186-UIK,Male,1,No,Yes,66,Yes,No,Fiber optic,No,No,Yes,No,Yes,No,One year,Yes,Credit card (automatic),89.03,5877.48,No
3573-VLR,Male,0,No,No,60,No,No phone service,Fiber optic,Yes,Yes,No,No,Yes,Yes,One year,Yes,Mailed check,97.8,5873.59,No
3599-WOY,Female,0,Yes,No,25,Yes,Yes,DSL,No,Yes,No,No,Yes,No,Month-to-month,No,Bank transfer (automatic),66.62,1658.33,Yes
5033-XRF,Female,0,No,Yes,38,No,No phone service,No,No internet service,No internet service,No internet service,No internet service,No internet service,No internet service,Two year,No,Credit card (automatic),21.14,811.85,No
9428-YUM,Female,1,Yes,No,2,Yes,No,DSL,Yes,Yes,No,Yes,No,No,Two year,Yes,Credit card (automatic),66.69,125.66,No
2304-ZXT,Female,0,No,No,37,Yes,No,Fiber optic,No,No,Yes,Yes,No,No,One year,Yes,Electronic check,102.5,3797.54,No
8368-AAA,Male,0,Yes,Yes,41,Yes,Yes,DSL,Yes,No,No,No,No,No,Two year,Yes,Bank transfer (automatic),54.03,2213.87,Yes
6877-BDH,Male,1,Yes,Yes,47,Yes,No,DSL,No,No,Yes,Yes,No,Yes,Month-to-month,Yes,Credit card (automatic),60.04,2825.32,Yes
2301-CGO,Male,1,No,No,12,No,No phone service,DSL,Yes,Yes,Yes,Yes,Yes,Yes,Month-to-month,No,Mailed check,72.17,873.78,No
3541-DJV,Female,0,Yes,Yes,55,No,No phone service,DSL,Yes,Yes,No,No,Yes,Yes,Month-to-month,No,Electronic check,49.19,2705.39,No
3051-EMC,Male,0,No,No,58,Yes,Yes,Fiber optic,Yes,No,No,Yes,Yes,Yes,Month-to-month,No,Electronic check,86.77,5041.36,Yes
7809-FPJ,Female,0,Yes,No,62,Yes,No,No,No internet service,No internet service,No internet service,No internet service,No internet service,No internet service,Month-to-month,Yes,Bank transfer (automatic),18.46,1139.31,No
9633-GSQ,Female,0,Yes,No,42,Yes,No,DSL,No,No,Yes,No,No,No,One year,Yes,Bank transfer (automatic),52.61,2217.33,No
9996-HVX,Female,0,Yes,No,56,Yes,No,DSL,No,No,No,Yes,Yes,Yes,Two year,No,Bank transfer (automatic),60.77,3401.43,No
1074-IYE,Male,0,No,No,20,Yes,Yes,Fiber optic,No,Yes,No,Yes,No,Yes,Month-to-month,No,Credit card (automatic),83.04,1660.52,No
7981-JBL,Female,0,Yes,No,53,Yes,Yes,Fiber optic,Yes,No,No,No,No,Yes,Month-to-month,No,Electronic check,108.31,5739.04,No
6475-KES,Male,0,Yes,No,52,Yes,Yes,DSL,Yes,Yes,No,Yes,Yes,No,Month-to-month,No,Bank transfer (automatic),60.82,3156.22,No
9232-LHZ,Female,0,No,No,44,Yes,No,No,No internet service,No internet service,No internet service,No internet service,No internet service,No internet service,One year,Yes,Electronic check,20.41,901.77,No
8184-MKG,Male,0,Yes,Yes,35,Yes,No,DSL,Yes,No,No,No,Yes,No,Two year,No,Bank transfer (automatic),82.71,2895.6,No
6796-NNN,Male,0,Yes,Yes,62,Yes,No,Fiber optic,Yes,No,No,No,Yes,No,One year,Yes,Electronic check,100.96,6265.68,No
8141-OQU,Male,0,No,No,0,Yes,No,DSL,Yes,No,No,Yes,No,Yes,Two year,Yes,Electronic check,73.09, ,No
2622-PTB,Male,0,Yes,No,66,Yes,Yes,Fiber optic,No,No,No,No,No,Yes,One year,No,Mailed check,112.27,7418.15,Yes
9041-QWI,Male,0,Yes,No,32,Yes,No,Fiber optic,No,No,No,No,No,Yes,Two year,No,Credit card (automatic),84.9,2711.85,No
1341-RZP,Male,0,No,No,31,Yes,Yes,No,No internet service,No internet service,No internet service,No internet service,No internet service,No internet service,One year,No,Electronic check,21.98,685.81,Yes
3074-SCW,Male,0,No,No,57,Yes,No,DSL,Yes,No,No,No,No,No,Month-to-month,No,Bank transfer (automatic),60.9,3466.71,No
8992-TFD,Female,0,No,No,25,Yes,Yes,DSL,No,Yes,Yes,No,No,No,Two year,Yes,Mailed check,55.75,1397.75,No
1645-UIK,Female,0,No,No,60,Yes,No,Fiber optic,No,No,Yes,No,Yes,No,One year,Yes,Mailed check,70.5,4226.57,No
5263-VLR,Female,0,Yes,Yes,16,Yes,No,Fiber optic,No,No,No,Yes,Yes,No,Month-to-month,Yes,Bank transfer (automatic),76.78,1234.96,Yes
9801-WOY,Male,0,No,No,72,Yes,No,Fiber optic,No,Yes,Yes,Yes,Yes,No,Two year,Yes,Mailed check,109.54,7892.91,No
7136-XRF,Male,1,No,Yes,68,Yes,Yes,DSL,No,No,No,Yes,No,Yes,Month-to-month,Yes,Credit card (automatic),49.66,3370.89,Yes
9646-YUM,Male,0,No,No,28,Yes,No,Fiber optic,Yes,Yes,No,Yes,No,Yes,Month-to-month,Yes,Electronic check,114.15,3204.69,Yes
3969-ZXT,Male,0,Yes,No,62,Yes,No,Fiber optic,Yes,No,No,Yes,Yes,Yes,Month-to-month,Yes,Electronic check,83.25,5160.19,No
4028-AAA,Female,0,No,No,5,Yes,No,DSL,No,Yes,No,No,No,Yes,One year,No,Credit card (automatic),62.99,314.35,Yes
8643-BDH,Male,1,Yes,No,58,Yes,No,DSL,No,No,No,Yes,No,No,Month-to-month,Yes,Electronic check,79.49,4605.65,No
3681-CGO,Male,0,No,No,20,Yes,Yes,DSL,No,No,No,Yes,No,No,One year,Yes,Electronic check,58.23,1161.59,No
4629-DJV,Female,0,Yes,No,44,Yes,Yes,Fiber optic,No,No,No,Yes,No,No,One year,Yes,Credit card (automatic),81.21,3572.8,No
5225-EMC,Male,0,No,No,44,Yes,No,Fiber optic,No,Yes,No,No,No,Yes,One year,Yes,Electronic check,71.53,3140.54,Yes
4067-FPJ,Female,0,No,No,34,Yes,No,Fiber optic,No,No,No,Yes,No,No,One year,Yes,Credit card (automatic),116.37,3958.14,No
6941-GSQ,Male,0,Yes,No,51,Yes,No,DSL,Yes,No,Yes,Yes,Yes,No,Month-to-month,No,Mailed check,60.59,3091.39,No
2386-HVX,Female,0,No,No,45,Yes,Yes,DSL,No,Yes,No,No,Yes,Yes,Two year,Yes,Mailed check,80.48,3621.83,No
3866-IYE,Male,1,No,Yes,65,Yes,No,Fiber optic,Yes,No,No,No,No,Yes,Month-to-month,Yes,Electronic check,91.24,5926.66,No
5788-JBL,Male,1,No,No,56,Yes,Yes,DSL,Yes,No,No,Yes,Yes,No,Month-to-month,Yes,Bank transfer (automatic),80.18,4481.11,No
6490-KES,Female,0,Yes,No,41,Yes,Yes,DSL,Yes,Yes,Yes,No,No,No,Month-to-month,No,Mailed check,48.26,1985.58,Yes
5124-LHZ,Female,1,No,No,72,Yes,Yes,No,No internet service,No internet service,No internet service,No internet service,No internet service,No internet service,One year,Yes,Mailed check,21.23,1527.63,No
9340-MKG,Female,0,No,No,15,Yes,No,Fiber optic,No,No,No,Yes,No,Yes,One year,Yes,Bank transfer (automatic),91.6,1378.18,Yes
4850-NNN,Male,0,Yes,No,4,Yes,No,DSL,No,No,No,No,No,Yes,Month-to-month,No,Credit card (automatic),83.92,327.21,No
6415-OQU,Male,0,No,Yes,0,Yes,Yes,DSL,Yes,No,No,No,Yes,No,Two year,No,Bank transfer (automatic),64.22, ,No
8679-PTB,Female,0,No,Yes,21,Yes,No,Fiber optic,No,Yes,No,Yes,Yes,Yes,One year,Yes,Bank transfer (automatic),75.1,1570.07,No
7819-QWI,Female,0,No,No,47,Yes,No,No,No internet service,No internet service,No internet service,No internet service,No internet service,No internet service,Month-to-month,No,Credit card (automatic),24.38,1151.29,No
9378-RZP,Male,0,Yes,Yes,25,Yes,Yes,No,No internet service,No internet service,No internet service,No internet service,No internet service,No internet service,Month-to-month,Yes,Credit card (automatic),24.66,619.94,No
2333-SCW,Male,1,Yes,No,33,Yes,Yes,Fiber optic,No,Yes,No,Yes,Yes,No,Two year,Yes,Bank transfer (automatic),89.9,2970.75,No
5150-TFD,Male,0,No,Yes,57,Yes,Yes,DSL,No,Yes,Yes,Yes,Yes,No,Month-to-month,No,Credit card (automatic),76.66,4360.11,Yes
7766-UIK,Female,0,No,No,6,Yes,Yes,Fiber optic,Yes,No,Yes,Yes,No,No,Month-to-month,No,Electronic check,73.39,437.98,No
3711-VLR,Male,0,No,Yes,24,Yes,No,No,No internet service,No internet service,No internet service,No internet service,No internet service,No internet service,Month-to-month,Yes,Bank transfer (automatic),20.99,500.03,Yes
5853-WOY,Male,0,Yes,No,56,Yes,Yes,Fiber optic,Yes,No,No,Yes,No,No,Month-to-month,No,Mailed check,94.91,5320.96,Yes
7212-XRF,Male,0,Yes,Yes,11,Yes,Yes,No,No internet service,No internet service,No internet service,No internet service,No internet service,No internet service,Month-to-month,No,Credit card (automatic),24.13,263.25,No
8479-YUM,Male,0,No,No,30,Yes,Yes,No,No internet service,No internet service,No internet service,No internet service,No internet service,No internet service,Month-to-month,Yes,Credit card (automatic),18.93,558.04,No
6408-ZXT,Male,0,No,Yes,26,Yes,No,DSL,Yes,No,No,No,Yes,Yes,Month-to-month,Yes,Electronic check,60.67,1575.55,Yes
8715-AAA,Male,0,Yes,Yes,33,Yes,Yes,DSL,No,No,No,No,No,No,Two year,Yes,Bank transfer (automatic),65.03,2141.67,No
9942-BDH,Female,0,No,No,33,Yes,No,Fiber optic,No,No,No,Yes,No,No,Two year,No,Credit card (automatic),102.49,3387.46,No
2762-CGO,Male,0,Yes,Yes,36,Yes,No,Fiber optic,Yes,Yes,No,Yes,No,Yes,Two year,No,Bank transfer (automatic),75.03,2704.64,No
8101-DJV,Female,1,Yes,No,57,Yes,No,Fiber optic,No,Yes,Yes,Yes,No,Yes,Month-to-month,No,Bank transfer (automatic),83.72,4776.01,Yes
8674-EMC,Female,0,Yes,No,59,No,No phone service,DSL,No,Yes,No,Yes,No,No,Month-to-month,Yes,Credit card (automatic),45.84,2711.68,No
7122-FPJ,Female,0,No,No,25,No,No phone service,Fiber optic,No,No,No,No,No,No,Month-to-month,No,Bank transfer (automatic),77.22,1939.62,Yes
1481-GSQ,Male,0,No,No,44,No,No phone service,Fiber optic,No,No,Yes,No,No,No,One year,Yes,Credit card (automatic),94.13,4151.35,Yes
1153-HVX,Female,0,Yes,No,44,Yes,Yes,DSL,No,No,Yes,No,Yes,Yes,One year,No,Credit card (automatic),53.63,2369.35,Yes
8617-IYE,Female,0,No,No,31,Yes,Yes,No,No internet service,No internet service,No internet service,No internet service,No internet service,No internet service,Month-to-month,Yes,Mailed check,21.49,673.68,No
2524-JBL,Female,0,Yes,No,68,Yes,Yes,DSL,No,Yes,Yes,No,No,No,Month-to-month,Yes,Bank transfer (automatic),76.37,5194.98,Yes
3120-KES,Female,0,No,Yes,70,Yes,No,No,No internet service,No internet service,No internet service,No internet service,No internet service,No internet service,Two year,Yes,Bank transfer (automatic),20.81,1451.67,No
3343-LHZ,Female,0,No,No,22,Yes,Yes,No,No internet service,No internet service,No internet service,No internet service,No internet service,No internet service,Month-to-month,No,Electronic check,23.13,499.08,Yes
6136-MKG,Male,0,Yes,No,64,Yes,Yes,Fiber optic,No,No,No,Yes,No,No,One year,No,Credit card (automatic),107.37,6868.73,No
6760-NNN,Male,0,Yes,Yes,38,Yes,Yes,DSL,Yes,No,Yes,Yes,No,Yes,Month-to-month,Yes,Mailed check,66.06,2516.76,No
2240-OQU,Female,0,No,No,66,Yes,No,DSL,Yes,No,No,No,No,Yes,Two year,No,Credit card (automatic),55.23,3649.29,No
1060-PTB,Male,1,No,No,44,Yes,Yes,DSL,No,No,No,Yes,No,No,Two year,Yes,Credit card (automatic),76.7,3367.61,No
2639-QWI,Male,1,Yes,Yes,66,Yes,Yes,Fiber optic,No,Yes,No,Yes,No,No,One year,Yes,Electronic check,88.45,5827.71,No
7185-RZP,Female,0,No,Yes,62,Yes,Yes,DSL,No,Yes,Yes,No,Yes,Yes,Two year,No,Electronic check,68.18,4222.42,No
8970-SCW,Male,0,No,No,69,No,No phone service,Fiber optic,No,No,No,Yes,No,No,Month-to-month,No,Electronic check,94.02,6492.77,Yes
2252-TFD,Male,1,No,No,53,Yes,No,No,No internet service,No internet service,No internet service,No internet service,No internet service,No internet service,Month-to-month,Yes,Bank transfer (automatic),22.48,1194.75,No
5203-UIK,Female,0,Yes,No,26,Yes,Yes,No,No internet service,No internet service,No internet service,No internet service,No internet service,No internet service,Month-to-month,Yes,Bank transfer (automatic),24.0,627.17,No
9363-VLR,Female,1,No,No,35,Yes,No,DSL,Yes,No,Yes,Yes,Yes,Yes,Month-to-month,No,Bank transfer (automatic),58.54,2052.84,No
4549-WOY,Male,0,No,No,4,Yes,Yes,DSL,No,No,No,No,No,Yes,Two year,No,Electronic check,81.57,321.71,Yes
5197-XRF,Male,1,No,No,66,Yes,Yes,DSL,No,No,Yes,No,Yes,Yes,One year,Yes,Mailed check,48.46,3200.18,No
8009-YUM,Female,1,No,Yes,50,Yes,No,Fiber optic,Yes,Yes,Yes,Yes,No,No,Month-to-month,Yes,Mailed check,82.72,4145.59,No
7667-ZXT,Male,0,Yes,No,31,No,No phone service,Fiber optic,Yes,Yes,No,No,Yes,No,Two year,No,Credit card (automatic),114.83,3555.33,Yes
3322-AAA,Male,0,No,Yes,20,Yes,No,No,No internet service,No internet service,No internet service,No internet service,No internet service,No internet service,Month-to-month,Yes,Electronic check,18.68,380.92,Yes
5090-BDH,Male,0,Yes,Yes,16,Yes,No,Fiber optic,No,Yes,No,Yes,Yes,Yes,One year,No,Mailed check,92.55,1488.92,Yes
7960-CGO,Male,0,Yes,No,72,Yes,No,DSL,No,No,Yes,No,Yes,No,One year,Yes,Bank transfer (automatic),54.65,3932.75,No
4004-DJV,Female,0,No,No,25,Yes,Yes,DSL,No,No,No,No,No,No,Month-to-month,Yes,Electronic check,76.33,1899.74,Yes
6136-EMC,Male,0,No,No,21,Yes,No,No,No internet service,No internet service,No internet service,No internet service,No internet service,No internet service,Two year,No,Electronic check,18.84,405.5,No
1329-FPJ,Male,0,Yes,No,40,Yes,No,Fiber optic,No,Yes,Yes,No,No,No,Month-to-month,Yes,Mailed check,76.18,3039.08,No
4640-GSQ,Female,0,No,No,58,Yes,Yes,No,No internet service,No internet service,No internet service,No internet service,No internet service,No internet service,Two year,Yes,Mailed check,19.31,1126.53,No
8982-HVX,Male,1,Yes,Yes,9,Yes,Yes,Fiber optic,No,Yes,Yes,No,No,No,One year,No,Bank transfer (automatic),85.39,765.46,Yes
5107-IYE,Male,0,Yes,No,4,Yes,Yes,No,No internet service,No internet service,No internet service,No internet service,No internet service,No internet service,Month-to-month,Yes,Bank transfer (automatic),24.04,98.35,Yes
2341-JBL,Female,0,Yes,No,54,Yes,No,Fiber optic,No,No,Yes,No,Yes,Yes,Month-to-month,Yes,Credit card (automatic),112.67,6080.19,No
9407-KES,Male,0,No,No,25,Yes,No,Fiber optic,Yes,Yes,No,Yes,Yes,No,Month-to-month,Yes,Mailed check,79.82,1993.0,Yes
1338-LHZ,Female,0,No,No,3,Yes,Yes,Fiber optic,Yes,No,No,No,Yes,No,Month-to-month,No,Mailed check,95.33,281.66,Yes
6895-MKG,Female,0,Yes,No,26,Yes,No,No,No internet service,No internet service,No internet service,No internet service,No internet service,No internet service,One year,No,Credit card (automatic),22.74,585.35,No
3708-NNN,Female,1,Yes,Yes,57,Yes,No,Fiber optic,No,No,No,No,No,No,Month-to-month,Yes,Mailed check,90.1,5132.94,Yes
2750-OQU,Female,0,No,No,2,Yes,No,DSL,No,No,Yes,No,Yes,No,Month-to-month,Yes,Electronic check,82.92,173.15,Yes
6604-PTB,Male,0,No,No,49,Yes,No,DSL,No,No,No,No,No,No,Month-to-month,No,Mailed check,66.46,3248.17,Yes
3421-QWI,Female,0,Yes,Yes,25,Yes,No,Fiber optic,No,No,Yes,Yes,No,No,Month-to-month,No,Bank transfer (automatic),91.21,2270.47,No
8119-RZP,Male,0,No,Yes,17,Yes,No,Fiber optic,No,Yes,No,No,No,Yes,One year,Yes,Mailed check,100.47,1702.71,Yes
9901-SCW,Female,0,No,No,6,Yes,No,DSL,Yes,No,Yes,No,No,No,Two year,No,Electronic check,77.68,473.02,No
6319-TFD,Male,0,Yes,No,44,Yes,No,Fiber optic,No,No,No,Yes,No,Yes,Month-to-month,No,Credit card (automatic),82.67,3646.09,Yes
7609-UIK,Male,0,Yes,Yes,12,Yes,No,No,No internet service,No internet service,No internet service,No internet service,No internet service,No internet service,Month-to-month,Yes,Electronic check,24.47,299.9,No
6387-VLR,Male,0,No,No,5,Yes,No,Fiber optic,No,No,Yes,No,No,Yes,One year,Yes,Mailed check,85.52,418.36,Yes
4993-WOY,Female,1,Yes,No,34,Yes,No,Fiber optic,Yes,Yes,No,Yes,No,No,Month-to-month,Yes,Mailed check,100.92,3425.19,No
9680-XRF,Female,0,No,No,52,Yes,Yes,Fiber optic,Yes,No,Yes,No,No,No,Month-to-month,No,Mailed check,104.99,5456.07,No
9044-YUM,Female,1,Yes,No,67,Yes,No,DSL,No,Yes,No,Yes,No,No,One year,Yes,Bank transfer (automatic),81.0,5430.67,No
9238-ZXT,Male,0,No,No,41,Yes,Yes,DSL,No,No,No,Yes,Yes,Yes,Two year,Yes,Mailed check,69.7,2854.25,No
5873-AAA,Female,0,Yes,Yes,3,Yes,Yes,Fiber optic,Yes,Yes,No,Yes,No,Yes,Two year,Yes,Electronic check,115.82,347.35,No
5806-BDH,Male,0,No,No,59,Yes,No,DSL,Yes,No,No,No,No,No,Two year,Yes,Mailed check,73.23,4311.39,No
9592-CGO,Male,0,No,No,44,Yes,Yes,Fiber optic,Yes,No,Yes,No,No,No,Two year,No,Electronic check,108.65,4771.34,Yes
6913-DJV,Female,0,No,No,71,Yes,No,No,No internet service,No internet service,No internet service,No internet service,No internet service,No internet service,Month-to-month,Yes,Bank transfer (automatic),23.51,1673.85,No
8124-EMC,Male,0,Yes,No,65,Yes,No,No,No internet service,No internet service,No internet service,No internet service,No internet service,No internet service,One year,Yes,Electronic check,22.31,1442.25,No
4157-FPJ,Male,0,No,No,21,Yes,Yes,DSL,No,Yes,Yes,Yes,Yes,No,One year,Yes,Bank transfer (automatic),80.56,1687.27,No
1390-GSQ,Male,0,No,No,11,Yes,Yes,DSL,No,No,No,No,Yes,No,One year,No,Mailed check,57.79,625.79,Yes
5430-HVX,Female,0,No,Yes,50,Yes,Yes,DSL,No,No,No,No,Yes,No,Month-to-month,Yes,Credit card (automatic),52.69,2635.48,No
9820-IYE,Female,0,Yes,No,16,Yes,No,DSL,No,Yes,No,No,No,No,Two year,No,Mailed check,50.88,814.95,No
8686-JBL,Female,0,No,Yes,35,Yes,Yes,Fiber optic,No,No,Yes,Yes,Yes,Yes,Two year,Yes,Electronic check,95.7,3348.43,No
5232-KES,Male,0,No,No,48,Yes,Yes,DSL,No,No,Yes,No,No,Yes,Two year,Yes,Electronic check,81.89,3936.46,No
9007-LHZ,Male,0,Yes,No,15,Yes,Yes,DSL,Yes,No,Yes,No,No,Yes,Two year,Yes,Mailed check,67.61,1011.83,No
2521-MKG,Female,0,Yes,No,43,Yes,No,Fiber optic,Yes,Yes,No,Yes,No,Yes,Month-to-month,Yes,Mailed check,112.73,4842.35,Yes
2500-NNN,Male,0,Yes,No,21,Yes,No,Fiber optic,Yes,No,Yes,No,No,No,Two year,Yes,Mailed check,76.98,1613.27,No
7737-OQU,Female,0,Yes,Yes,7,Yes,Yes,Fiber optic,Yes,No,Yes,No,No,Yes,Month-to-month,Yes,Credit card (automatic),105.18,740.07,Yes
4294-PTB,Male,0,No,Yes,17,Yes,No,DSL,No,No,Yes,Yes,No,Yes,Month-to-month,Yes,Bank transfer (automatic),84.32,1442.39,No
6085-QWI,Male,1,No,No,71,Yes,Yes,DSL,No,Yes,No,No,Yes,No,Month-to-month,Yes,Bank transfer (automatic),66.37,4716.37,No
3419-RZP,Male,0,Yes,No,37,No,No phone service,Fiber optic,Yes,No,No,No,Yes,No,Month-to-month,No,Bank transfer (automatic),108.8,4035.43,No
4042-SCW,Male,0,No,No,28,Yes,Yes,No,No internet service,No internet service,No internet service,No internet service,No internet service,No internet service,Month-to-month,No,Bank transfer (automatic),21.8,612.53,No
5497-TFD,Female,0,Yes,Yes,72,Yes,Yes,DSL,Yes,No,Yes,No,No,Yes,Month-to-month,Yes,Bank transfer (automatic),79.56,5737.26,No
2466-UIK,Female,0,Yes,No,1,Yes,No,DSL,No,No,No,Yes,No,No,Two year,Yes,Electronic check,68.18,61.01,Yes
4561-VLR,Male,0,No,No,58,No,No phone service,No,No internet service,No internet service,No internet service,No internet service,No internet service,No internet service,Month-to-month,Yes,Mailed check,19.58,1130.4,No
1614-WOY,Female,0,Yes,Yes,41,No,No phone service,Fiber optic,No,Yes,Yes,No,No,Yes,One year,Yes,Electronic check,81.33,3337.74,No
6392-XRF,Female,1,No,Yes,20,No,No phone service,DSL,No,No,Yes,Yes,No,No,Two year,Yes,Credit card (automatic),58.62,1172.18,No
8693-YUM,Male,1,Yes,No,1,Yes,No,DSL,No,Yes,No,Yes,Yes,No,Month-to-month,Yes,Electronic check,83.73,81.0,No
4223-ZXT,Female,0,No,No,4,Yes,No,DSL,Yes,No,No,No,Yes,No,Two year,Yes,Bank transfer (automatic),69.67,275.78,No
8138-AAA,Male,0,Yes,No,16,Yes,No,DSL,Yes,Yes,No,No,No,No,Two year,No,Electronic check,63.83,1017.31,No
3667-BDH,Male,0,No,No,23,Yes,No,No,No internet service,No internet service,No internet service,No internet service,No internet service,No internet service,Two year,Yes,Electronic check,20.73,483.01,No
8980-CGO,Male,0,No,Yes,7,Yes,Yes,Fiber optic,No,No,Yes,No,Yes,Yes,One year,Yes,Credit card (automatic),112.86,787.12,No
1130-DJV,Male,0,Yes,No,29,Yes,No,DSL,Yes,Yes,Yes,Yes,No,No,Two year,Yes,Credit card (automatic),56.42,1627.72,No
3983-EMC,Male,1,Yes,Yes,49,Yes,Yes,No,No internet service,No internet service,No internet service,No internet service,No internet service,No internet service,One year,No,Electronic check,21.44,1043.58,No
5278-FPJ,Male,0,Yes,No,21,Yes,Yes,Fiber optic,No,Yes,No,No,Yes,No,Month-to-month,Yes,Mailed check,76.65,1609.53,Yes
8126-GSQ,Male,0,No,No,58,Yes,Yes,DSL,No,No,No,No,Yes,No,Two year,No,Mailed check,59.58,3448.19,No
9230-HVX,Female,1,Yes,No,23,Yes,Yes,No,No internet service,No internet service,No internet service,No internet service,No internet service,No internet service,Two year,No,Electronic check,24.17,562.56,No
8694-IYE,Male,0,No,No,25,Yes,No,Fiber optic,No,No,No,No,No,Yes,Month-to-month,Yes,Credit card (automatic),73.54,1846.8,Yes
7640-JBL,Male,0,Yes,Yes,60,Yes,Yes,DSL,No,Yes,Yes,Yes,No,No,Month-to-month,Yes,Credit card (automatic),45.66,2730.92,No
6468-KES,Female,0,Yes,Yes,7,Yes,Yes,Fiber optic,Yes,No,No,Yes,Yes,No,Two year,Yes,Mailed check,91.12,645.27,Yes
1920-LHZ,Female,0,Yes,No,11,Yes,Yes,DSL,No,No,Yes,Yes,No,No,Two year,No,Electronic check,71.4,789.13,Yes
8564-MKG,Male,0,Yes,No,13,Yes,No,Fiber optic,No,Yes,No,No,Yes,Yes,Two year,No,Mailed check,71.77,929.52,Yes
9684-NNN,Female,0,No,No,29,Yes,No,Fiber optic,No,No,No,Yes,No,No,Month-to-month,No,Electronic check,93.09,2694.66,Yes
9502-OQU,Male,0,Yes,No,54,Yes,Yes,DSL,Yes,Yes,Yes,No,No,Yes,Two year,Yes,Bank transfer (automatic),45.6,2460.51,No
9930-PTB,Male,1,No,Yes,60,Yes,No,Fiber optic,No,Yes,No,No,No,No,Month-to-month,No,Credit card (automatic),102.45,6148.99,Yes
4241-QWI,Female,0,No,No,61,Yes,No,Fiber optic,No,No,Yes,Yes,Yes,Yes,Two year,Yes,Electronic check,104.47,6367.48,No
1545-RZP,Male,0,Yes,No,30,No,No phone service,Fiber optic,Yes,Yes,Yes,No,No,No,One year,No,Bank transfer (automatic),113.86,3423.4,No
5346-SCW,Female,0,No,No,26,Yes,No,No,No internet service,No internet service,No internet service,No internet service,No internet service,No internet service,Month-to-month,Yes,Electronic check,24.62,630.68,No
4810-TFD,Male,0,Yes,No,0,Yes,No,Fiber optic,Yes,Yes,No,No,No,No,Month-to-month,No,Electronic check,108.44, ,Yes
8206-UIK,Female,0,No,No,40,Yes,Yes,No,No internet service,No internet service,No internet service,No internet service,No internet service,No internet service,One year,Yes,Mailed check,21.74,861.01,No
3032-VLR,Male,1,Yes,No,13,Yes,No,Fiber optic,Yes,Yes,Yes,No,No,No,One year,Yes,Electronic check,80.31,1043.57,No
9436-WOY,Female,1,Yes,No,49,Yes,No,DSL,No,No,Yes,Yes,Yes,No,Two year,No,Electronic check,72.2,3534.66,No
1271-XRF,Female,0,Yes,Yes,41,No,No phone service,DSL,No,No,No,No,No,Yes,Two year,No,Credit card (automatic),84.08,3443.51,No
4511-YUM,Female,1,Yes,No,70,Yes,No,Fiber optic,No,Yes,Yes,No,No,No,Month-to-month,Yes,Electronic check,112.35,7863.63,No
2771-ZXT,Female,0,No,Yes,39,Yes,No,DSL,No,Yes,Yes,No,Yes,No,Month-to-month,No,Mailed check,68.18,2660.49,Yes
5361-AAA,Male,0,No,No,13,Yes,No,Fiber optic,No,No,Yes,No,Yes,No,Month-to-month,No,Mailed check,114.6,1482.77,Yes
8069-BDH,Female,0,Yes,No,10,Yes,No,No,No internet service,No internet service,No internet service,No internet service,No internet service,No internet service,Month-to-month,No,Credit card (automatic),20.76,214.58,Yes
1920-CGO,Male,1,No,No,62,Yes,No,DSL,No,No,Yes,No,Yes,Yes,Month-to-month,Yes,Bank transfer (automatic),67.5,4181.87,No
9190-DJV,Male,0,No,No,48,Yes,Yes,Fiber optic,Yes,No,No,No,No,No,One year,Yes,Mailed check,94.14,4518.56,Yes
4430-EMC,Male,0,Yes,No,36,Yes,No,DSL,No,Yes,Yes,No,No,No,One year,Yes,Bank transfer (automatic),65.2,2348.53,No
5435-FPJ,Male,0,No,No,9,No,No phone service,No,No internet service,No internet service,No internet service,No internet service,No internet service,No internet service,One year,No,Credit card (automatic),24.83,226.43,No
4760-GSQ,Male,0,Yes,No,53,Yes,Yes,DSL,Yes,Yes,No,No,No,No,Two year,No,Electronic check,53.86,2846.84,No
3050-HVX,Female,0,No,Yes,6,Yes,No,Fiber optic,Yes,Yes,No,Yes,No,No,Month-to-month,Yes,Electronic check,72.14,439.73,Yes
2165-IYE,Female,0,No,No,11,Yes,Yes,DSL,No,Yes,No,Yes,No,Yes,Two year,No,Credit card (automatic),44.33,478.91,Yes
9567-JBL,Male,0,No,No,54,No,No phone service,DSL,No,Yes,No,No,No,No,Month-to-month,No,Electronic check,52.47,2827.76,No
3033-KES,Male,0,Yes,No,35,Yes,No,No,No internet service,No internet service,No internet service,No internet service,No internet service,No internet service,Month-to-month,Yes,Mailed check,22.08,764.77,No
7467-LHZ,Male,0,No,Yes,6,Yes,Yes,Fiber optic,No,Yes,Yes,No,No,No,One year,Yes,Credit card (automatic),108.1,653.86,Yes
1145-MKG,Female,1,Yes,No,23,Yes,Yes,Fiber optic,No,Yes,No,No,No,Yes,Month-to-month,No,Bank transfer (automatic),81.99,1890.04,No
5388-NNN,Female,0,Yes,Yes,33,No,No phone service,No,No internet service,No internet service,No internet service,No internet service,No internet service,No internet service,One year,Yes,Electronic check,19.48,638.82,No
8832-OQU,Female,0,No,No,64,Yes,Yes,Fiber optic,No,No,Yes,Yes,Yes,Yes,Month-to-month,No,Electronic check,89.28,5719.56,Yes
9623-PTB,Male,0,No,No,28,Yes,No,DSL,No,No,No,No,No,No,One year,No,Electronic check,72.94,2050.5,No
9896-QWI,Male,0,Yes,No,25,Yes,No,DSL,No,No,Yes,No,Yes,No,Two year,No,Electronic check,52.94,1317.19,No
9173-RZP,Female,1,No,No,64,No,No phone service,No,No internet service,No internet service,No internet service,No internet service,No internet service,No internet service,Two year,No,Electronic check,22.55,1440.55,No
3632-SCW,Female,0,Yes,No,44,Yes,Yes,Fiber optic,Yes,No,No,No,No,No,Month-to-month,Yes,Bank transfer (automatic),93.38,4109.3,No
5494-TFD,Male,0,Yes,No,16,Yes,Yes,DSL,No,Yes,No,No,No,No,Two year,No,Electronic check,48.86,777.86,No
9056-UIK,Male,1,No,Yes,35,Yes,Yes,DSL,No,No,Yes,No,No,No,Month-to-month,Yes,Credit card (automatic),61.58,2158.59,No
8511-VLR,Female,0,No,No,72,Yes,Yes,Fiber optic,No,No,Yes,Yes,No,No,Month-to-month,No,Electronic check,83.89,6046.75,Yes
2828-WOY,Male,0,Yes,No,62,Yes,No,Fiber optic,No,Yes,No,No,No,Yes,One year,Yes,Electronic check,97.26,6034.73,Yes
5805-XRF,Male,0,No,No,22,Yes,Yes,Fiber optic,No,No,No,No,No,No,Month-to-month,No,Electronic check,103.48,2285.43,Yes
1806-YUM,Male,0,Yes,No,65,Yes,No,Fiber optic,Yes,No,No,No,Yes,Yes,Month-to-month,No,Electronic check,116.31,7557.91,Yes
8486-ZXT,Male,0,Yes,Yes,41,Yes,Yes,Fiber optic,Yes,Yes,No,No,Yes,Yes,Month-to-month,Yes,Credit card (automatic),102.17,4182.62,Yes
9202-AAA,Female,1,Yes,No,70,Yes,No,Fiber optic,Yes,No,No,No,No,No,Month-to-month,No,Electronic check,74.89,5249.7,No
2868-BDH,Female,0,No,No,70,Yes,Yes,DSL,Yes,No,No,No,Yes,Yes,One year,No,Bank transfer (automatic),68.46,4801.96,No
8878-CGO,Male,0,No,Yes,42,Yes,No,No,No internet service,No internet service,No internet service,No internet service,No internet service,No internet service,Two year,Yes,Bank transfer (automatic),23.35,979.64,No
6690-DJV,Female,0,Yes,No,54,Yes,No,No,No internet service,No internet service,No internet service,No internet service,No internet service,No internet service,Two year,Yes,Mailed check,21.33,1145.64,No
8827-EMC,Male,0,Yes,Yes,55,Yes,Yes,DSL,Yes,Yes,No,Yes,No,No,Month-to-month,Yes,Mailed check,68.57,3767.11,Yes
6429-FPJ,Male,0,No,No,30,Yes,Yes,No,No internet service,No internet service,No internet service,No internet service,No internet service,No internet service,Month-to-month,Yes,Electronic check,21.02,629.43,Yes
4564-GSQ,Male,0,No,No,55,Yes,Yes,No,No internet service,No internet service,No internet service,No internet service,No internet service,No internet service,Month-to-month,Yes,Bank transfer (automatic),19.23,1050.46,No
2389-HVX,Female,0,Yes,No,47,Yes,No,No,No internet service,No internet service,No internet service,No internet service,No internet service,No internet service,Month-to-month,Yes,Mailed check,19.85,930.77,Yes
8274-IYE,Female,0,Yes,No,51,Yes,Yes,DSL,No,Yes,Yes,No,Yes,No,Month-to-month,Yes,Mailed check,65.05,3321.48,No
1824-JBL,Male,0,No,No,71,Yes,No,DSL,No,Yes,Yes,No,No,Yes,Two year,Yes,Electronic check,73.63,5228.13,No
3265-KES,Female,0,No,No,0,Yes,No,Fiber optic,No,No,No,No,No,No,Month-to-month,Yes,Bank transfer (automatic),96.36, ,No
1936-LHZ,Male,1,Yes,No,1,Yes,No,DSL,No,No,Yes,No,Yes,No,Month-to-month,Yes,Mailed check,66.83,72.51,No
7402-MKG,Male,0,No,Yes,41,Yes,No,Fiber optic,Yes,Yes,Yes,Yes,Yes,Yes,Month-to-month,No,Electronic check,90.38,3697.7,Yes
4845-NNN,Female,0,Yes,Yes,8,Yes,Yes,DSL,No,No,No,No,Yes,Yes,Two year,Yes,Mailed check,52.78,429.02,No
2796-OQU,Male,0,Yes,Yes,30,Yes,No,DSL,Yes,Yes,Yes,No,No,No,Two year,Yes,Electronic check,58.47,1750.78,No
9245-PTB,Female,0,No,No,1,Yes,No,Fiber optic,No,No,No,No,No,No,Two year,Yes,Electronic check,78.66,75.73,Yes
8214-QWI,Female,1,Yes,No,23,Yes,No,No,No internet service,No internet service,No internet service,No internet service,No internet service,No internet service,One year,Yes,Credit card (automatic),22.81,526.48,No
1726-RZP,Male,0,Yes,No,42,Yes,No,Fiber optic,No,No,Yes,Yes,Yes,No,One year,Yes,Credit card (automatic),102.05,4290.51,No
3736-SCW,Male,0,No,Yes,69,Yes,No,Fiber optic,Yes,Yes,No,Yes,No,Yes,Month-to-month,Yes,Credit card (automatic),104.71,7218.08,Yes
2913-TFD,Male,1,No,Yes,71,Yes,No,Fiber optic,No,Yes,Yes,Yes,Yes,No,One year,Yes,Credit card (automatic),75.34,5339.55,No
8657-UIK,Male,0,No,No,42,Yes,No,Fiber optic,Yes,Yes,No,No,No,No,Two year,No,Credit card (automatic),87.89,3686.92,No
3466-VLR,Male,0,Yes,Yes,50,Yes,No,No,No internet service,No internet service,No internet service,No internet service,No internet service,No internet service,Two year,No,Mailed check,23.12,1152.58,No
8312-WOY,Female,1,No,No,45,Yes,No,Fiber optic,No,No,Yes,Yes,No,No,Two year,No,Bank transfer (automatic),109.93,4939.9,No
9194-XRF,Female,0,No,No,0,Yes,No,Fiber optic,Yes,Yes,No,No,No,Yes,Month-to-month,Yes,Electronic check,118.24, ,Yes
8906-YUM,Male,0,Yes,No,66,Yes,No,Fiber optic,No,Yes,No,Yes,No,Yes,Month-to-month,Yes,Mailed check,116.06,7665.3,No
5876-ZXT,Female,0,No,Yes,0,No,No phone service,Fiber optic,No,No,Yes,No,No,No,Month-to-month,No,Bank transfer (automatic),76.15, ,Yes
8287-AAA,Male,0,Yes,No,62,Yes,No,Fiber optic,No,Yes,No,No,No,Yes,One year,No,Electronic check,108.31,6718.34,Yes
1892-BDH,Male,0,No,No,61,Yes,Yes,DSL,Yes,No,No,No,Yes,No,Month-to-month,Yes,Credit card (automatic),71.15,4334.22,No
5675-CGO,Male,0,No,No,60,No,No phone service,Fiber optic,No,No,Yes,Yes,No,Yes,Two year,No,Electronic check,71.14,4261.5,No
2933-DJV,Male,0,Yes,No,39,Yes,No,DSL,No,No,No,No,Yes,Yes,Two year,No,Credit card (automatic),81.1,3162.63,No
2380-EMC,Female,0,No,No,28,Yes,Yes,DSL,No,No,Yes,Yes,No,No,Month-to-month,No,Bank transfer (automatic),64.3,1807.5,Yes
2290-FPJ,Female,0,Yes,No,34,Yes,No,Fiber optic,No,Yes,No,No,No,Yes,One year,Yes,Credit card (automatic),107.66,3657.96,Yes
2640-GSQ,Male,0,No,No,10,Yes,Yes,No,No internet service,No internet service,No internet service,No internet service,No internet service,No internet service,One year,No,Electronic check,21.97,222.29,Yes
8490-HVX,Male,1,Yes,No,10,Yes,No,DSL,Yes,No,Yes,No,No,No,Two year,Yes,Bank transfer (automatic),57.45,568.97,No
2218-IYE,Male,0,Yes,No,62,Yes,Yes,Fiber optic,No,No,No,Yes,Yes,Yes,Month-to-month,No,Electronic check,93.78,5822.46,No
6016-JBL,Male,0,No,No,68,No,No phone service,No,No internet service,No internet service,No internet service,No internet service,No internet service,No internet service,Month-to-month,Yes,Electronic check,23.86,1628.79,No
7881-KES,Female,0,No,Yes,55,Yes,No,No,No internet service,No internet service,No internet service,No internet service,No internet service,No internet service,One year,No,Electronic check,19.66,1087.94,No
1954-LHZ,Male,0,Yes,No,6,Yes,Yes,DSL,Yes,No,No,No,No,No,Month-to-month,Yes,Credit card (automatic),66.62,389.94,No
8291-MKG,Male,0,No,No,50,Yes,No,DSL,Yes,No,No,No,No,No,Month-to-month,Yes,Credit card (automatic),69.66,3482.78,No
1974-NNN,Female,0,No,Yes,38,Yes,No,DSL,Yes,No,No,Yes,No,Yes,Month-to-month,Yes,Electronic check,68.02,2575.29,No
5133-OQU,Female,0,Yes,No,41,Yes,No,No,No internet service,No internet service,No internet service,No internet service,No internet service,No internet service,Two year,Yes,Electronic check,20.91,864.27,No
6370-PTB,Male,0,Yes,Yes,71,Yes,Yes,DSL,No,Yes,No,No,No,No,One year,Yes,Credit card (automatic),50.76,3597.4,No
4972-QWI,Male,0,No,Yes,52,Yes,Yes,Fiber optic,No,No,Yes,No,Yes,No,One year,No,Mailed check,82.75,4307.49,No
6295-RZP,Female,0,Yes,Yes,20,Yes,No,Fiber optic,No,Yes,Yes,No,No,No,Month-to-month,No,Electronic check,92.29,1840.76,No
9228-SCW,Male,1,No,Yes,29,Yes,Yes,Fiber optic,Yes,Yes,No,No,Yes,No,One year,Yes,Bank transfer (automatic),80.07,2328.72,No
4020-TFD,Female,0,No,Yes,0,Yes,No,Fiber optic,No,No,No,Yes,No,No,Month-to-month,No,Mailed check,105.55, ,Yes
9987-UIK,Female,1,No,No,23,Yes,Yes,Fiber optic,Yes,No,No,Yes,No,No,Month-to-month,Yes,Bank transfer (automatic),83.56,1918.16,No
5036-VLR,Male,1,Yes,No,5,Yes,No,Fiber optic,No,Yes,Yes,Yes,Yes,No,One year,No,Electronic check,79.63,388.97,Yes
6068-WOY,Male,1,No,Yes,5,Yes,Yes,Fiber optic,Yes,No,No,Yes,No,Yes,Two year,Yes,Bank transfer (automatic),87.34,427.65,Yes
6233-XRF,Male,1,Yes,No,68,Yes,Yes,DSL,Yes,No,No,No,Yes,Yes,One year,No,Credit card (automatic),53.26,3628.84,No
1317-YUM,Female,1,No,No,61,Yes,Yes,DSL,No,Yes,Yes,No,Yes,No,Month-to-month,No,Credit card (automatic),72.91,4455.4,No
3396-ZXT,Female,0,Yes,No,34,Yes,No,Fiber optic,No,No,Yes,No,No,No,One year,Yes,Credit card (automatic),108.94,3708.88,No
3162-AAA,Female,0,Yes,No,34,Yes,No,Fiber optic,Yes,No,Yes,No,No,No,Two year,Yes,Electronic check,90.45,3084.73,No
3745-BDH,Female,0,Yes,Yes,47,Yes,No,Fiber optic,No,No,No,Yes,No,No,Month-to-month,No,Credit card (automatic),102.31,4816.85,Yes
2591-CGO,Female,1,Yes,No,71,Yes,No,DSL,Yes,No,Yes,No,No,Yes,Two year,Yes,Electronic check,52.09,3702.73,No
7183-DJV,Female,0,No,No,42,Yes,Yes,Fiber optic,No,No,No,Yes,Yes,Yes,One year,Yes,Credit card (automatic),86.38,3618.21,No
4930-EMC,Female,0,No,No,34,Yes,Yes,No,No internet service,No internet service,No internet service,No internet service,No internet service,No internet service,Two year,No,Electronic check,19.29,649.62,No
2312-FPJ,Female,0,No,No,4,Yes,No,No,No internet service,No internet service,No internet service,No internet service,No internet service,No internet service,One year,Yes,Electronic check,19.68,73.09,No
5311-GSQ,Male,0,Yes,Yes,30,Yes,Yes,Fiber optic,No,No,No,No,No,No,One year,No,Bank transfer (automatic),93.07,2787.7,No
8314-HVX,Female,0,Yes,No,30,Yes,No,Fiber optic,No,No,No,Yes,No,No,Two year,Yes,Bank transfer (automatic),101.55,3041.92,No
3383-IYE,Female,0,No,Yes,7,Yes,No,No,No internet service,No internet service,No internet service,No internet service,No internet service,No internet service,Two year,Yes,Credit card (automatic),19.22,128.36,No
4239-JBL,Male,0,No,No,5,Yes,Yes,DSL,Yes,No,No,Yes,Yes,Yes,Two year,No,Electronic check,65.69,328.17,No
3139-KES,Female,0,Yes,No,52,Yes,Yes,Fiber optic,No,Yes,Yes,No,Yes,Yes,One year,Yes,Mailed check,92.49,4818.7,No
2704-LHZ,Male,0,No,No,43,Yes,Yes,Fiber optic,No,Yes,No,No,Yes,Yes,Month-to-month,Yes,Bank transfer (automatic),70.58,3025.86,Yes
7924-MKG,Female,0,No,Yes,48,Yes,No,DSL,Yes,No,Yes,Yes,Yes,No,Month-to-month,Yes,Credit card (automatic),79.86,3826.68,No
1362-NNN,Female,0,No,No,7,Yes,Yes,Fiber optic,No,Yes,No,No,Yes,No,Month-to-month,Yes,Bank transfer (automatic),98.2,684.69,Yes
3604-OQU,Female,1,Yes,No,63,Yes,Yes,Fiber optic,Yes,Yes,Yes,No,No,No,Two year,No,Credit card (automatic),82.68,5211.03,No
5286-PTB,Female,0,No,No,3,Yes,Yes,DSL,Yes,No,No,No,No,Yes,Two year,Yes,Mailed check,68.48,198.13,No
4738-QWI,Male,0,Yes,No,31,Yes,Yes,DSL,Yes,No,No,No,No,Yes,Month-to-month,Yes,Credit card (automatic),82.09,2545.99,No
3469-RZP,Male,0,No,No,52,Yes,No,Fiber optic,Yes,No,No,No,No,Yes,Month-to-month,No,Credit card (automatic),70.96,3682.59,No
5795-SCW,Female,0,Yes,Yes,66,Yes,No,DSL,No,Yes,Yes,Yes,No,No,Month-to-month,No,Electronic check,83.04,5474.72,No
7150-TFD,Female,0,No,No,62,Yes,No,Fiber optic,No,Yes,No,Yes,Yes,Yes,One year,No,Mailed check,101.98,6313.11,No
1556-UIK,Male,0,No,Yes,59,Yes,No,Fiber optic,Yes,No,No,No,No,No,Month-to-month,Yes,Electronic check,96.26,5688.55,Yes
3808-VLR,Female,1,Yes,Yes,32,No,No phone service,Fiber optic,No,No,No,No,Yes,No,Two year,Yes,Electronic check,89.35,2854.42,No
6150-WOY,Male,0,No,No,21,Yes,No,DSL,No,No,Yes,No,Yes,No,Month-to-month,No,Credit card (automatic),49.42,1040.05,No
8561-XRF,Female,0,No,No,30,Yes,No,DSL,Yes,No,No,No,No,No,Month-to-month,Yes,Credit card (automatic),44.74,1337.16,Yes
3719-YUM,Male,1,Yes,Yes,23,Yes,No,No,No internet service,No internet service,No internet service,No internet service,No internet service,No internet service,Month-to-month,No,Mailed check,21.18,495.67,Yes
7506-ZXT,Female,0,Yes,No,2,Yes,Yes,Fiber optic,Yes,No,No,Yes,Yes,Yes,One year,No,Mailed check,96.88,184.66,No
4741-AAA,Female,0,Yes,No,32,Yes,Yes,No,No internet service,No internet service,No internet service,No internet service,No internet service,No internet service,Month-to-month,No,Mailed check,24.93,797.64,Yes
4998-BDH,Male,0,No,Yes,25,No,No phone service,DSL,Yes,Yes,No,No,No,No,One year,No,Bank transfer (automatic),65.54,1635.04,No
3403-CGO,Male,1,No,No,50,Yes,Yes,Fiber optic,No,No,No,No,Yes,Yes,Two year,Yes,Credit card (automatic),104.38,5216.31,No
9780-DJV,Male,1,No,No,29,Yes,No,Fiber optic,No,No,No,No,No,Yes,One year,Yes,Credit card (automatic),100.8,2915.22,No
1294-EMC,Male,1,Yes,No,34,Yes,Yes,Fiber optic,No,Yes,No,No,No,No,Two year,No,Electronic check,112.86,3835.08,No
6343-FPJ,Male,0,Yes,No,24,Yes,No,Fiber optic,Yes,Yes,No,No,No,No,Month-to-month,No,Credit card (automatic),93.75,2254.67,Yes
2136-GSQ,Female,0,Yes,No,27,Yes,No,No,No internet service,No internet service,No internet service,No internet service,No internet service,No internet service,One year,No,Mailed check,19.44,528.56,No
3064-HVX,Male,0,No,No,25,No,No phone service,Fiber optic,No,No,Yes,No,Yes,Yes,One year,Yes,Credit card (automatic),81.52,2046.38,Yes
8009-IYE,Female,0,Yes,No,72,Yes,Yes,Fiber optic,Yes,Yes,Yes,No,Yes,Yes,Month-to-month,Yes,Credit card (automatic),87.49,6290.47,Yes
5543-JBL,Male,1,Yes,No,7,Yes,No,DSL,No,No,No,No,Yes,Yes,Two year,Yes,Mailed check,51.78,370.52,No
2007-KES,Male,1,No,Yes,14,Yes,Yes,Fiber optic,No,Yes,No,Yes,No,No,Two year,Yes,Electronic check,108.61,1519.57,No
6445-LHZ,Female,0,No,No,48,No,No phone service,Fiber optic,No,Yes,Yes,No,No,No,Month-to-month,Yes,Mailed check,88.02,4223.37,No
6352-MKG,Female,0,Yes,No,7,Yes,No,Fiber optic,No,No,No,No,No,No,Month-to-month,Yes,Electronic check,88.56,618.53,Yes
2435-NNN,Female,0,Yes,No,54,Yes,No,Fiber optic,Yes,No,Yes,Yes,No,No,Month-to-month,No,Mailed check,94.4,5101.5,Yes
1571-OQU,Female,0,No,Yes,57,Yes,Yes,No,No internet service,No internet service,No internet service,No internet service,No internet service,No internet service,Month-to-month,Yes,Credit card (automatic),20.19,1149.79,No
3382-PTB,Male,0,No,No,2,Yes,Yes,Fiber optic,No,No,No,No,No,No,Month-to-month,No,Credit card (automatic),76.1,161.75,No
6084-QWI,Female,0,Yes,No,8,Yes,Yes,Fiber optic,Yes,No,No,Yes,No,No,Two year,No,Mailed check,105.82,850.17,No
1277-RZP,Female,0,No,No,13,Yes,No,Fiber optic,Yes,No,No,No,Yes,No,One year,Yes,Bank transfer (automatic),98.82,1286.78,No
8059-SCW,Male,0,No,Yes,19,No,No phone service,Fiber optic,No,Yes,No,No,No,No,Month-to-month,No,Bank transfer (automatic),79.31,1500.04,No
2887-TFD,Male,0,No,No,3,Yes,Yes,DSL,Yes,Yes,Yes,No,No,No,Two year,No,Bank transfer (automatic),46.54,134.38,No
2265-UIK,Male,1,Yes,No,23,Yes,No,No,No internet service,No internet service,No internet service,No internet service,No internet service,No internet service,Month-to-month,Yes,Bank transfer (automatic),21.88,506.85,No
8491-VLR,Male,0,Yes,No,27,Yes,No,Fiber optic,No,Yes,No,No,Yes,No,Month-to-month,Yes,Credit card (automatic),102.49,2764.8,Yes
2040-WOY,Male,1,No,Yes,30,Yes,Yes,DSL,Yes,No,Yes,Yes,No,No,One year,No,Electronic check,53.58,1612.74,No
9073-XRF,Male,0,No,No,66,Yes,No,DSL,No,Yes,Yes,No,No,Yes,Two year,Yes,Electronic check,60.05,3961.87,No
3752-YUM,Male,0,No,Yes,63,Yes,Yes,DSL,Yes,No,Yes,No,No,Yes,Two year,Yes,Electronic check,80.08,5052.48,No
9213-ZXT,Male,0,No,No,16,No,No phone service,DSL,No,Yes,Yes,No,Yes,No,Two year,Yes,Bank transfer (automatic),64.73,1037.6,No
5569-AAA,Female,0,Yes,Yes,5,Yes,No,DSL,No,No,No,Yes,No,Yes,Month-to-month,No,Mailed check,79.21,402.94,No
7353-BDH,Female,0,Yes,Yes,59,Yes,Yes,DSL,No,Yes,No,No,No,Yes,Month-to-month,No,Bank transfer (automatic),66.4,3925.22,No
3353-CGO,Male,0,Yes,No,10,Yes,No,DSL,No,No,Yes,Yes,Yes,No,One year,No,Mailed check,69.04,686.98,Yes
8437-DJV,Male,0,No,No,37,Yes,No,Fiber optic,No,No,No,No,No,No,Two year,No,Bank transfer (automatic),98.37,3637.55,No
5799-EMC,Male,0,No,No,33,No,No phone service,DSL,Yes,No,No,No,No,No,One year,No,Electronic check,49.59,1640.95,No
1686-FPJ,Male,0,Yes,No,46,Yes,No,DSL,Yes,No,No,Yes,No,No,Month-to-month,Yes,Mailed check,46.03,2109.83,No
9476-GSQ,Male,0,Yes,Yes,31,Yes,No,Fiber optic,No,Yes,No,No,No,No,Two year,Yes,Bank transfer (automatic),105.01,3248.19,No
5811-HVX,Male,0,No,Yes,56,Yes,Yes,Fiber optic,Yes,Yes,No,Yes,Yes,No,Two year,Yes,Electronic check,99.54,5580.67,No
9954-IYE,Male,0,No,No,45,No,No phone service,DSL,No,Yes,Yes,Yes,Yes,No,Month-to-month,Yes,Electronic check,58.29,2613.31,No
6346-JBL,Male,0,No,No,34,No,No phone service,No,No internet service,No internet service,No internet service,No internet service,No internet service,No internet service,Month-to-month,Yes,Electronic check,22.22,746.23,Yes
6043-KES,Female,0,Yes,No,21,Yes,No,Fiber optic,No,No,No,Yes,No,Yes,Two year,Yes,Credit card (automatic),96.6,2030.11,No
3428-LHZ,Female,1,No,No,15,Yes,Yes,No,No internet service,No internet service,No internet service,No internet service,No internet service,No internet service,One year,No,Mailed check,23.22,357.56,No
6126-MKG,Male,0,Yes,No,4,Yes,Yes,DSL,No,Yes,Yes,No,Yes,Yes,Month-to-month,Yes,Electronic check,67.76,279.69,Yes
9220-NNN,Female,1,Yes,No,25,Yes,No,Fiber optic,Yes,Yes,No,No,No,No,Month-to-month,No,Bank transfer (automatic),102.13,2552.07,No
8813-OQU,Male,0,Yes,No,23,Yes,No,Fiber optic,No,No,No,No,Yes,Yes,One year,Yes,Electronic check,96.67,2229.39,No
4356-PTB,Female,0,Yes,No,66,Yes,Yes,Fiber optic,No,No,Yes,Yes,No,Yes,One year,No,Mailed check,77.73,5134.11,No
9707-QWI,Male,0,No,No,31,Yes,No,No,No internet service,No internet service,No internet service,No internet service,No internet service,No internet service,Month-to-month,Yes,Electronic check,24.03,751.0,Yes
8266-RZP,Male,0,No,Yes,22,Yes,Yes,No,No internet service,No internet service,No internet service,No internet service,No internet service,No internet service,Two year,No,Bank transfer (automatic),20.96,455.97,No
7540-SCW,Male,0,Yes,Yes,48,Yes,Yes,Fiber optic,Yes,No,Yes,No,No,No,Month-to-month,Yes,Electronic check,80.08,3840.37,Yes
1038-TFD,Female,0,No,Yes,61,Yes,No,Fiber optic,Yes,No,No,Yes,Yes,No,Month-to-month,Yes,Credit card (automatic),117.12,7149.86,No
4342-UIK,Male,0,Yes,No,65,Yes,Yes,No,No internet service,No internet service,No internet service,No internet service,No internet service,No internet service,Month-to-month,Yes,Bank transfer (automatic),22.66,1468.37,No
3844-VLR,Male,0,Yes,No,10,No,No phone service,Fiber optic,No,No,Yes,Yes,No,No,Month-to-month,Yes,Electronic check,114.89,1154.06,Yes
2098-WOY,Female,0,Yes,No,17,Yes,No,No,No internet service,No internet service,No internet service,No internet service,No internet service,No internet service,One year,No,Mailed check,19.91,343.52,No
8027-XRF,Male,0,Yes,No,9,Yes,No,DSL,No,Yes,No,No,No,No,Month-to-month,Yes,Electronic check,70.62,640.87,Yes
2823-YUM,Female,0,Yes,No,59,Yes,No,DSL,Yes,No,No,No,No,Yes,Month-to-month,Yes,Bank transfer (automatic),61.73,3640.8,Yes
4155-ZXT,Female,1,No,Yes,7,No,No phone service,DSL,Yes,Yes,No,No,No,No,One year,Yes,Bank transfer (automatic),45.75,314.1,No
4093-AAA,Female,0,No,No,70,Yes,No,Fiber optic,No,Yes,No,No,No,No,Month-to-month,Yes,Electronic check,93.13,6511.01,No
6658-BDH,Male,1,No,No,47,Yes,Yes,Fiber optic,Yes,No,No,No,No,Yes,Month-to-month,No,Bank transfer (automatic),86.79,4073.01,Yes
4778-CGO,Male,0,Yes,No,40,Yes,No,No,No internet service,No internet service,No internet service,No internet service,No internet service,No internet service,Month-to-month,Yes,Credit card (automatic),18.84,753.42,Yes
3896-DJV,Male,0,No,Yes,7,No,No phone service,Fiber optic,No,Yes,Yes,Yes,Yes,No,One year,Yes,Credit card (automatic),106.55,741.07,No
1988-EMC,Female,0,No,Yes,36,No,No phone service,Fiber optic,No,Yes,No,No,Yes,Yes,Month-to-month,No,Electronic check,96.77,3490.89,No
5116-FPJ,Female,0,No,No,36,Yes,Yes,DSL,No,Yes,Yes,No,No,Yes,Month-to-month,Yes,Mailed check,45.37,1637.99,No
7446-GSQ,Male,0,Yes,Yes,63,Yes,No,No,No internet service,No internet service,No internet service,No internet service,No internet service,No internet service,One year,No,Electronic check,19.89,1257.88,No
5179-HVX,Male,0,No,No,58,Yes,Yes,Fiber optic,No,No,Yes,Yes,No,No,Month-to-month,No,Bank transfer (automatic),117.17,6791.78,Yes
2682-IYE,Male,1,No,Yes,44,Yes,Yes,DSL,Yes,Yes,Yes,Yes,No,No,Month-to-month,Yes,Credit card (automatic),73.51,3233.84,Yes
6626-JBL,Female,0,No,No,15,Yes,No,Fiber optic,Yes,No,No,Yes,No,Yes,Month-to-month,Yes,Bank transfer (automatic),115.05,1728.43,No
8424-KES,Female,0,Yes,No,25,Yes,Yes,No,No internet service,No internet service,No internet service,No internet service,No internet service,No internet service,Month-to-month,No,Credit card (automatic),22.01,549.14,No
1933-LHZ,Male,1,No,No,30,Yes,No,Fiber optic,Yes,No,No,No,No,No,Two year,Yes,Electronic check,110.4,3317.89,Yes
4598-MKG,Male,0,No,Yes,26,Yes,Yes,Fiber optic,Yes,No,Yes,Yes,No,No,One year,Yes,Electronic check,94.82,2467.14,No
2980-NNN,Female,0,Yes,No,42,Yes,No,Fiber optic,No,Yes,No,No,Yes,Yes,One year,No,Credit card (automatic),93.71,3937.77,Yes
4056-OQU,Female,0,Yes,No,14,Yes,No,DSL,No,No,Yes,No,Yes,Yes,Two year,No,Mailed check,52.14,721.11,No
9984-PTB,Male,0,No,No,57,Yes,Yes,Fiber optic,Yes,Yes,No,No,Yes,No,Month-to-month,No,Bank transfer (automatic),108.43,6186.4,Yes
1791-QWI,Female,0,Yes,Yes,48,No,No phone service,DSL,No,No,No,No,No,No,Month-to-month,Yes,Credit card (automatic),64.95,3110.07,No
6390-RZP,Male,1,Yes,No,24,Yes,Yes,DSL,Yes,Yes,Yes,Yes,No,No,One year,Yes,Bank transfer (automatic),51.54,1230.97,No
7635-SCW,Female,0,No,Yes,67,Yes,Yes,No,No internet service,No internet service,No internet service,No internet service,No internet service,No internet service,One year,No,Bank transfer (automatic),21.23,1414.77,No
3255-TFD,Female,0,Yes,No,35,Yes,No,DSL,No,No,No,No,No,No,Two year,Yes,Mailed check,63.34,2223.61,No
4610-UIK,Male,0,No,No,46,No,No phone service,Fiber optic,No,No,No,Yes,No,No,Month-to-month,Yes,Credit card (automatic),71.76,3308.65,No
2607-VLR,Female,0,No,Yes,58,Yes,No,Fiber optic,No,Yes,No,Yes,Yes,Yes,One year,Yes,Bank transfer (automatic),105.89,6151.17,No
6179-WOY,Male,0,Yes,Yes,51,No,No phone service,No,No internet service,No internet service,No internet service,No internet service,No internet service,No internet service,One year,Yes,Bank transfer (automatic),18.39,931.2,No
7573-XRF,Male,0,No,No,39,Yes,No,No,No internet service,No internet service,No internet service,No internet service,No internet service,No internet service,Month-to-month,No,Electronic check,22.01,865.39,Yes
1984-YUM,Female,0,Yes,Yes,42,Yes,No,Fiber optic,No,No,No,No,Yes,No,Month-to-month,Yes,Mailed check,101.47,4263.38,Yes
6776-ZXT,Female,1,No,No,55,Yes,Yes,DSL,No,No,Yes,No,No,No,Month-to-month,Yes,Credit card (automatic),45.8,2527.05,No
4676-AAA,Male,0,No,No,2,Yes,No,Fiber optic,Yes,Yes,No,No,No,No,Two year,No,Mailed check,85.84,167.53,No
4380-BDH,Female,0,Yes,No,70,No,No phone service,No,No internet service,No internet service,No internet service,No internet service,No internet service,No internet service,Month-to-month,No,Credit card (automatic),23.45,1637.05,Yes
9711-CGO,Female,0,No,Yes,11,No,No phone service,Fiber optic,No,Yes,No,No,No,No,One year,Yes,Credit card (automatic),77.0,853.11,Yes
9782-DJV,Female,0,No,Yes,64,Yes,No,Fiber optic,No,Yes,No,No,No,Yes,Month-to-month,No,Bank transfer (automatic),94.09,6016.71,No
2050-EMC,Male,1,Yes,No,42,Yes,Yes,DSL,No,Yes,Yes,Yes,No,No,Month-to-month,Yes,Electronic check,48.66,2035.17,No
4633-FPJ,Male,0,Yes,No,69,Yes,No,No,No internet service,No internet service,No internet service,No internet service,No internet service,No internet service,Two year,Yes,Electronic check,24.73,1705.18,No
7342-GSQ,Male,0,Yes,No,45,Yes,No,No,No internet service,No internet service,No internet service,No internet service,No internet service,No internet service,Month-to-month,No,Mailed check,19.81,893.55,Yes
1959-HVX,Female,0,No,No,59,Yes,Yes,Fiber optic,Yes,Yes,No,No,No,No,Month-to-month,No,Electronic check,91.45,5399.68,No
7059-IYE,Male,0,Yes,No,60,Yes,Yes,No,No internet service,No internet service,No internet service,No internet service,No internet service,No internet service,Month-to-month,Yes,Mailed check,21.1,1258.83,No
9884-JBL,Male,0,Yes,Yes,48,Yes,Yes,DSL,No,Yes,No,No,Yes,No,Month-to-month,No,Bank transfer (automatic),68.58,3292.13,Yes
6655-KES,Male,0,Yes,No,24,Yes,No,DSL,No,No,No,No,Yes,Yes,Month-to-month,No,Mailed check,57.45,1375.47,No
5473-LHZ,Male,1,No,Yes,2,Yes,Yes,No,No internet service,No internet service,No internet service,No internet service,No internet service,No internet service,Two year,Yes,Electronic check,21.49,41.96,No
3946-MKG,Male,0,No,Yes,67,Yes,Yes,Fiber optic,Yes,Yes,No,No,Yes,Yes,Month-to-month,Yes,Credit card (automatic),114.95,7693.57,No
8725-NNN,Male,0,No,No,62,Yes,No,Fiber optic,No,No,Yes,No,Yes,Yes,One year,Yes,Mailed check,72.81,4519.02,No
1526-OQU,Male,0,Yes,No,29,Yes,Yes,No,No internet service,No internet service,No internet service,No internet service,No internet service,No internet service,Month-to-month,No,Electronic check,18.35,534.97,No
4224-PTB,Female,0,Yes,No,3,Yes,No,Fiber optic,Yes,No,No,No,Yes,No,Two year,Yes,Electronic check,118.62,356.48,No
2875-QWI,Female,0,Yes,No,70,Yes,No,No,No internet service,No internet service,No internet service,No internet service,No internet service,No internet service,Month-to-month,No,Mailed check,21.41,1492.31,No
2763-RZP,Female,0,Yes,No,20,Yes,No,No,No internet service,No internet service,No internet service,No internet service,No internet service,No internet service,Month-to-month,No,Bank transfer (automatic),20.49,403.26,Yes
9712-SCW,Female,0,No,No,70,No,No phone service,Fiber optic,Yes,No,Yes,Yes,No,No,One year,No,Mailed check,80.53,5631.13,No
6797-TFD,Female,1,Yes,Yes,0,Yes,No,No,No internet service,No internet service,No internet service,No internet service,No internet service,No internet service,Month-to-month,No,Bank transfer (automatic),22.84, ,No
8099-UIK,Male,0,No,Yes,59,Yes,No,Fiber optic,No,No,No,Yes,No,No,One year,Yes,Credit card (automatic),100.53,5937.03,No
6109-VLR,Female,0,No,No,33,Yes,Yes,DSL,No,No,Yes,Yes,Yes,Yes,Two year,No,Mailed check,54.75,1803.96,No
7644-WOY,Male,0,No,No,2,Yes,No,DSL,Yes,No,Yes,No,No,No,Month-to-month,No,Electronic check,53.97,105.44,No
1116-XRF,Male,0,No,No,17,Yes,Yes,Fiber optic,Yes,No,No,No,No,No,Two year,Yes,Mailed check,110.6,1877.31,No
3433-YUM,Female,0,No,No,42,Yes,No,No,No internet service,No internet service,No internet service,No internet service,No internet service,No internet service,Month-to-month,Yes,Bank transfer (automatic),23.24,968.63,No
6463-ZXT,Male,0,Yes,No,40,Yes,No,DSL,No,No,No,Yes,No,Yes,Month-to-month,Yes,Electronic check,75.32,3019.82,Yes
1583-AAA,Male,0,No,No,23,Yes,No,DSL,Yes,Yes,No,Yes,No,No,Month-to-month,Yes,Electronic check,62.68,1443.02,Yes
9586-BDH,Female,0,No,No,23,Yes,Yes,No,No internet service,No internet service,No internet service,No internet service,No internet service,No internet service,Two year,Yes,Mailed check,20.34,477.72,No
4788-CGO,Female,0,No,No,2,Yes,No,Fiber optic,No,Yes,Yes,No,Yes,No,Month-to-month,Yes,Bank transfer (automatic),94.27,188.89,Yes
5167-DJV,Female,1,Yes,No,58,Yes,No,DSL,No,No,No,No,No,No,Month-to-month,Yes,Electronic check,68.34,3967.5,No
9465-EMC,Male,0,Yes,Yes,57,Yes,Yes,No,No internet service,No internet service,No internet service,No internet service,No internet service,No internet service,One year,Yes,Mailed check,23.13,1324.61,No
2389-FPJ,Female,0,No,No,72,Yes,No,Fiber optic,No,Yes,No,No,No,No,Two year,No,Bank transfer (automatic),92.39,6658.41,No
9357-GSQ,Male,1,Yes,No,23,Yes,No,No,No internet service,No internet service,No internet service,No internet service,No internet service,No internet service,Two year,No,Mailed check,22.94,526.39,No
7154-HVX,Male,0,Yes,Yes,65,Yes,No,DSL,Yes,No,No,No,No,Yes,Two year,Yes,Electronic check,65.35,4245.36,Yes
6420-IYE,Female,0,Yes,No,39,No,No phone service,Fiber optic,Yes,Yes,Yes,No,No,Yes,Two year,Yes,Mailed check,77.87,3029.89,No
9920-JBL,Male,0,No,Yes,70,Yes,Yes,Fiber optic,No,No,No,Yes,Yes,Yes,Month-to-month,Yes,Mailed check,73.71,5165.09,Yes
3043-KES,Female,0,Yes,Yes,8,Yes,Yes,DSL,Yes,Yes,Yes,No,No,No,Month-to-month,Yes,Electronic check,67.0,538.52,Yes
5197-LHZ,Male,0,No,No,59,Yes,No,Fiber optic,No,No,No,Yes,Yes,No,Two year,No,Credit card (automatic),92.6,5456.81,No
4496-MKG,Female,0,Yes,Yes,38,Yes,No,No,No internet service,No internet service,No internet service,No internet service,No internet service,No internet service,Two year,Yes,Bank transfer (automatic),20.82,791.09,No
1778-NNN,Male,1,Yes,No,32,Yes,No,Fiber optic,No,No,No,No,No,No,Month-to-month,No,Credit card (automatic),97.79,3130.68,No
1213-OQU,Female,0,No,No,33,Yes,Yes,DSL,No,No,No,No,Yes,No,Month-to-month,Yes,Electronic check,72.74,2407.72,Yes
4762-PTB,Male,0,No,No,61,No,No phone service,Fiber optic,Yes,No,Yes,Yes,No,No,One year,No,Credit card (automatic),81.29,4950.41,No
7731-QWI,Male,0,Yes,Yes,60,Yes,Yes,DSL,No,Yes,No,No,No,Yes,Month-to-month,Yes,Mailed check,66.35,3974.24,No
4117-RZP,Female,0,Yes,No,26,No,No phone service,DSL,No,No,No,No,No,Yes,Month-to-month,Yes,Electronic check,52.99,1378.42,Yes
6791-SCW,Male,1,Yes,No,16,Yes,No,No,No internet service,No internet service,No internet service,No internet service,No internet service,No internet service,Two year,Yes,Credit card (automatic),22.57,352.04,No
9783-TFD,Female,0,Yes,No,59,Yes,No,DSL,No,No,Yes,No,Yes,Yes,Month-to-month,Yes,Electronic check,66.79,3938.28,Yes
3720-UIK,Male,0,No,No,41,Yes,No,Fiber optic,Yes,Yes,No,No,Yes,Yes,Month-to-month,Yes,Bank transfer (automatic),104.13,4259.65,No
9905-VLR,Male,0,Yes,No,46,Yes,Yes,No,No internet service,No internet service,No internet service,No internet service,No internet service,No internet service,One year,Yes,Credit card (automatic),23.89,1094.09,Yes
7047-WOY,Female,0,Yes,Yes,52,No,No phone service,Fiber optic,Yes,Yes,No,No,No,Yes,Two year,Yes,Credit card (automatic),85.92,4461.07,No
9032-XRF,Female,0,Yes,No,20,Yes,Yes,No,No internet service,No internet service,No internet service,No internet service,No internet service,No internet service,Month-to-month,Yes,Electronic check,24.28,481.32,Yes
1001-YUM,Female,0,Yes,Yes,7,Yes,No,No,No internet service,No internet service,No internet service,No internet service,No internet service,No internet service,Month-to-month,No,Credit card (automatic),18.77,136.73,Yes
7368-ZXT,Male,0,No,No,72,Yes,Yes,Fiber optic,No,No,No,No,No,No,Month-to-month,No,Bank transfer (automatic),100.99,7268.23,Yes
2949-AAA,Female,0,Yes,No,57,No,No phone service,Fiber optic,No,No,No,No,No,Yes,Month-to-month,Yes,Credit card (automatic),84.93,4848.86,Yes
7732-BDH,Female,0,Yes,No,67,Yes,Yes,No,No internet service,No internet service,No internet service,No internet service,No internet service,No internet service,Month-to-month,No,Bank transfer (automatic),23.3,1556.64,No
8833-CGO,Female,0,Yes,No,62,Yes,No,No,No internet service,No internet service,No internet service,No internet service,No internet service,No internet service,Month-to-month,No,Bank transfer (automatic),18.3,1127.17,Yes
1917-DJV,Female,0,No,Yes,58,Yes,No,DSL,Yes,No,No,No,Yes,No,Month-to-month,Yes,Bank transfer (automatic),78.05,4518.1,No
4174-EMC,Male,1,No,No,29,Yes,No,No,No internet service,No internet service,No internet service,No internet service,No internet service,No internet service,One year,Yes,Mailed check,23.87,702.07,No
8014-FPJ,Female,0,Yes,No,24,Yes,Yes,No,No internet service,No internet service,No internet service,No internet service,No internet service,No internet service,Month-to-month,Yes,Credit card (automatic),21.51,508.16,Yes
1089-GSQ,Male,1,No,No,55,Yes,No,DSL,No,No,Yes,No,No,No,Month-to-month,No,Electronic check,82.11,4513.28,No
2709-HVX,Male,0,No,Yes,33,Yes,Yes,DSL,Yes,No,Yes,No,No,Yes,Month-to-month,Yes,Electronic check,61.08,2022.58,No
4041-IYE,Male,0,Yes,No,49,Yes,No,DSL,Yes,No,No,Yes,Yes,Yes,Month-to-month,Yes,Bank transfer (automatic),81.1,3968.43,No
1105-JBL,Female,0,Yes,No,1,Yes,Yes,Fiber optic,No,No,Yes,No,No,Yes,Two year,Yes,Bank transfer (automatic),70.03,61.33,No
9619-KES,Male,0,No,Yes,52,Yes,No,Fiber optic,No,Yes,No,No,Yes,Yes,One year,Yes,Credit card (automatic),89.85,4673.03,No
2895-LHZ,Male,0,No,No,40,Yes,No,DSL,Yes,Yes,Yes,No,No,No,Two year,Yes,Bank transfer (automatic),46.41,1847.1,No
7090-MKG,Female,0,No,Yes,22,Yes,Yes,DSL,No,No,No,No,No,No,Month-to-month,Yes,Electronic check,51.82,1144.43,Yes
9508-NNN,Female,0,Yes,No,60,Yes,No,Fiber optic,No,Yes,No,Yes,No,No,One year,No,Credit card (automatic),91.38,5484.81,No
7082-OQU,Female,0,No,No,30,Yes,Yes,No,No internet service,No internet service,No internet service,No internet service,No internet service,No internet service,Month-to-month,Yes,Electronic check,22.85,680.13,Yes
1634-PTB,Female,0,Yes,Yes,65,Yes,Yes,No,No internet service,No internet service,No internet service,No internet service,No internet service,No internet service,Two year,Yes,Mailed check,20.34,1321.93,No
2925-QWI,Female,0,No,No,1,No,No phone service,Fiber optic,No,No,Yes,No,No,No,Month-to-month,No,Bank transfer (automatic),81.31,71.44,Yes
3056-RZP,Male,0,No,No,68,Yes,Yes,Fiber optic,No,Yes,Yes,No,Yes,No,Month-to-month,No,Bank transfer (automatic),111.47,7580.8,Yes
7917-SCW,Female,0,No,No,59,Yes,No,No,No internet service,No internet service,No internet service,No internet service,No internet service,No internet service,Month-to-month,Yes,Mailed check,18.62,1104.08,Yes
4144-TFD,Male,0,Yes,No,22,Yes,Yes,Fiber optic,Yes,No,Yes,Yes,Yes,No,Month-to-month,No,Electronic check,111.21,2437.79,Yes
1552-UIK,Male,0,Yes,No,56,Yes,No,DSL,No,No,No,Yes,No,No,Month-to-month,Yes,Electronic check,45.08,2518.99,No
9907-VLR,Female,0,No,No,34,Yes,Yes,Fiber optic,Yes,No,No,Yes,No,No,Two year,Yes,Credit card (automatic),70.47,2398.45,No
6383-WOY,Male,0,Yes,No,0,Yes,No,Fiber optic,No,No,Yes,Yes,No,No,Month-to-month,Yes,Mailed check,115.64, ,No
4911-XRF,Female,0,Yes,No,47,Yes,No,No,No internet service,No internet service,No internet service,No internet service,No internet service,No internet service,Month-to-month,Yes,Bank transfer (automatic),20.55,956.81,No
4389-YUM,Male,0,Yes,Yes,48,Yes,Yes,DSL,Yes,No,Yes,No,No,No,Month-to-month,Yes,Bank transfer (automatic),50.76,2442.79,No
9442-ZXT,Female,1,Yes,Yes,39,Yes,Yes,No,No internet service,No internet service,No internet service,No internet service,No internet service,No internet service,Two year,No,Bank transfer (automatic),19.5,756.99,No
3430-AAA,Male,0,No,No,61,Yes,Yes,Fiber optic,Yes,No,No,No,No,No,Month-to-month,Yes,Bank transfer (automatic),101.53,6187.55,Yes
1458-BDH,Male,1,Yes,No,14,Yes,No,DSL,Yes,No,Yes,No,Yes,No,Month-to-month,No,Electronic check,77.88,1097.36,Yes
1207-CGO,Female,0,Yes,Yes,29,Yes,No,Fiber optic,No,No,Yes,No,Yes,Yes,Month-to-month,Yes,Mailed check,91.93,2669.06,Yes
1899-DJV,Female,1,Yes,No,20,Yes,Yes,No,No internet service,No internet service,No internet service,No internet service,No internet service,No internet service,Month-to-month,No,Electronic check,19.77,403.38,No
1021-EMC,Male,0,No,No,7,Yes,No,No,No internet service,No internet service,No internet service,No internet service,No internet service,No internet service,One year,Yes,Bank transfer (automatic),20.36,140.33,No
9601-FPJ,Female,0,No,Yes,6,Yes,No,DSL,No,Yes,No,No,No,Yes,Month-to-month,No,Electronic check,52.17,322.62,Yes
1894-GSQ,Male,0,No,No,33,Yes,Yes,Fiber optic,No,No,Yes,No,Yes,Yes,Month-to-month,No,Electronic check,79.29,2625.67,No
1514-HVX,Male,0,No,No,63,No,No phone service,DSL,No,Yes,No,Yes,No,Yes,Month-to-month,Yes,Credit card (automatic),66.9,4216.1,No
8294-IYE,Female,0,Yes,No,41,No,No phone service,DSL,No,Yes,No,No,Yes,No,Two year,Yes,Bank transfer (automatic),65.58,2693.33,No
5904-JBL,Female,1,No,No,52,Yes,No,No,No internet service,No internet service,No internet service,No internet service,No internet service,No internet service,Two year,No,Mailed check,22.8,1183.05,No
8867-KES,Female,1,No,No,69,Yes,No,DSL,Yes,No,No,No,No,No,One year,Yes,Electronic check,51.18,3522.58,No
5109-LHZ,Female,0,No,No,9,No,No phone service,Fiber optic,Yes,Yes,No,Yes,No,Yes,Two year,Yes,Mailed check,71.97,644.33,No
8179-MKG,Male,1,Yes,No,57,No,No phone service,DSL,No,No,No,Yes,Yes,No,Two year,No,Mailed check,67.25,3828.39,No
2560-NNN,Male,1,No,No,3,Yes,Yes,DSL,Yes,No,No,No,No,No,One year,No,Mailed check,80.04,232.81,No
2266-OQU,Female,0,No,No,7,Yes,Yes,No,No internet service,No internet service,No internet service,No internet service,No internet service,No internet service,Month-to-month,No,Mailed check,23.06,161.13,No
4638-PTB,Female,0,No,No,11,Yes,No,No,No internet service,No internet service,No internet service,No internet service,No internet service,No internet service,Month-to-month,No,Electronic check,19.74,225.82,Yes
9941-QWI,Female,0,No,No,24,Yes,No,No,No internet service,No internet service,No internet service,No internet service,No internet service,No internet service,One year,Yes,Electronic check,21.11,514.32,No
4427-RZP,Female,0,Yes,No,26,Yes,Yes,DSL,Yes,No,Yes,No,No,No,Month-to-month,Yes,Electronic check,52.84,1369.48,Yes
5780-SCW,Male,0,Yes,No,1,Yes,No,DSL,Yes,No,No,No,No,Yes,Month-to-month,Yes,Mailed check,50.94,60.94,Yes
2927-TFD,Female,0,No,No,72,Yes,Yes,No,No internet service,No internet service,No internet service,No internet service,No internet service,No internet service,Month-to-month,No,Credit card (automatic),24.17,1748.45,Yes
3356-UIK,Male,0,Yes,No,54,Yes,Yes,Fiber optic,Yes,No,Yes,No,Yes,Yes,Two year,Yes,Mailed check,77.43,4173.1,No
5790-VLR,Male,0,No,No,57,Yes,Yes,DSL,Yes,No,Yes,Yes,Yes,No,Month-to-month,No,Electronic check,72.57,4131.34,No
1306-WOY,Male,1,Yes,No,32,Yes,No,DSL,Yes,No,Yes,Yes,No,No,Two year,No,Bank transfer (automatic),58.41,1865.7,No
8979-XRF,Female,0,Yes,Yes,48,No,No phone service,Fiber optic,No,No,Yes,No,Yes,No,Two year,Yes,Electronic check,82.61,3959.75,No
4665-YUM,Male,0,Yes,No,4,Yes,Yes,DSL,Yes,Yes,No,Yes,No,No,Two year,No,Electronic check,82.25,321.82,No
8057-ZXT,Male,0,No,No,46,Yes,Yes,DSL,No,No,No,No,Yes,No,Two year,Yes,Electronic check,80.23,3688.61,No
1661-AAA,Male,0,Yes,Yes,23,Yes,Yes,Fiber optic,No,No,Yes,No,Yes,Yes,Two year,Yes,Electronic check,81.03,1865.51,No
5644-BDH,Female,0,No,No,43,Yes,Yes,DSL,No,No,No,Yes,Yes,No,Month-to-month,No,Mailed check,60.89,2623.55,No
9503-CGO,Female,0,No,Yes,67,Yes,Yes,DSL,No,No,Yes,No,Yes,No,Month-to-month,Yes,Bank transfer (automatic),72.92,4893.58,No
3920-DJV,Male,0,No,No,13,Yes,Yes,DSL,No,No,No,No,No,No,Month-to-month,No,Bank transfer (automatic),77.32,1002.65,Yes
9946-EMC,Female,1,Yes,No,35,No,No phone service,DSL,No,No,Yes,No,Yes,No,Month-to-month,Yes,Mailed check,61.98,2171.94,No
7236-FPJ,Female,0,No,Yes,50,Yes,No,Fiber optic,Yes,Yes,No,Yes,No,Yes,Two year,Yes,Credit card (automatic),114.56,5727.52,No
7078-GSQ,Male,0,No,Yes,5,Yes,Yes,Fiber optic,No,Yes,No,No,No,No,Two year,Yes,Electronic check,90.33,455.6,No
1352-HVX,Female,0,Yes,No,16,Yes,No,No,No internet service,No internet service,No internet service,No internet service,No internet service,No internet service,Two year,No,Mailed check,18.97,308.16,No
8005-IYE,Female,1,No,No,71,Yes,Yes,No,No internet service,No internet service,No internet service,No internet service,No internet service,No internet service,Month-to-month,No,Bank transfer (automatic),24.88,1756.84,No
1158-JBL,Female,0,Yes,No,50,Yes,Yes,No,No internet service,No internet service,No internet service,No internet service,No internet service,No internet service,Month-to-month,No,Electronic check,24.53,1230.37,No
1956-KES,Male,1,Yes,Yes,51,Yes,Yes,DSL,No,No,No,No,Yes,No,One year,No,Mailed check,75.69,3851.18,No
3071-LHZ,Female,0,Yes,Yes,11,Yes,No,DSL,Yes,Yes,Yes,No,No,No,One year,Yes,Electronic check,80.59,881.02,Yes
9595-MKG,Male,1,No,Yes,0,Yes,Yes,No,No internet service,No internet service,No internet service,No internet service,No internet service,No internet service,Two year,No,Electronic check,22.62, ,No
4453-NNN,Female,0,No,Yes,10,Yes,No,DSL,No,No,No,No,No,Yes,Month-to-month,No,Electronic check,60.48,600.61,No
7675-OQU,Female,0,Yes,No,15,Yes,No,Fiber optic,No,Yes,No,No,No,No,Month-to-month,Yes,Credit card (automatic),88.27,1326.11,No
1955-PTB,Male,0,No,No,8,Yes,No,DSL,No,No,No,Yes,Yes,Yes,Two year,No,Bank transfer (automatic),56.55,447.71,Yes
7295-QWI,Female,1,No,No,7,Yes,No,DSL,No,No,No,Yes,No,No,One year,Yes,Bank transfer (automatic),72.08,504.12,No
2712-RZP,Male,0,No,No,24,Yes,No,No,No internet service,No internet service,No internet service,No internet service,No internet service,No internet service,Two year,Yes,Electronic check,20.25,487.97,No
5703-SCW,Female,1,No,No,39,Yes,Yes,DSL,Yes,Yes,No,No,Yes,Yes,Month-to-month,Yes,Mailed check,58.02,2272.07,Yes
7563-TFD,Female,0,Yes,No,66,Yes,Yes,No,No internet service,No internet service,No internet service,No internet service,No internet service,No internet service,One year,Yes,Bank transfer (automatic),21.62,1429.85,No
6631-UIK,Female,0,No,Yes,22,Yes,Yes,Fiber optic,No,No,No,No,Yes,No,One year,Yes,Bank transfer (automatic),91.74,2022.58,No
2394-VLR,Female,0,No,No,61,Yes,No,DSL,No,No,Yes,No,No,Yes,Two year,Yes,Mailed check,45.99,2802.3,No
5732-WOY,Male,0,No,No,22,No,No phone service,No,No internet service,No internet service,No internet service,No internet service,No internet service,No internet service,Two year,No,Credit card (automatic),21.15,463.95,No
4714-XRF,Male,0,Yes,No,43,Yes,No,Fiber optic,No,No,Yes,No,Yes,No,Month-to-month,Yes,Electronic check,93.84,4027.83,No
1529-YUM,Female,0,Yes,No,55,Yes,Yes,DSL,No,No,Yes,Yes,No,No,Month-to-month,No,Credit card (automatic),66.85,3673.57,No
3958-ZXT,Male,0,No,No,67,Yes,No,No,No internet service,No internet service,No internet service,No internet service,No internet service,No internet service,Month-to-month,No,Mailed check,24.12,1607.57,No
8904-AAA,Male,1,Yes,Yes,22,No,No phone service,DSL,Yes,Yes,No,Yes,No,No,Two year,No,Bank transfer (automatic),58.27,1279.37,No
4591-BDH,Female,0,Yes,No,8,Yes,Yes,Fiber optic,No,Yes,Yes,No,No,No,Month-to-month,No,Mailed check,104.15,837.91,Yes
7895-CGO,Female,0,No,No,3,Yes,Yes,Fiber optic,No,Yes,No,Yes,No,No,Two year,Yes,Mailed check,114.7,348.07,No
1525-DJV,Male,1,Yes,No,33,Yes,No,No,No internet service,No internet service,No internet service,No internet service,No internet service,No internet service,Month-to-month,No,Electronic check,24.54,811.2,Yes
7477-EMC,Male,0,No,No,33,Yes,No,No,No internet service,No internet service,No internet service,No internet service,No internet service,No internet service,Month-to-month,No,Mailed check,24.59,811.06,No
1001-FPJ,Male,0,Yes,No,41,Yes,No,DSL,Yes,Yes,Yes,No,Yes,No,Month-to-month,No,Electronic check,78.42,3221.71,No
1374-GSQ,Male,0,No,No,2,Yes,No,Fiber optic,No,No,No,No,No,No,Two year,Yes,Mailed check,97.11,203.94,Yes
5648-HVX,Male,0,No,No,33,Yes,No,DSL,Yes,No,No,No,No,No,One year,Yes,Bank transfer (automatic),72.98,2418.2,No
3365-IYE,Female,0,No,No,42,Yes,No,Fiber optic,Yes,Yes,No,No,No,No,Month-to-month,Yes,Electronic check,73.36,3071.48,No
2525-JBL,Female,0,Yes,No,66,Yes,Yes,Fiber optic,No,No,No,No,No,Yes,Month-to-month,No,Bank transfer (automatic),79.1,5212.78,Yes
2646-KES,Female,1,No,No,36,No,No phone service,Fiber optic,Yes,No,No,No,No,No,Month-to-month,No,Bank transfer (automatic),118.27,4254.92,Yes
1013-LHZ,Male,0,Yes,Yes,11,Yes,Yes,Fiber optic,No,No,Yes,Yes,No,No,Month-to-month,No,Credit card (automatic),71.23,786.21,Yes
5599-MKG,Male,0,Yes,Yes,15,No,No phone service,Fiber optic,No,No,No,Yes,No,No,Month-to-month,Yes,Electronic check,71.46,1074.48,No
3278-NNN,Male,0,No,No,61,Yes,No,No,No internet service,No internet service,No internet service,No internet service,No internet service,No internet service,One year,Yes,Electronic check,19.86,1218.78,No
4155-OQU,Male,0,No,Yes,16,Yes,No,No,No internet service,No internet service,No internet service,No internet service,No internet service,No internet service,One year,No,Mailed check,22.06,353.68,No
9321-PTB,Male,0,No,No,14,Yes,Yes,Fiber optic,No,Yes,No,Yes,No,No,Month-to-month,No,Mailed check,79.69,1110.59,Yes
4814-QWI,Male,1,Yes,No,25,Yes,Yes,Fiber optic,Yes,Yes,No,No,No,Yes,Two year,No,Mailed check,74.99,1867.71,No
4216-RZP,Female,0,No,No,44,Yes,Yes,No,No internet service,No internet service,No internet service,No internet service,No internet service,No internet service,Month-to-month,Yes,Mailed check,19.24,846.46,Yes
9219-SCW,Male,1,No,No,1,Yes,Yes,No,No internet service,No internet service,No internet service,No internet service,No internet service,No internet service,Two year,No,Credit card (automatic),21.37,30.95,No
3113-TFD,Male,0,Yes,No,16,Yes,Yes,DSL,Yes,Yes,No,No,No,No,One year,Yes,Electronic check,65.7,1053.14,Yes
5356-UIK,Female,0,No,Yes,64,Yes,No,Fiber optic,No,No,No,Yes,No,Yes,Two year,No,Credit card (automatic),82.25,5255.75,No
6543-VLR,Male,0,No,No,29,Yes,Yes,Fiber optic,Yes,No,No,Yes,No,Yes,One year,No,Bank transfer (automatic),116.5,3369.43,No
5555-WOY,Male,0,Yes,No,67,Yes,No,No,No internet service,No internet service,No internet service,No internet service,No internet service,No internet service,Month-to-month,No,Credit card (automatic),23.72,1593.2,No
8062-XRF,Female,0,No,No,43,Yes,No,No,No internet service,No internet service,No internet service,No internet service,No internet service,No internet service,Month-to-month,Yes,Credit card (automatic),21.42,925.12,Yes
4374-YUM,Female,1,Yes,No,59,No,No phone service,DSL,Yes,No,No,No,No,No,Month-to-month,No,Bank transfer (automatic),50.82,3000.35,No
7430-ZXT,Male,0,Yes,Yes,0,Yes,No,No,No internet service,No internet service,No internet service,No internet service,No internet service,No internet service,Two year,No,Credit card (automatic),24.27, ,Yes
4466-AAA,Male,0,Yes,No,18,Yes,Yes,Fiber optic,Yes,No,Yes,Yes,No,No,One year,Yes,Mailed check,77.53,1399.69,Yes
4081-BDH,Male,1,No,No,32,Yes,Yes,Fiber optic,No,No,No,Yes,No,No,Two year,No,Bank transfer (automatic),103.33,3301.78,No
1629-CGO,Female,0,Yes,Yes,35,Yes,Yes,Fiber optic,No,No,Yes,Yes,No,Yes,Month-to-month,Yes,Electronic check,100.48,3516.06,No
1269-DJV,Female,0,Yes,No,23,Yes,No,Fiber optic,No,No,No,No,Yes,No,Month-to-month,No,Credit card (automatic),112.97,2599.32,Yes
6724-EMC,Female,0,No,No,24,Yes,Yes,No,No internet service,No internet service,No internet service,No internet service,No internet service,No internet service,Month-to-month,No,Electronic check,20.4,481.47,No
6897-FPJ,Female,0,Yes,No,10,Yes,No,No,No internet service,No internet service,No internet service,No internet service,No internet service,No internet service,Month-to-month,Yes,Credit card (automatic),19.92,207.81,Yes
4432-GSQ,Female,0,No,No,8,Yes,No,Fiber optic,Yes,No,Yes,Yes,Yes,Yes,Two year,No,Electronic check,90.69,729.33,No
7276-HVX,Male,0,Yes,No,5,Yes,Yes,DSL,No,Yes,No,No,Yes,No,Month-to-month,Yes,Electronic check,80.17,408.25,Yes
6895-IYE,Female,1,Yes,No,57,Yes,Yes,DSL,No,Yes,No,No,No,Yes,Month-to-month,Yes,Bank transfer (automatic),49.58,2818.57,No
8115-JBL,Female,0,Yes,No,28,No,No phone service,Fiber optic,No,No,No,Yes,No,Yes,Month-to-month,Yes,Electronic check,116.18,3252.27,No
7656-KES,Female,0,Yes,No,72,Yes,No,No,No internet service,No internet service,No internet service,No internet service,No internet service,No internet service,Two year,No,Mailed check,22.72,1642.52,No
1575-LHZ,Female,0,No,Yes,10,Yes,No,DSL,Yes,Yes,Yes,No,Yes,No,Month-to-month,No,Mailed check,47.07,475.0,Yes
8029-MKG,Male,1,Yes,No,22,Yes,No,DSL,No,No,No,No,No,No,One year,Yes,Mailed check,68.8,1515.16,No
7099-NNN,Male,0,No,Yes,25,Yes,Yes,Fiber optic,No,No,No,Yes,Yes,No,Month-to-month,No,Credit card (automatic),95.86,2386.75,Yes
4192-OQU,Male,0,Yes,No,0,Yes,No,DSL,No,No,No,No,No,Yes,Month-to-month,No,Mailed check,69.8, ,No
4178-PTB,Female,0,No,Yes,46,Yes,Yes,No,No internet service,No internet service,No internet service,No internet service,No internet service,No internet service,Month-to-month,No,Bank transfer (automatic),21.59,994.07,Yes
7052-QWI,Female,0,No,No,40,Yes,Yes,Fiber optic,No,Yes,No,No,Yes,No,Two year,Yes,Credit card (automatic),108.89,4352.3,No
3734-RZP,Female,0,Yes,No,22,No,No phone service,Fiber optic,Yes,No,No,No,No,Yes,One year,Yes,Bank transfer (automatic),110.87,2429.96,Yes
7116-SCW,Female,0,No,No,4,Yes,Yes,DSL,Yes,No,No,Yes,Yes,No,Month-to-month,Yes,Bank transfer (automatic),66.9,263.16,Yes
4568-TFD,Male,1,No,No,49,Yes,No,DSL,No,Yes,No,Yes,Yes,Yes,Month-to-month,Yes,Mailed check,47.83,2349.3,No
3203-UIK,Female,0,No,No,8,Yes,No,Fiber optic,No,Yes,Yes,No,No,No,Month-to-month,No,Credit card (automatic),94.46,765.31,Yes
2390-VLR,Male,0,Yes,No,3,Yes,No,Fiber optic,Yes,Yes,Yes,No,Yes,No,Month-to-month,No,Bank transfer (automatic),74.63,222.12,Yes
2742-WOY,Female,0,Yes,No,70,Yes,Yes,Fiber optic,No,Yes,No,No,Yes,Yes,One year,Yes,Credit card (automatic),71.1,4968.93,Yes
2925-XRF,Male,0,Yes,No,64,Yes,No,No,No internet service,No internet service,No internet service,No internet service,No internet service,No internet service,Month-to-month,Yes,Electronic check,21.16,1362.56,No
1619-YUM,Male,1,No,No,56,Yes,Yes,Fiber optic,No,Yes,No,No,Yes,Yes,Month-to-month,Yes,Electronic check,117.28,6559.04,No
2274-ZXT,Male,0,No,No,24,Yes,Yes,Fiber optic,No,No,No,No,Yes,No,Month-to-month,No,Mailed check,78.31,1875.85,No
1956-AAA,Male,0,No,No,57,Yes,No,No,No internet service,No internet service,No internet service,No internet service,No internet service,No internet service,Month-to-month,No,Bank transfer (automatic),23.68,1343.04,No
2939-BDH,Male,0,Yes,Yes,5,Yes,Yes,No,No internet service,No internet service,No internet service,No internet service,No internet service,No internet service,Month-to-month,No,Credit card (automatic),18.32,86.64,Yes
4953-CGO,Male,1,Yes,No,13,Yes,No,DSL,No,No,Yes,Yes,No,No,Month-to-month,Yes,Credit card (automatic),47.77,624.07,No
1968-DJV,Female,1,Yes,Yes,62,Yes,Yes,No,No internet service,No internet service,No internet service,No internet service,No internet service,No internet service,Month-to-month,Yes,Electronic check,23.91,1473.29,Yes
1281-EMC,Female,0,Yes,No,64,Yes,Yes,DSL,Yes,No,No,No,No,Yes,Month-to-month,No,Bank transfer (automatic),59.61,3812.67,Yes
7262-FPJ,Male,0,Yes,No,51,Yes,Yes,Fiber optic,No,No,No,No,Yes,No,Month-to-month,Yes,Electronic check,117.22,5968.31,No
2058-GSQ,Male,0,Yes,No,64,Yes,No,Fiber optic,No,Yes,No,No,Yes,No,Month-to-month,Yes,Mailed check,73.01,4670.93,No
5293-HVX,Female,0,No,Yes,7,No,No phone service,DSL,No,Yes,No,No,Yes,Yes,Month-to-month,Yes,Electronic check,57.73,403.37,No
6178-IYE,Female,0,Yes,Yes,7,Yes,Yes,Fiber optic,Yes,No,No,No,No,No,One year,No,Electronic check,98.42,695.58,Yes
7980-JBL,Male,0,Yes,No,13,Yes,Yes,Fiber optic,Yes,Yes,No,Yes,Yes,No,Two year,No,Electronic check,103.44,1344.85,Yes
2229-KES,Female,0,No,No,23,Yes,No,No,No internet service,No internet service,No internet service,No internet service,No internet service,No internet service,One year,No,Electronic check,21.67,491.57,No
5585-LHZ,Female,0,No,Yes,63,Yes,No,Fiber optic,No,Yes,No,No,No,No,Month-to-month,No,Electronic check,111.1,7001.33,No
9467-MKG,Female,0,Yes,No,24,Yes,Yes,Fiber optic,No,No,Yes,Yes,No,No,Month-to-month,Yes,Credit card (automatic),102.32,2450.7,No
3740-NNN,Male,0,No,No,5,Yes,Yes,No,No internet service,No internet service,No internet service,No internet service,No internet service,No internet service,Two year,No,Bank transfer (automatic),24.58,123.11,Yes
3289-OQU,Female,0,Yes,Yes,0,Yes,Yes,Fiber optic,No,No,Yes,No,Yes,No,Month-to-month,No,Electronic check,108.08, ,Yes
2239-PTB,Male,0,Yes,No,32,Yes,No,Fiber optic,No,Yes,Yes,No,No,No,Two year,Yes,Mailed check,117.08,3741.94,No
6370-QWI,Female,0,No,No,13,Yes,Yes,No,No internet service,No internet service,No internet service,No internet service,No internet service,No internet service,One year,No,Electronic check,23.22,296.8,No
1125-RZP,Male,0,No,No,62,Yes,No,Fiber optic,Yes,Yes,No,No,Yes,Yes,One year,No,Bank transfer (automatic),81.68,5069.98,Yes
8473-SCW,Male,0,No,No,55,Yes,No,DSL,No,No,No,No,No,Yes,Month-to-month,Yes,Credit card (automatic),65.25,3588.9,No
6342-TFD,Female,0,No,No,61,Yes,Yes,DSL,No,Yes,Yes,No,No,No,Two year,Yes,Mailed check,58.22,3556.96,No
8351-UIK,Male,0,Yes,No,27,No,No phone service,Fiber optic,No,Yes,Yes,Yes,Yes,Yes,Month-to-month,Yes,Credit card (automatic),92.62,2499.39,No
7638-VLR,Female,1,No,Yes,28,Yes,No,Fiber optic,Yes,No,Yes,No,Yes,No,Month-to-month,Yes,Electronic check,93.68,2619.08,No
7570-WOY,Female,0,Yes,No,22,Yes,No,DSL,No,Yes,No,No,No,No,One year,Yes,Bank transfer (automatic),82.99,1826.43,No
4249-XRF,Male,0,Yes,No,43,Yes,No,No,No internet service,No internet service,No internet service,No internet service,No internet service,No internet service,Month-to-month,Yes,Mailed check,23.25,1006.33,No
8595-YUM,Female,0,Yes,No,37,Yes,No,DSL,Yes,Yes,No,No,Yes,Yes,Month-to-month,Yes,Credit card (automatic),75.29,2777.87,No
7294-ZXT,Male,0,Yes,No,48,Yes,Yes,Fiber optic,No,No,No,No,No,No,Month-to-month,Yes,Electronic check,114.04,5483.35,No
7527-AAA,Female,0,No,Yes,42,Yes,No,Fiber optic,No,No,No,No,No,Yes,Month-to-month,Yes,Electronic check,70.42,2957.91,No
6757-BDH,Female,0,No,No,9,Yes,No,Fiber optic,Yes,No,No,Yes,Yes,Yes,One year,Yes,Mailed check,106.04,953.64,No
2969-CGO,Female,0,No,No,26,Yes,No,No,No internet service,No internet service,No internet service,No internet service,No internet service,No internet service,Month-to-month,Yes,Bank transfer (automatic),23.27,614.42,No
1891-DJV,Male,0,No,No,7,Yes,No,Fiber optic,No,No,No,No,No,No,Two year,No,Electronic check,93.78,653.52,No
5470-EMC,Female,0,No,Yes,67,Yes,No,No,No internet service,No internet service,No internet service,No internet service,No internet service,No internet service,Two year,Yes,Credit card (automatic),20.3,1358.27,No
8175-FPJ,Male,0,No,No,29,Yes,Yes,Fiber optic,Yes,Yes,Yes,Yes,No,No,Month-to-month,No,Mailed check,72.49,2094.91,Yes
9320-GSQ,Female,0,No,No,12,Yes,Yes,Fiber optic,No,No,No,Yes,No,Yes,Month-to-month,Yes,Mailed check,117.22,1414.37,No
7812-HVX,Female,0,Yes,No,57,No,No phone service,DSL,No,No,Yes,Yes,Yes,Yes,Month-to-month,Yes,Mailed check,64.21,3669.58,No
8519-IYE,Male,0,Yes,No,2,Yes,No,Fiber optic,Yes,No,No,Yes,No,No,Month-to-month,Yes,Mailed check,75.7,144.55,No
5612-JBL,Male,0,No,Yes,4,Yes,No,DSL,Yes,Yes,Yes,No,No,No,Month-to-month,Yes,Mailed check,71.39,294.54,Yes
2198-KES,Female,0,No,No,21,Yes,No,No,No internet service,No internet service,No internet service,No internet service,No internet service,No internet service,Month-to-month,No,Electronic check,23.52,484.08,No
6238-LHZ,Male,0,No,No,57,No,No phone service,No,No internet service,No internet service,No internet service,No internet service,No internet service,No internet service,Month-to-month,No,Electronic check,24.46,1398.96,No
7089-MKG,Female,0,Yes,Yes,65,Yes,Yes,Fiber optic,No,Yes,No,No,No,No,Month-to-month,No,Mailed check,93.73,6095.42,No
7257-NNN,Male,0,No,Yes,39,No,No phone service,Fiber optic,No,No,No,Yes,No,No,Month-to-month,No,Bank transfer (automatic),109.45,4259.79,No
8705-OQU,Male,0,No,No,4,Yes,Yes,No,No internet service,No internet service,No internet service,No internet service,No internet service,No internet service,Month-to-month,Yes,Mailed check,24.03,86.93,No
4719-PTB,Male,1,No,No,15,Yes,No,No,No internet service,No internet service,No internet service,No internet service,No internet service,No internet service,Two year,Yes,Electronic check,19.69,286.5,No
1302-QWI,Male,0,Yes,No,14,Yes,Yes,Fiber optic,No,No,Yes,No,No,No,Month-to-month,No,Mailed check,90.47,1273.37,No
1986-RZP,Female,1,Yes,No,17,Yes,No,No,No internet service,No internet service,No internet service,No internet service,No internet service,No internet service,Month-to-month,Yes,Mailed check,22.33,380.4,No
5440-SCW,Male,0,Yes,No,46,Yes,Yes,DSL,No,Yes,No,No,Yes,No,Two year,No,Electronic check,66.06,3044.45,No
5909-TFD,Male,1,No,No,3,Yes,No,Fiber optic,Yes,No,No,No,Yes,No,Two year,No,Mailed check,118.5,361.81,No
4072-UIK,Female,0,Yes,No,52,No,No phone service,No,No internet service,No internet service,No internet service,No internet service,No internet service,No internet service,One year,Yes,Credit card (automatic),20.77,1083.77,No
4124-VLR,Female,1,Yes,Yes,57,Yes,No,Fiber optic,Yes,Yes,Yes,No,No,No,Month-to-month,Yes,Electronic check,112.28,6408.95,No
9125-WOY,Male,0,Yes,No,57,Yes,Yes,DSL,Yes,No,Yes,No,Yes,Yes,Month-to-month,Yes,Electronic check,51.98,2953.55,No
4291-XRF,Male,0,Yes,No,58,Yes,No,DSL,No,No,Yes,No,No,Yes,Month-to-month,No,Bank transfer (automatic),81.24,4706.88,No
5033-YUM,Female,0,Yes,No,33,Yes,No,Fiber optic,Yes,No,No,No,No,No,Month-to-month,Yes,Bank transfer (automatic),70.65,2330.55,No
6105-ZXT,Male,0,Yes,No,29,Yes,No,DSL,No,Yes,Yes,Yes,No,No,Month-to-month,No,Bank transfer (automatic),73.93,2149.56,Yes
1703-AAA,Male,0,No,Yes,53,Yes,No,DSL,Yes,No,Yes,No,Yes,No,Month-to-month,No,Mailed check,63.14,3343.61,No
9133-BDH,Female,0,Yes,Yes,67,Yes,No,Fiber optic,No,No,No,Yes,No,No,One year,Yes,Electronic check,70.4,4714.86,No
1574-CGO,Female,0,Yes,Yes,67,Yes,Yes,Fiber optic,No,Yes,Yes,No,No,No,One year,Yes,Electronic check,113.6,7614.96,No
6704-DJV,Male,0,Yes,No,25,Yes,No,DSL,No,No,Yes,No,No,No,One year,No,Electronic check,71.28,1778.45,No
8848-EMC,Female,0,No,Yes,2,Yes,Yes,No,No internet service,No internet service,No internet service,No internet service,No internet service,No internet service,Month-to-month,No,Electronic check,23.15,55.49,Yes
6208-FPJ,Female,0,Yes,No,56,Yes,Yes,No,No internet service,No internet service,No internet service,No internet service,No internet service,No internet service,Two year,Yes,Bank transfer (automatic),22.38,1250.16,No
7924-GSQ,Male,0,Yes,No,36,Yes,Yes,Fiber optic,No,Yes,No,Yes,No,Yes,Month-to-month,No,Bank transfer (automatic),114.72,4131.07,No
4828-HVX,Male,1,Yes,Yes,37,Yes,Yes,DSL,No,Yes,No,No,No,No,Month-to-month,Yes,Bank transfer (automatic),77.49,2857.76,No
4230-IYE,Male,1,No,No,40,Yes,Yes,Fiber optic,Yes,Yes,No,Yes,No,No,Month-to-month,Yes,Bank transfer (automatic),84.43,3374.21,No
1488-JBL,Male,1,No,Yes,3,Yes,Yes,Fiber optic,No,Yes,No,No,No,No,Two year,Yes,Credit card (automatic),86.59,250.85,Yes
8114-KES,Female,1,Yes,No,25,Yes,No,DSL,No,Yes,Yes,No,No,Yes,Month-to-month,No,Credit card (automatic),49.22,1237.94,No
4173-LHZ,Female,0,Yes,Yes,38,Yes,Yes,Fiber optic,Yes,Yes,No,No,No,No,Month-to-month,Yes,Electronic check,72.33,2754.98,No
2667-MKG,Male,1,Yes,No,41,Yes,Yes,No,No internet service,No internet service,No internet service,No internet service,No internet service,No internet service,One year,Yes,Electronic check,23.51,959.12,No
5114-NNN,Female,0,No,No,10,No,No phone service,No,No internet service,No internet service,No internet service,No internet service,No internet service,No internet service,Two year,Yes,Bank transfer (automatic),20.48,214.72,Yes
4553-OQU,Male,0,No,No,10,No,No phone service,DSL,No,No,Yes,Yes,No,No,Month-to-month,Yes,Credit card (automatic),66.17,661.66,Yes
8761-PTB,Female,0,Yes,No,53,Yes,No,DSL,No,Yes,No,No,No,No,Two year,Yes,Mailed check,72.92,3858.64,No
2000-QWI,Female,0,No,No,37,Yes,No,No,No internet service,No internet service,No internet service,No internet service,No internet service,No internet service,Two year,Yes,Electronic check,23.09,850.03,No
2388-RZP,Female,0,Yes,Yes,19,Yes,Yes,Fiber optic,Yes,No,No,Yes,Yes,No,Month-to-month,Yes,Bank transfer (automatic),112.22,2128.42,No
6450-SCW,Male,0,No,No,25,Yes,No,Fiber optic,No,Yes,Yes,No,No,Yes,One year,No,Mailed check,109.6,2733.09,No
4712-TFD,Female,0,No,Yes,13,Yes,Yes,Fiber optic,No,No,No,No,No,No,Two year,Yes,Electronic check,103.74,1349.28,Yes
2367-UIK,Female,0,No,No,49,Yes,Yes,Fiber optic,No,Yes,No,Yes,No,Yes,One year,Yes,Bank transfer (automatic),79.98,3913.24,No
9189-VLR,Female,0,Yes,Yes,24,No,No phone service,No,No internet service,No internet service,No internet service,No internet service,No internet service,No internet service,Month-to-month,Yes,Mailed check,23.88,564.82,No
1454-WOY,Male,0,No,Yes,54,Yes,Yes,Fiber optic,Yes,No,No,No,No,Yes,One year,Yes,Bank transfer (automatic),75.35,4078.87,No
3772-XRF,Female,0,Yes,No,50,No,No phone service,Fiber optic,Yes,Yes,No,No,No,No,One year,Yes,Bank transfer (automatic),81.31,4070.3,No
4726-YUM,Female,0,Yes,Yes,9,No,No phone service,No,No internet service,No internet service,No internet service,No internet service,No internet service,No internet service,Month-to-month,No,Credit card (automatic),20.5,192.5,Yes
8232-ZXT,Female,0,Yes,No,13,Yes,Yes,No,No internet service,No internet service,No internet service,No internet service,No internet service,No internet service,Month-to-month,Yes,Bank transfer (automatic),22.06,277.75,No
5806-AAA,Male,1,Yes,No,4,No,No phone service,DSL,No,No,No,No,Yes,Yes,Month-to-month,No,Credit card (automatic),82.7,327.49,Yes
3190-BDH,Female,0,Yes,No,56,Yes,No,Fiber optic,No,No,No,Yes,Yes,Yes,One year,Yes,Mailed check,97.99,5482.65,No
3875-CGO,Female,1,No,No,21,Yes,No,Fiber optic,No,No,No,No,Yes,No,Month-to-month,No,Mailed check,101.87,2147.0,No
6592-DJV,Female,0,No,No,28,Yes,No,No,No internet service,No internet service,No internet service,No internet service,No internet service,No internet service,Month-to-month,Yes,Electronic check,22.21,630.59,Yes
2440-EMC,Male,0,Yes,No,6,Yes,No,Fiber optic,No,Yes,No,No,Yes,No,Two year,Yes,Electronic check,74.15,443.51,No
9927-FPJ,Male,0,Yes,Yes,17,Yes,Yes,No,No internet service,No internet service,No internet service,No internet service,No internet service,No internet service,Two year,No,Bank transfer (automatic),20.28,344.12,No
7059-GSQ,Male,0,Yes,Yes,30,Yes,Yes,No,No internet service,No internet service,No internet service,No internet service,No internet service,No internet service,Two year,Yes,Electronic check,24.5,744.7,No
8010-HVX,Male,0,Yes,No,42,Yes,Yes,DSL,No,No,No,No,No,Yes,One year,Yes,Bank transfer (automatic),53.72,2255.12,No
8117-IYE,Male,0,Yes,Yes,34,Yes,No,No,No internet service,No internet service,No internet service,No internet service,No internet service,No internet service,Month-to-month,No,Bank transfer (automatic),21.04,714.67,No
3989-JBL,Female,0,Yes,No,70,Yes,No,Fiber optic,No,Yes,No,No,Yes,Yes,One year,Yes,Electronic check,98.37,6892.47,No
7228-KES,Male,0,No,No,3,Yes,Yes,No,No internet service,No internet service,No internet service,No internet service,No internet service,No internet service,Month-to-month,No,Mailed check,23.34,76.32,Yes
7471-LHZ,Male,0,No,No,50,Yes,No,DSL,No,Yes,Yes,Yes,No,No,Month-to-month,No,Credit card (automatic),67.17,3351.31,Yes
3863-MKG,Male,1,No,Yes,29,Yes,Yes,Fiber optic,No,No,Yes,Yes,Yes,No,Two year,Yes,Credit card (automatic),91.66,2662.34,No
2177-NNN,Female,0,No,No,52,Yes,No,No,No internet service,No internet service,No internet service,No internet service,No internet service,No internet service,Month-to-month,Yes,Mailed check,22.97,1197.19,No
5760-OQU,Male,0,Yes,No,13,Yes,No,No,No internet service,No internet service,No internet service,No internet service,No internet service,No internet service,Month-to-month,Yes,Bank transfer (automatic),22.37,296.05,No
1011-PTB,Female,0,Yes,No,35,Yes,Yes,DSL,No,Yes,Yes,No,No,No,Month-to-month,Yes,Electronic check,64.88,2271.72,Yes
6252-QWI,Male,0,No,Yes,11,Yes,Yes,DSL,No,No,Yes,No,No,No,Month-to-month,No,Electronic check,68.16,759.48,Yes
5399-RZP,Female,1,No,No,33,Yes,Yes,No,No internet service,No internet service,No internet service,No internet service,No internet service,No internet service,Month-to-month,No,Credit card (automatic),21.0,695.89,Yes
9234-SCW,Female,1,No,No,25,Yes,Yes,No,No internet service,No internet service,No internet service,No internet service,No internet service,No internet service,Month-to-month,Yes,Mailed check,21.71,540.52,Yes
6445-TFD,Female,0,Yes,Yes,5,Yes,No,DSL,Yes,No,No,Yes,No,No,Month-to-month,Yes,Electronic check,62.41,317.17,Yes
7570-UIK,Female,0,No,No,52,Yes,No,DSL,No,No,Yes,Yes,Yes,Yes,Month-to-month,No,Electronic check,84.92,4406.13,No
9212-VLR,Male,0,Yes,No,14,Yes,No,DSL,No,No,Yes,No,Yes,No,Month-to-month,Yes,Credit card (automatic),46.28,644.44,Yes
1406-WOY,Female,0,No,No,18,Yes,No,Fiber optic,No,No,No,No,No,No,Two year,No,Credit card (automatic),102.1,1837.43,No
5431-XRF,Female,0,No,No,46,Yes,Yes,Fiber optic,No,No,No,No,Yes,Yes,Month-to-month,No,Bank transfer (automatic),81.81,3762.26,Yes
6243-YUM,Male,1,Yes,No,60,Yes,No,No,No internet service,No internet service,No internet service,No internet service,No internet service,No internet service,Month-to-month,Yes,Electronic check,20.77,1239.52,No
7542-ZXT,Female,0,No,No,51,No,No phone service,Fiber optic,No,No,Yes,No,Yes,Yes,Month-to-month,No,Bank transfer (automatic),79.25,4036.58,No
7936-AAA,Male,0,No,No,17,Yes,Yes,Fiber optic,No,No,No,No,Yes,Yes,One year,Yes,Credit card (automatic),106.66,1822.14,No
9906-BDH,Female,0,No,No,59,Yes,No,Fiber optic,No,Yes,Yes,No,Yes,Yes,Two year,Yes,Credit card (automatic),84.0,4963.88,No
5146-CGO,Female,1,Yes,Yes,46,Yes,Yes,Fiber optic,Yes,Yes,No,Yes,No,No,Month-to-month,Yes,Mailed check,101.89,4680.04,Yes
1140-DJV,Male,0,No,Yes,56,Yes,Yes,Fiber optic,Yes,Yes,No,Yes,No,Yes,Month-to-month,No,Electronic check,97.71,5469.44,No
5882-EMC,Male,0,Yes,No,32,Yes,Yes,Fiber optic,Yes,No,Yes,Yes,Yes,No,Two year,Yes,Credit card (automatic),90.89,2902.21,No
7012-FPJ,Female,0,No,No,31,Yes,Yes,No,No internet service,No internet service,No internet service,No internet service,No internet service,No internet service,Month-to-month,Yes,Credit card (automatic),20.55,642.3,No
1963-GSQ,Male,0,Yes,No,3,Yes,Yes,Fiber optic,No,No,No,Yes,No,No,Month-to-month,No,Mailed check,104.1,307.06,Yes
8151-HVX,Male,0,Yes,No,40,Yes,Yes,No,No internet service,No internet service,No internet service,No internet service,No internet service,No internet service,One year,No,Bank transfer (automatic),21.88,866.84,No
9564-IYE,Male,0,Yes,No,18,Yes,Yes,Fiber optic,No,Yes,Yes,No,No,No,One year,Yes,Mailed check,72.3,1308.82,No
4610-JBL,Female,0,Yes,Yes,6,Yes,Yes,DSL,No,No,Yes,No,No,No,One year,Yes,Mailed check,74.3,450.51,No
7894-KES,Female,0,Yes,Yes,25,Yes,Yes,No,No internet service,No internet service,No internet service,No internet service,No internet service,No internet service,Month-to-month,No,Electronic check,23.36,589.63,No
8311-LHZ,Male,0,Yes,Yes,50,Yes,No,DSL,Yes,Yes,No,Yes,No,Yes,One year,No,Electronic check,61.16,3063.52,No
1105-MKG,Male,0,Yes,Yes,55,Yes,No,Fiber optic,Yes,Yes,No,Yes,No,No,One year,No,Credit card (automatic),70.95,3902.34,No
6539-NNN,Female,0,Yes,No,70,Yes,No,DSL,Yes,No,Yes,No,No,No,Month-to-month,Yes,Electronic check,51.83,3632.04,No
7787-OQU,Male,0,Yes,No,50,Yes,Yes,DSL,No,No,No,Yes,No,No,One year,No,Electronic check,67.54,3380.29,No
3137-PTB,Female,0,Yes,Yes,7,Yes,No,Fiber optic,No,No,No,Yes,Yes,No,Month-to-month,Yes,Electronic check,106.87,757.46,Yes
5445-QWI,Female,0,No,No,12,Yes,Yes,Fiber optic,Yes,No,No,No,Yes,No,Month-to-month,Yes,Electronic check,74.15,880.12,Yes
4530-RZP,Female,0,No,No,31,Yes,Yes,Fiber optic,Yes,No,No,No,Yes,No,Month-to-month,Yes,Electronic check,102.8,3188.92,Yes
2286-SCW,Male,1,Yes,No,33,Yes,No,Fiber optic,No,Yes,No,No,No,No,Month-to-month,Yes,Bank transfer (automatic),94.44,3107.8,No
8052-TFD,Female,0,No,No,17,Yes,Yes,DSL,No,Yes,Yes,Yes,No,No,One year,No,Electronic check,53.62,918.58,No
4654-UIK,Male,0,No,Yes,54,Yes,Yes,No,No internet service,No internet service,No internet service,No internet service,No internet service,No internet service,Month-to-month,Yes,Electronic check,21.53,1156.99,No
8102-VLR,Male,0,Yes,No,42,Yes,Yes,Fiber optic,Yes,No,No,No,No,Yes,One year,No,Mailed check,73.1,3066.03,No
3359-WOY,Male,0,Yes,Yes,23,No,No phone service,Fiber optic,Yes,No,Yes,No,No,No,Month-to-month,Yes,Bank transfer (automatic),102.13,2342.37,Yes
9105-XRF,Male,0,Yes,No,20,Yes,No,Fiber optic,No,No,No,Yes,Yes,No,Month-to-month,Yes,Electronic check,76.13,1524.28,Yes
9636-YUM,Male,0,No,No,17,Yes,Yes,DSL,No,No,No,No,Yes,Yes,Month-to-month,No,Mailed check,44.94,770.96,No
7441-ZXT,Male,0,Yes,No,13,Yes,Yes,No,No internet service,No internet service,No internet service,No internet service,No internet service,No internet service,Month-to-month,Yes,Mailed check,18.43,236.59,Yes
6047-AAA,Female,0,No,No,52,Yes,No,Fiber optic,No,Yes,Yes,No,No,No,Month-to-month,Yes,Mailed check,104.67,5433.62,No
9227-BDH,Female,1,Yes,Yes,18,Yes,Yes,No,No internet service,No internet service,No internet service,No internet service,No internet service,No internet service,One year,Yes,Bank transfer (automatic),19.9,355.18,No
6203-CGO,Female,0,No,No,56,Yes,Yes,Fiber optic,No,No,No,No,No,Yes,Month-to-month,Yes,Bank transfer (automatic),95.85,5375.32,No
2798-DJV,Female,0,Yes,No,63,Yes,No,Fiber optic,Yes,Yes,No,No,No,No,One year,No,Mailed check,72.24,4553.61,No
6291-EMC,Male,1,Yes,No,1,No,No phone service,Fiber optic,No,No,No,Yes,Yes,Yes,One year,Yes,Electronic check,72.17,72.69,No
6495-FPJ,Female,0,Yes,No,56,Yes,Yes,Fiber optic,Yes,No,Yes,No,No,No,Month-to-month,Yes,Bank transfer (automatic),111.35,6228.5,Yes
7284-GSQ,Male,0,No,No,33,Yes,Yes,Fiber optic,Yes,No,No,No,No,No,Two year,Yes,Electronic check,104.49,3449.42,No
8285-HVX,Male,0,Yes,No,48,Yes,No,DSL,No,Yes,No,No,No,No,Month-to-month,No,Mailed check,48.53,2326.07,Yes
2300-IYE,Male,1,Yes,Yes,53,Yes,Yes,DSL,Yes,Yes,Yes,No,No,No,Month-to-month,No,Electronic check,66.46,3529.29,No
7869-JBL,Female,0,No,Yes,21,Yes,No,Fiber optic,No,No,No,No,No,No,Two year,Yes,Electronic check,77.45,1625.52,No
4097-KES,Male,0,No,No,43,No,No phone service,Fiber optic,Yes,No,No,No,No,No,Month-to-month,No,Bank transfer (automatic),107.98,4642.52,No
5616-LHZ,Female,0,Yes,No,34,Yes,Yes,Fiber optic,Yes,No,No,No,Yes,No,Month-to-month,Yes,Credit card (automatic),102.58,3494.82,No
1009-MKG,Female,0,Yes,Yes,28,Yes,Yes,No,No internet service,No internet service,No internet service,No internet service,No internet service,No internet service,Month-to-month,Yes,Electronic check,24.64,691.62,No
6752-NNN,Male,0,Yes,No,5,No,No phone service,Fiber optic,Yes,No,No,No,No,No,One year,No,Bank transfer (automatic),97.52,479.22,Yes
7295-OQU,Male,0,Yes,No,36,Yes,Yes,Fiber optic,No,No,No,No,Yes,Yes,Month-to-month,Yes,Electronic check,89.13,3201.56,No
5815-PTB,Female,0,No,No,57,Yes,No,Fiber optic,No,No,Yes,No,Yes,No,Month-to-month,No,Mailed check,103.92,5930.21,No
2072-QWI,Male,0,Yes,No,63,Yes,No,Fiber optic,No,No,No,No,Yes,No,Month-to-month,Yes,Credit card (automatic),98.98,6239.91,No
4225-RZP,Female,0,No,Yes,30,Yes,Yes,DSL,No,No,Yes,Yes,No,No,One year,Yes,Electronic check,60.78,1825.45,No
2316-SCW,Female,0,Yes,No,49,Yes,No,Fiber optic,No,No,Yes,No,Yes,No,Two year,Yes,Credit card (automatic),90.48,4442.13,No
6699-TFD,Female,0,Yes,No,59,Yes,No,Fiber optic,No,No,Yes,No,Yes,Yes,Two year,Yes,Bank transfer (automatic),77.3,4566.18,No
7807-UIK,Male,0,No,No,13,Yes,No,No,No internet service,No internet service,No internet service,No internet service,No internet service,No internet service,Two year,Yes,Bank transfer (automatic),21.47,284.66,No
7674-VLR,Male,0,No,No,69,Yes,Yes,No,No internet service,No internet service,No internet service,No internet service,No internet service,No internet service,Month-to-month,Yes,Electronic check,19.29,1338.37,No
4683-WOY,Female,0,Yes,No,10,Yes,Yes,No,No internet service,No internet service,No internet service,No internet service,No internet service,No internet service,One year,Yes,Electronic check,19.42,195.96,No
8227-XRF,Female,0,No,No,26,Yes,No,No,No internet service,No internet service,No internet service,No internet service,No internet service,No internet service,Two year,No,Credit card (automatic),19.3,506.84,No
4273-YUM,Male,0,No,No,68,Yes,No,DSL,No,No,No,Yes,No,Yes,Two year,Yes,Electronic check,63.71,4323.24,No
8000-ZXT,Female,0,Yes,No,37,Yes,Yes,No,No internet service,No internet service,No internet service,No internet service,No internet service,No internet service,Month-to-month,Yes,Electronic check,21.54,800.84,No
1145-AAA,Female,0,Yes,No,61,Yes,No,DSL,Yes,No,No,No,No,Yes,Month-to-month,Yes,Bank transfer (automatic),46.61,2850.61,No
6010-BDH,Male,0,Yes,No,52,Yes,Yes,No,No internet service,No internet service,No internet service,No internet service,No internet service,No internet service,Month-to-month,Yes,Bank transfer (automatic),22.64,1185.94,Yes
4040-CGO,Female,0,No,No,17,Yes,Yes,No,No internet service,No internet service,No internet service,No internet service,No internet service,No internet service,Month-to-month,Yes,Mailed check,19.35,321.69,No
1482-DJV,Male,1,Yes,Yes,51,Yes,Yes,DSL,No,No,No,Yes,Yes,No,Two year,Yes,Credit card (automatic),62.96,3220.94,No
4179-EMC,Female,0,No,No,23,Yes,No,No,No internet service,No internet service,No internet service,No internet service,No internet service,No internet service,One year,No,Credit card (automatic),22.36,517.0,No
2249-FPJ,Male,0,No,Yes,6,Yes,No,Fiber optic,No,Yes,No,No,No,No,One year,No,Credit card (automatic),72.67,431.45,No
1630-GSQ,Male,0,No,No,13,Yes,Yes,Fiber optic,Yes,Yes,No,No,No,No,Two year,Yes,Electronic check,97.12,1258.26,No
9853-HVX,Male,0,No,Yes,49,Yes,No,Fiber optic,Yes,No,Yes,Yes,No,No,Two year,No,Electronic check,114.7,5624.74,No
3852-IYE,Female,0,Yes,No,23,Yes,No,DSL,No,Yes,No,Yes,No,Yes,Month-to-month,Yes,Electronic check,49.55,1135.43,Yes
1987-JBL,Male,0,No,Yes,12,Yes,No,No,No internet service,No internet service,No internet service,No internet service,No internet service,No internet service,Month-to-month,Yes,Electronic check,24.44,291.62,No
8622-KES,Male,0,No,No,18,No,No phone service,No,No internet service,No internet service,No internet service,No internet service,No internet service,No internet service,Month-to-month,Yes,Credit card (automatic),23.77,435.03,Yes
8327-LHZ,Female,0,No,No,28,Yes,Yes,DSL,No,No,No,Yes,No,Yes,Two year,Yes,Credit card (automatic),65.99,1843.92,No
9841-MKG,Female,0,No,Yes,21,Yes,No,Fiber optic,Yes,Yes,Yes,No,No,Yes,Month-to-month,Yes,Electronic check,76.1,1606.59,Yes
2100-NNN,Male,0,No,No,1,Yes,No,Fiber optic,No,Yes,Yes,No,Yes,No,Month-to-month,No,Electronic check,105.27,108.44,Yes
7652-OQU,Male,1,Yes,No,35,Yes,Yes,DSL,Yes,No,No,Yes,No,No,One year,No,Electronic check,70.55,2462.55,Yes
9632-PTB,Female,0,Yes,No,37,Yes,No,DSL,No,Yes,Yes,No,No,No,Month-to-month,No,Electronic check,71.31,2633.4,No
8421-QWI,Female,0,Yes,Yes,17,Yes,No,Fiber optic,No,Yes,Yes,Yes,Yes,No,Two year,Yes,Mailed check,76.31,1294.83,No
6016-RZP,Male,0,No,Yes,50,Yes,Yes,Fiber optic,No,No,No,No,No,Yes,Month-to-month,Yes,Mailed check,93.87,4701.55,No
1769-SCW,Female,1,No,Yes,14,Yes,No,DSL,Yes,No,No,Yes,No,No,One year,Yes,Mailed check,70.79,992.36,No
2343-TFD,Male,0,Yes,Yes,51,Yes,Yes,No,No internet service,No internet service,No internet service,No internet service,No internet service,No internet service,Two year,Yes,Bank transfer (automatic),21.39,1081.8,No
5358-UIK,Male,1,No,Yes,16,No,No phone service,Fiber optic,No,No,Yes,No,No,Yes,Two year,Yes,Electronic check,98.77,1583.84,No
7780-VLR,Male,0,Yes,No,21,Yes,Yes,Fiber optic,Yes,Yes,No,No,Yes,No,Month-to-month,No,Credit card (automatic),97.51,2041.69,Yes
7602-WOY,Female,0,Yes,No,53,Yes,No,DSL,Yes,No,No,No,No,Yes,Two year,No,Credit card (automatic),61.5,3252.13,No
3349-XRF,Female,0,Yes,No,51,Yes,No,DSL,No,No,Yes,Yes,No,No,Two year,No,Electronic check,50.19,2556.93,No
6699-YUM,Male,0,No,Yes,45,Yes,Yes,No,No internet service,No internet service,No internet service,No internet service,No internet service,No internet service,Month-to-month,No,Bank transfer (automatic),23.74,1074.65,Yes
2241-ZXT,Male,0,No,No,3,Yes,Yes,Fiber optic,No,Yes,Yes,No,No,No,Month-to-month,Yes,Bank transfer (automatic),101.28,313.65,Yes
2125-AAA,Male,0,No,No,6,Yes,Yes,No,No internet service,No internet service,No internet service,No internet service,No internet service,No internet service,Two year,Yes,Electronic check,22.58,144.48,No
7764-BDH,Female,0,Yes,No,9,Yes,Yes,Fiber optic,Yes,Yes,Yes,No,No,No,One year,No,Mailed check,72.61,645.54,No
6101-CGO,Female,0,No,Yes,14,Yes,Yes,DSL,No,No,No,Yes,Yes,No,Month-to-month,No,Bank transfer (automatic),74.92,1048.49,No
8843-DJV,Female,0,No,No,25,Yes,Yes,Fiber optic,Yes,No,No,Yes,Yes,Yes,Two year,No,Bank transfer (automatic),80.55,2010.76,No
1072-EMC,Male,1,Yes,No,39,Yes,No,No,No internet service,No internet service,No internet service,No internet service,No internet service,No internet service,Two year,Yes,Credit card (automatic),22.87,884.6,No
6472-FPJ,Female,0,No,No,60,Yes,Yes,Fiber optic,No,No,Yes,Yes,No,Yes,Month-to-month,Yes,Electronic check,103.26,6189.32,Yes
6189-GSQ,Female,1,No,Yes,15,Yes,Yes,DSL,No,No,Yes,Yes,Yes,No,One year,Yes,Electronic check,47.72,716.53,No
3472-HVX,Female,0,No,Yes,17,Yes,Yes,No,No internet service,No internet service,No internet service,No internet service,No internet service,No internet service,One year,No,Bank transfer (automatic),21.84,366.13,Yes
1707-IYE,Female,1,Yes,No,1,Yes,No,DSL,No,Yes,Yes,Yes,No,No,Month-to-month,Yes,Electronic check,73.14,68.12,No
2804-JBL,Male,0,No,No,53,Yes,Yes,No,No internet service,No internet service,No internet service,No internet service,No internet service,No internet service,Month-to-month,No,Mailed check,23.51,1248.27,No
7704-KES,Male,0,No,No,17,No,No phone service,No,No internet service,No internet service,No internet service,No internet service,No internet service,No internet service,One year,Yes,Electronic check,21.03,350.78,No
4713-LHZ,Female,0,No,No,53,Yes,Yes,Fiber optic,Yes,No,No,Yes,No,Yes,Month-to-month,No,Electronic check,71.22,3772.49,No
6051-MKG,Female,0,Yes,Yes,37,Yes,Yes,DSL,Yes,Yes,No,Yes,Yes,No,Month-to-month,Yes,Electronic check,72.78,2687.39,Yes
3475-NNN,Female,0,No,No,72,Yes,No,DSL,Yes,Yes,Yes,Yes,Yes,Yes,Month-to-month,Yes,Electronic check,56.84,4090.49,No
4610-OQU,Female,0,Yes,No,14,Yes,Yes,No,No internet service,No internet service,No internet service,No internet service,No internet service,No internet service,Month-to-month,No,Electronic check,19.86,273.64,No
5255-PTB,Female,1,Yes,No,63,Yes,No,Fiber optic,No,Yes,No,No,Yes,No,Month-to-month,Yes,Credit card (automatic),108.83,6859.02,Yes
8397-QWI,Male,1,No,Yes,7,Yes,No,DSL,No,No,No,Yes,Yes,Yes,Month-to-month,Yes,Electronic check,59.47,411.19,Yes
2735-RZP,Female,1,No,Yes,45,Yes,Yes,Fiber optic,No,No,Yes,No,No,Yes,Two year,No,Bank transfer (automatic),93.97,4223.28,No
9258-SCW,Female,1,No,No,38,Yes,No,DSL,No,Yes,No,Yes,No,Yes,Two year,Yes,Electronic check,59.78,2263.67,No
8979-TFD,Female,0,No,No,51,Yes,Yes,Fiber optic,No,No,No,No,Yes,No,Two year,Yes,Mailed check,114.26,5819.67,No
3428-UIK,Male,1,Yes,No,7,Yes,Yes,Fiber optic,No,Yes,No,No,No,No,Month-to-month,Yes,Bank transfer (automatic),90.7,641.34,No
8426-VLR,Male,1,Yes,No,49,Yes,Yes,DSL,Yes,Yes,No,No,Yes,Yes,Two year,No,Electronic check,59.25,2908.1,No
9533-WOY,Male,0,No,No,49,No,No phone service,No,No internet service,No internet service,No internet service,No internet service,No internet service,No internet service,Month-to-month,Yes,Electronic check,19.7,957.92,No
6249-XRF,Male,0,No,Yes,67,Yes,No,Fiber optic,Yes,Yes,No,No,Yes,No,Two year,No,Credit card (automatic),91.61,6142.67,No
6291-YUM,Male,1,No,Yes,26,Yes,Yes,DSL,No,No,No,Yes,Yes,Yes,Month-to-month,Yes,Credit card (automatic),64.36,1672.45,No
3817-ZXT,Female,0,No,No,37,Yes,No,DSL,No,Yes,No,No,No,No,Month-to-month,Yes,Bank transfer (automatic),71.2,2630.92,No
4874-AAA,Male,0,No,No,20,Yes,No,DSL,No,No,No,No,No,No,Month-to-month,No,Mailed check,73.93,1478.33,No
5211-BDH,Female,0,No,No,44,Yes,No,DSL,Yes,No,No,Yes,Yes,No,Two year,Yes,Bank transfer (automatic),53.66,2354.89,No
1661-CGO,Female,0,Yes,Yes,57,No,No phone service,Fiber optic,No,No,Yes,No,Yes,No,One year,No,Credit card (automatic),116.01,6606.8,No
4374-DJV,Male,1,Yes,No,22,Yes,Yes,DSL,No,Yes,Yes,No,No,No,Month-to-month,Yes,Mailed check,69.91,1538.5,No
1207-EMC,Female,0,Yes,No,53,Yes,No,Fiber optic,No,No,No,No,No,No,Month-to-month,Yes,Electronic check,74.99,3978.97,Yes
3665-FPJ,Male,0,No,No,29,Yes,Yes,No,No internet service,No internet service,No internet service,No internet service,No internet service,No internet service,One year,No,Credit card (automatic),23.41,684.68,No
3493-GSQ,Female,0,No,No,15,Yes,No,DSL,No,No,Yes,Yes,No,No,Month-to-month,No,Electronic check,72.74,1100.14,No
7813-HVX,Male,0,No,No,51,Yes,Yes,Fiber optic,No,No,No,Yes,No,Yes,Month-to-month,No,Credit card (automatic),103.77,5288.58,No
1632-IYE,Male,0,Yes,No,40,Yes,Yes,Fiber optic,Yes,Yes,No,No,No,No,Month-to-month,Yes,Bank transfer (automatic),108.15,4324.04,Yes
4083-JBL,Male,0,No,No,70,Yes,No,Fiber optic,Yes,No,Yes,No,No,No,Month-to-month,No,Mailed check,101.18,7088.82,No
4719-KES,Male,1,No,No,23,Yes,No,DSL,No,No,No,No,No,No,Month-to-month,Yes,Bank transfer (automatic),44.69,1026.66,No
8123-LHZ,Male,0,Yes,No,19,No,No phone service,DSL,No,Yes,Yes,No,No,Yes,One year,Yes,Mailed check,71.03,1356.96,Yes
2679-MKG,Male,0,No,Yes,26,Yes,Yes,No,No internet service,No internet service,No internet service,No internet service,No internet service,No internet service,Month-to-month,Yes,Mailed check,23.66,613.77,No
1236-NNN,Female,1,Yes,No,1,Yes,No,DSL,No,No,Yes,Yes,Yes,No,Month-to-month,No,Electronic check,66.45,60.13,Yes
8446-OQU,Female,0,Yes,No,59,Yes,No,DSL,No,Yes,No,Yes,No,Yes,Month-to-month,Yes,Credit card (automatic),51.52,3032.84,Yes
5443-PTB,Male,0,Yes,No,50,Yes,No,No,No internet service,No internet service,No internet service,No internet service,No internet service,No internet service,Two year,No,Bank transfer (automatic),22.79,1145.27,No
7770-QWI,Male,0,Yes,Yes,0,Yes,No,DSL,Yes,No,No,Yes,Yes,Yes,Month-to-month,Yes,Bank transfer (automatic),45.93, ,Yes
7099-RZP,Male,0,No,No,5,Yes,No,Fiber optic,No,No,No,No,No,No,Month-to-month,Yes,Electronic check,92.42,462.91,No
9555-SCW,Male,1,Yes,Yes,37,Yes,No,No,No internet service,No internet service,No internet service,No internet service,No internet service,No internet service,Month-to-month,Yes,Electronic check,21.48,796.65,Yes
3368-TFD,Male,1,No,Yes,53,No,No phone service,Fiber optic,No,No,No,Yes,No,No,Month-to-month,Yes,Credit card (automatic),117.88,6249.39,Yes
1285-UIK,Female,0,Yes,No,59,Yes,Yes,No,No internet service,No internet service,No internet service,No internet service,No internet service,No internet service,Two year,No,Mailed check,19.47,1149.51,No
1148-VLR,Female,0,Yes,No,26,Yes,Yes,Fiber optic,Yes,No,No,No,No,Yes,One year,Yes,Mailed check,96.3,2494.38,No
5037-WOY,Female,0,No,No,61,Yes,Yes,DSL,No,Yes,Yes,No,Yes,No,Two year,Yes,Electronic check,72.44,4416.58,No
7549-XRF,Female,0,No,No,62,Yes,No,DSL,No,No,No,No,No,Yes,Month-to-month,Yes,Mailed check,44.6,2766.44,Yes
8121-YUM,Male,0,Yes,Yes,34,Yes,No,Fiber optic,Yes,Yes,Yes,Yes,No,Yes,One year,Yes,Bank transfer (automatic),114.04,3885.54,Yes
5895-ZXT,Male,0,No,No,57,No,No phone service,No,No internet service,No internet service,No internet service,No internet service,No internet service,No internet service,Month-to-month,Yes,Electronic check,22.96,1304.09,No
6280-AAA,Male,0,No,Yes,60,Yes,No,DSL,Yes,No,Yes,No,No,Yes,Month-to-month,Yes,Electronic check,69.62,4169.98,No
2012-BDH,Female,1,Yes,No,35,Yes,No,DSL,Yes,Yes,Yes,No,No,No,Two year,No,Mailed check,70.33,2462.42,No
3785-CGO,Female,1,Yes,No,55,Yes,Yes,Fiber optic,No,No,Yes,No,No,No,Month-to-month,Yes,Electronic check,75.61,4154.73,No
4725-DJV,Female,0,Yes,No,66,Yes,Yes,No,No internet service,No internet service,No internet service,No internet service,No internet service,No internet service,Month-to-month,No,Credit card (automatic),24.72,1635.26,No
5576-EMC,Male,0,No,No,56,Yes,No,No,No internet service,No internet service,No internet service,No internet service,No internet service,No internet service,Month-to-month,Yes,Bank transfer (automatic),21.23,1190.55,No
6782-FPJ,Female,0,Yes,No,40,Yes,No,Fiber optic,No,Yes,No,No,Yes,Yes,Two year,No,Electronic check,97.9,3917.98,No
7257-GSQ,Female,0,Yes,No,30,Yes,Yes,Fiber optic,No,Yes,No,Yes,Yes,No,Month-to-month,No,Electronic check,82.37,2472.54,No
3408-HVX,Female,0,Yes,No,2,Yes,No,Fiber optic,No,No,No,No,No,No,Month-to-month,No,Electronic check,75.43,160.32,Yes
1340-IYE,Female,0,Yes,Yes,37,Yes,No,Fiber optic,No,Yes,Yes,No,No,Yes,Two year,Yes,Mailed check,108.41,4013.53,No
3817-JBL,Male,0,No,No,52,Yes,Yes,DSL,Yes,No,No,Yes,Yes,Yes,Two year,No,Electronic check,68.07,3540.16,Yes
3496-KES,Female,0,No,No,51,Yes,No,No,No internet service,No internet service,No internet service,No internet service,No internet service,No internet service,Two year,Yes,Mailed check,20.88,1055.38,No
6962-LHZ,Female,0,Yes,No,23,No,No phone service,Fiber optic,Yes,Yes,No,Yes,No,Yes,Two year,No,Electronic check,77.72,1779.99,No
6299-MKG,Female,0,Yes,Yes,25,Yes,No,Fiber optic,Yes,Yes,No,No,No,No,Month-to-month,Yes,Bank transfer (automatic),89.84,2253.21,Yes
8574-NNN,Female,0,Yes,Yes,72,Yes,No,DSL,No,No,No,No,No,No,Month-to-month,Yes,Bank transfer (automatic),44.12,3185.76,No
2689-OQU,Male,0,No,No,36,Yes,No,Fiber optic,Yes,No,Yes,Yes,No,No,One year,No,Credit card (automatic),117.49,4220.39,No
4267-PTB,Male,0,No,No,47,Yes,Yes,Fiber optic,No,No,No,Yes,Yes,No,Two year,Yes,Credit card (automatic),100.86,4732.59,No
5406-QWI,Female,0,Yes,No,66,Yes,No,DSL,No,No,No,No,No,Yes,Month-to-month,No,Bank transfer (automatic),55.82,3691.4,No
9453-RZP,Male,0,Yes,Yes,40,Yes,Yes,Fiber optic,No,Yes,Yes,No,No,No,One year,Yes,Electronic check,112.12,4479.06,No
2442-SCW,Female,1,Yes,Yes,48,Yes,Yes,DSL,No,Yes,No,No,No,No,Two year,No,Mailed check,47.86,2288.53,No
9597-TFD,Male,0,No,No,27,No,No phone service,Fiber optic,No,Yes,No,Yes,No,No,Two year,No,Credit card (automatic),80.81,2189.13,No
5437-UIK,Female,0,No,No,31,No,No phone service,No,No internet service,No internet service,No internet service,No internet service,No internet service,No internet service,One year,Yes,Electronic check,20.43,638.84,Yes
6435-VLR,Female,0,Yes,No,70,Yes,No,DSL,No,No,No,Yes,No,Yes,Month-to-month,No,Mailed check,81.03,5674.59,No
9435-WOY,Male,1,Yes,Yes,70,Yes,Yes,DSL,No,No,No,No,No,No,One year,No,Bank transfer (automatic),54.43,3801.85,No
5107-XRF,Male,1,Yes,No,31,Yes,No,DSL,No,Yes,No,Yes,Yes,Yes,Two year,No,Bank transfer (automatic),61.16,1898.59,No
1560-YUM,Male,0,No,No,37,Yes,No,Fiber optic,Yes,No,No,No,No,Yes,One year,Yes,Credit card (automatic),100.07,3696.63,No
9785-ZXT,Female,0,Yes,No,19,Yes,No,DSL,Yes,No,Yes,Yes,No,No,Month-to-month,Yes,Electronic check,75.71,1444.23,No
6548-AAA,Female,0,Yes,Yes,7,Yes,No,DSL,No,No,Yes,No,Yes,No,Month-to-month,No,Credit card (automatic),71.2,501.76,No
2826-BDH,Male,1,No,No,67,Yes,Yes,No,No internet service,No internet service,No internet service,No internet service,No internet service,No internet service,Month-to-month,No,Electronic check,22.86,1536.03,No
8629-CGO,Female,0,Yes,No,25,Yes,Yes,Fiber optic,Yes,No,Yes,No,Yes,No,One year,No,Electronic check,106.2,2653.81,No
9325-DJV,Female,0,No,No,69,Yes,Yes,Fiber optic,No,Yes,No,No,No,Yes,One year,No,Credit card (automatic),98.62,6802.41,No
4138-EMC,Female,0,Yes,No,47,No,No phone service,Fiber optic,Yes,No,No,Yes,No,No,Month-to-month,Yes,Credit card (automatic),94.76,4449.38,Yes
8693-FPJ,Female,0,No,No,68,Yes,No,Fiber optic,No,Yes,Yes,No,No,Yes,One year,No,Electronic check,110.47,7520.91,Yes
9264-GSQ,Female,1,Yes,No,45,Yes,No,Fiber optic,No,Yes,No,No,No,Yes,One year,No,Electronic check,104.78,4707.31,No
8842-HVX,Male,1,No,No,57,Yes,Yes,Fiber optic,Yes,No,Yes,Yes,No,Yes,Month-to-month,Yes,Mailed check,93.29,5315.85,Yes
7721-IYE,Female,0,Yes,No,69,Yes,No,No,No internet service,No internet service,No internet service,No internet service,No internet service,No internet service,Two year,No,Mailed check,23.98,1660.48,No
8002-JBL,Male,0,Yes,No,66,Yes,Yes,DSL,No,No,No,Yes,Yes,Yes,Month-to-month,Yes,Mailed check,51.21,3381.95,No
5225-KES,Female,0,No,No,28,Yes,No,Fiber optic,No,No,No,Yes,No,No,Month-to-month,No,Mailed check,113.06,3173.96,Yes
3978-LHZ,Female,0,No,No,9,Yes,Yes,Fiber optic,No,No,Yes,No,No,Yes,Month-to-month,Yes,Electronic check,78.26,709.38,Yes
8373-MKG,Male,0,Yes,No,70,Yes,Yes,DSL,No,No,No,Yes,No,No,One year,Yes,Credit card (automatic),54.14,3790.05,Yes
6907-NNN,Male,0,No,No,64,Yes,Yes,DSL,No,Yes,No,Yes,No,No,Month-to-month,Yes,Credit card (automatic),54.85,3516.89,No
7097-OQU,Female,0,Yes,Yes,64,Yes,Yes,DSL,No,Yes,No,Yes,No,Yes,Month-to-month,Yes,Mailed check,46.63,2992.55,No
6656-PTB,Male,0,No,No,16,Yes,No,No,No internet service,No internet service,No internet service,No internet service,No internet service,No internet service,Month-to-month,Yes,Mailed check,20.27,326.74,Yes
9984-QWI,Female,0,Yes,No,21,No,No phone service,DSL,No,No,No,Yes,No,No,Two year,No,Mailed check,55.35,1156.91,No
5259-RZP,Male,0,Yes,No,13,Yes,Yes,DSL,No,No,Yes,Yes,No,No,Month-to-month,No,Bank transfer (automatic),68.18,890.7,No
9286-SCW,Female,0,Yes,No,5,Yes,Yes,Fiber optic,No,Yes,No,No,Yes,Yes,Two year,No,Bank transfer (automatic),99.16,487.42,No
6901-TFD,Female,0,No,No,29,Yes,No,DSL,Yes,No,No,No,Yes,Yes,One year,No,Mailed check,66.5,1928.91,No
5917-UIK,Male,0,No,Yes,46,Yes,No,No,No internet service,No internet service,No internet service,No internet service,No internet service,No internet service,Month-to-month,No,Credit card (automatic),22.5,1026.74,No
9429-VLR,Male,0,Yes,No,19,Yes,Yes,Fiber optic,No,No,Yes,Yes,Yes,No,Month-to-month,Yes,Mailed check,71.96,1357.98,Yes
3530-WOY,Female,0,No,No,15,Yes,No,DSL,No,Yes,Yes,Yes,Yes,No,One year,Yes,Electronic check,72.65,1085.24,Yes
2960-XRF,Female,0,Yes,No,67,Yes,Yes,Fiber optic,No,No,No,No,No,Yes,Month-to-month,Yes,Bank transfer (automatic),116.25,7794.88,Yes
8045-YUM,Female,0,Yes,No,33,Yes,No,No,No internet service,No internet service,No internet service,No internet service,No internet service,No internet service,Month-to-month,Yes,Electronic check,22.52,746.82,No
2048-ZXT,Male,0,No,Yes,0,Yes,Yes,DSL,No,No,No,Yes,Yes,No,Two year,Yes,Bank transfer (automatic),55.4, ,No
6772-AAA,Female,0,Yes,Yes,47,Yes,No,Fiber optic,Yes,No,No,No,Yes,No,One year,Yes,Electronic check,85.08,3990.36,No
3529-BDH,Female,1,Yes,No,7,Yes,Yes,No,No internet service,No internet service,No internet service,No internet service,No internet service,No internet service,One year,Yes,Electronic check,23.42,161.29,Yes
3964-CGO,Female,1,No,No,21,Yes,No,No,No internet service,No internet service,No internet service,No internet service,No internet service,No internet service,One year,Yes,Electronic check,19.0,404.24,No
8137-DJV,Male,0,Yes,No,67,Yes,No,Fiber optic,Yes,Yes,Yes,No,Yes,No,Two year,No,Electronic check,88.17,5904.2,No
1963-EMC,Male,0,No,No,33,Yes,No,Fiber optic,Yes,Yes,No,No,No,No,Month-to-month,No,Bank transfer (automatic),79.28,2625.21,Yes
1536-FPJ,Male,0,Yes,No,59,Yes,Yes,No,No internet service,No internet service,No internet service,No internet service,No internet service,No internet service,Two year,No,Electronic check,19.6,1166.15,No
8340-GSQ,Female,0,Yes,Yes,44,Yes,No,DSL,No,Yes,No,No,Yes,Yes,Month-to-month,Yes,Credit card (automatic),44.14,1932.62,Yes
8179-HVX,Male,0,Yes,No,36,Yes,Yes,No,No internet service,No internet service,No internet service,No internet service,No internet service,No internet service,Two year,No,Bank transfer (automatic),24.24,871.73,No
8967-IYE,Male,0,Yes,No,22,Yes,Yes,Fiber optic,No,No,Yes,No,No,Yes,Two year,No,Credit card (automatic),85.46,1880.58,Yes
9734-JBL,Male,0,Yes,No,23,Yes,No,DSL,No,No,Yes,Yes,No,No,Month-to-month,No,Electronic check,59.87,1385.55,Yes
1845-KES,Female,1,No,Yes,12,Yes,Yes,DSL,Yes,Yes,No,Yes,No,Yes,Month-to-month,No,Mailed check,45.05,538.5,Yes
6777-LHZ,Female,0,No,No,68,Yes,Yes,Fiber optic,No,No,No,Yes,No,No,Month-to-month,No,Bank transfer (automatic),74.63,5066.39,Yes
4036-MKG,Male,0,No,No,59,Yes,Yes,No,No internet service,No internet service,No internet service,No internet service,No internet service,No internet service,One year,Yes,Electronic check,19.75,1162.46,No
6947-NNN,Female,0,Yes,Yes,37,Yes,Yes,DSL,No,No,Yes,No,Yes,Yes,One year,Yes,Electronic check,51.02,1887.69,Yes
3494-OQU,Male,0,Yes,No,47,Yes,Yes,DSL,No,No,Yes,Yes,No,No,Month-to-month,Yes,Credit card (automatic),78.42,3679.63,No
3719-PTB,Male,0,No,No,25,Yes,No,Fiber optic,No,Yes,Yes,No,Yes,No,Month-to-month,Yes,Bank transfer (automatic),116.39,2907.71,No
2884-QWI,Male,0,Yes,Yes,0,Yes,No,DSL,No,No,No,No,Yes,Yes,Month-to-month,Yes,Bank transfer (automatic),82.35, ,Yes
5349-RZP,Male,0,No,No,3,Yes,No,No,No internet service,No internet service,No internet service,No internet service,No internet service,No internet service,Month-to-month,Yes,Credit card (automatic),19.69,50.23,Yes
6179-SCW,Male,0,No,Yes,66,No,No phone service,No,No internet service,No internet service,No internet service,No internet service,No internet service,No internet service,Month-to-month,Yes,Bank transfer (automatic),19.1,1269.51,No
7610-TFD,Female,0,No,No,12,Yes,No,No,No internet service,No internet service,No internet service,No internet service,No internet service,No internet service,Month-to-month,Yes,Bank transfer (automatic),22.71,274.82,No
7430-UIK,Female,0,Yes,No,38,Yes,Yes,Fiber optic,No,No,No,No,No,No,One year,Yes,Electronic check,83.62,3186.16,No
8154-VLR,Female,0,Yes,No,30,Yes,Yes,Fiber optic,No,Yes,Yes,No,No,No,Month-to-month,Yes,Mailed check,72.75,2187.72,No
7488-WOY,Male,1,No,No,23,Yes,Yes,DSL,No,No,Yes,Yes,Yes,Yes,Month-to-month,No,Electronic check,67.06,1542.31,Yes
5737-XRF,Female,0,No,Yes,4,Yes,No,No,No internet service,No internet service,No internet service,No internet service,No internet service,No internet service,Month-to-month,Yes,Electronic check,20.05,75.91,Yes
7525-YUM,Female,0,Yes,No,48,Yes,No,DSL,Yes,Yes,No,No,No,No,Two year,No,Electronic check,57.07,2741.12,No
4850-ZXT,Male,1,No,Yes,10,Yes,Yes,Fiber optic,No,No,No,No,No,Yes,One year,Yes,Mailed check,99.0,989.38,Yes
1689-AAA,Male,0,Yes,No,23,Yes,No,DSL,Yes,No,Yes,No,Yes,No,Two year,No,Bank transfer (automatic),72.59,1659.72,No
6175-BDH,Male,0,No,No,44,Yes,No,DSL,No,Yes,Yes,No,No,Yes,Two year,No,Mailed check,48.51,2137.18,No
9648-CGO,Male,0,No,No,33,Yes,No,Fiber optic,Yes,No,Yes,Yes,Yes,No,One year,Yes,Credit card (automatic),72.47,2398.45,Yes
6078-DJV,Male,0,Yes,Yes,10,Yes,Yes,Fiber optic,No,Yes,Yes,Yes,No,Yes,Month-to-month,No,Electronic check,110.21,1109.99,Yes
6448-EMC,Male,0,Yes,Yes,56,Yes,Yes,Fiber optic,No,No,No,Yes,No,No,Month-to-month,No,Credit card (automatic),83.07,4656.14,No
2179-FPJ,Male,0,Yes,No,28,Yes,No,Fiber optic,No,No,No,No,No,No,One year,Yes,Mailed check,95.63,2676.8,No
7406-GSQ,Male,1,Yes,Yes,21,Yes,No,Fiber optic,Yes,Yes,No,Yes,Yes,No,One year,Yes,Electronic check,108.27,2271.97,No
9591-HVX,Male,0,Yes,No,32,Yes,No,Fiber optic,No,No,No,No,No,No,One year,Yes,Credit card (automatic),72.68,2324.57,Yes
7907-IYE,Male,0,Yes,Yes,71,Yes,No,DSL,Yes,No,No,Yes,Yes,Yes,Month-to-month,No,Mailed check,75.71,5382.71,No
9800-JBL,Male,0,Yes,No,48,No,No phone service,Fiber optic,No,Yes,No,No,No,Yes,One year,Yes,Electronic check,97.22,4666.95,No
2638-KES,Female,0,No,No,22,Yes,Yes,DSL,No,Yes,Yes,No,Yes,No,Month-to-month,No,Electronic check,48.33,1054.74,No
6671-LHZ,Female,0,No,No,68,Yes,Yes,Fiber optic,No,No,No,No,No,No,Month-to-month,Yes,Electronic check,102.97,7001.31,No
7928-MKG,Female,0,Yes,No,28,Yes,No,Fiber optic,No,Yes,No,Yes,Yes,Yes,Month-to-month,Yes,Bank transfer (automatic),73.56,2065.78,No
2382-NNN,Female,0,Yes,No,5,Yes,No,No,No internet service,No internet service,No internet service,No internet service,No internet service,No internet service,Two year,Yes,Mailed check,20.35,96.72,No
2403-OQU,Female,0,Yes,Yes,51,No,No phone service,No,No internet service,No internet service,No internet service,No internet service,No internet service,No internet service,One year,No,Credit card (automatic),21.87,1119.68,No
4292-PTB,Female,1,No,No,13,Yes,Yes,Fiber optic,No,Yes,No,No,Yes,Yes,Two year,No,Mailed check,102.86,1331.94,No
1419-QWI,Female,0,No,Yes,16,Yes,No,DSL,No,No,No,No,No,Yes,Month-to-month,Yes,Electronic check,54.76,879.34,Yes
5517-RZP,Male,0,No,No,27,Yes,No,Fiber optic,No,Yes,Yes,No,No,No,Month-to-month,No,Bank transfer (automatic),78.79,2127.58,Yes
4302-SCW,Male,0,Yes,No,8,Yes,No,No,No internet service,No internet service,No internet service,No internet service,No internet service,No internet service,Two year,Yes,Credit card (automatic),23.25,185.58,No
8857-TFD,Female,0,No,Yes,65,Yes,Yes,Fiber optic,Yes,Yes,No,No,No,No,Month-to-month,Yes,Electronic check,89.92,5848.57,Yes
8870-UIK,Male,0,No,No,3,No,No phone service,Fiber optic,Yes,Yes,No,No,No,No,Two year,Yes,Electronic check,79.91,239.34,Yes
6693-VLR,Male,0,No,Yes,19,No,No phone service,DSL,No,Yes,Yes,No,No,Yes,Month-to-month,No,Credit card (automatic),68.37,1302.74,No
1767-WOY,Male,0,No,No,40,Yes,Yes,Fiber optic,Yes,Yes,Yes,Yes,No,Yes,Month-to-month,Yes,Electronic check,89.22,3577.68,No
3044-XRF,Male,0,Yes,No,35,Yes,No,DSL,Yes,No,Yes,Yes,No,Yes,Month-to-month,No,Credit card (automatic),69.41,2425.31,Yes
2549-YUM,Female,0,No,Yes,5,Yes,No,Fiber optic,No,No,No,No,No,Yes,Month-to-month,Yes,Bank transfer (automatic),108.13,531.2,Yes
7140-ZXT,Female,0,No,No,64,Yes,No,Fiber optic,Yes,No,Yes,No,No,No,Month-to-month,Yes,Electronic check,70.98,4543.48,Yes
4716-AAA,Female,0,Yes,No,49,Yes,Yes,DSL,Yes,No,Yes,No,Yes,Yes,Month-to-month,Yes,Electronic check,58.58,2866.04,No
5481-BDH,Female,0,Yes,No,63,Yes,Yes,DSL,Yes,Yes,No,No,Yes,No,One year,Yes,Electronic check,58.39,3679.13,No
8898-CGO,Male,0,Yes,Yes,2,Yes,Yes,Fiber optic,No,No,No,No,No,Yes,Month-to-month,Yes,Credit card (automatic),113.86,230.17,Yes
7548-DJV,Female,1,Yes,No,36,Yes,Yes,Fiber optic,Yes,Yes,Yes,No,No,Yes,One year,Yes,Credit card (automatic),118.6,4271.05,No
3293-EMC,Female,0,Yes,No,2,Yes,No,Fiber optic,No,No,Yes,No,No,Yes,One year,Yes,Credit card (automatic),101.83,206.51,No
5837-FPJ,Female,0,No,No,32,No,No phone service,No,No internet service,No internet service,No internet service,No internet service,No internet service,No internet service,Month-to-month,Yes,Credit card (automatic),21.0,669.75,No
8758-GSQ,Female,0,No,Yes,58,No,No phone service,DSL,Yes,Yes,No,Yes,No,No,Month-to-month,Yes,Mailed check,62.05,3599.25,No
7793-HVX,Male,1,No,No,14,Yes,Yes,DSL,Yes,Yes,Yes,No,No,No,One year,Yes,Credit card (automatic),71.2,996.2,Yes
8638-IYE,Male,0,No,Yes,55,No,No phone service,Fiber optic,No,No,No,No,Yes,Yes,Month-to-month,No,Electronic check,98.97,5438.07,No
8993-JBL,Female,0,No,No,60,Yes,Yes,DSL,No,Yes,No,No,No,Yes,Month-to-month,Yes,Credit card (automatic),79.24,4754.16,No
7007-KES,Female,1,No,No,67,Yes,Yes,Fiber optic,No,Yes,No,No,No,Yes,Month-to-month,Yes,Electronic check,104.8,7028.98,No
6542-LHZ,Female,0,No,No,70,Yes,No,DSL,Yes,Yes,No,Yes,Yes,No,Month-to-month,No,Mailed check,49.5,3461.5,No
7356-MKG,Female,0,Yes,No,67,Yes,No,DSL,Yes,No,Yes,No,Yes,No,Month-to-month,Yes,Mailed check,78.39,5254.86,No
9433-NNN,Male,0,Yes,No,61,Yes,Yes,No,No internet service,No internet service,No internet service,No internet service,No internet service,No internet service,One year,Yes,Credit card (automatic),20.21,1225.07,No
8380-OQU,Female,0,Yes,No,66,Yes,Yes,No,No internet service,No internet service,No internet service,No internet service,No internet service,No internet service,Two year,Yes,Mailed check,23.39,1534.6,No
3385-PTB,Male,0,Yes,No,22,Yes,No,Fiber optic,Yes,Yes,Yes,No,No,Yes,Month-to-month,Yes,Mailed check,72.7,1609.05,No
5268-QWI,Male,0,Yes,No,13,Yes,No,No,No internet service,No internet service,No internet service,No internet service,No internet service,No internet service,One year,Yes,Credit card (automatic),20.36,260.61,No
1671-RZP,Female,0,No,No,5,Yes,No,Fiber optic,No,No,Yes,Yes,Yes,No,Two year,Yes,Electronic check,105.29,532.95,Yes
1163-SCW,Female,0,No,Yes,32,Yes,Yes,Fiber optic,No,Yes,No,No,Yes,No,One year,Yes,Electronic check,117.62,3772.0,Yes
9656-TFD,Male,0,Yes,Yes,8,Yes,No,Fiber optic,No,No,No,No,No,No,One year,Yes,Electronic check,89.59,714.23,Yes
5592-UIK,Male,0,No,Yes,11,Yes,No,DSL,Yes,Yes,No,No,No,No,Month-to-month,Yes,Credit card (automatic),53.97,583.88,No
5795-VLR,Female,0,Yes,No,50,Yes,No,DSL,No,No,No,No,Yes,No,Month-to-month,Yes,Electronic check,79.72,3982.49,No
5798-WOY,Male,0,No,No,2,Yes,No,Fiber optic,No,Yes,No,No,Yes,No,Month-to-month,Yes,Electronic check,111.02,229.26,Yes
7036-XRF,Male,0,No,Yes,55,Yes,Yes,Fiber optic,No,No,Yes,No,Yes,Yes,Two year,No,Bank transfer (automatic),96.54,5317.09,No
3355-YUM,Female,0,No,No,45,Yes,Yes,Fiber optic,No,Yes,Yes,Yes,Yes,No,Month-to-month,No,Bank transfer (automatic),83.0,3743.37,No
6887-ZXT,Male,0,Yes,Yes,35,Yes,Yes,No,No internet service,No internet service,No internet service,No internet service,No internet service,No internet service,Month-to-month,Yes,Credit card (automatic),20.33,717.81,No
8961-AAA,Female,0,No,No,12,Yes,Yes,DSL,No,No,No,No,No,No,One year,Yes,Mailed check,64.04,761.9,No
6827-BDH,Male,0,Yes,Yes,12,Yes,No,Fiber optic,No,Yes,No,Yes,No,Yes,Month-to-month,No,Electronic check,117.88,1413.99,Yes
9737-CGO,Male,0,No,No,57,Yes,No,No,No internet service,No internet service,No internet service,No internet service,No internet service,No internet service,Two year,Yes,Electronic check,19.0,1081.7,No
5719-DJV,Male,0,Yes,Yes,33,Yes,No,Fiber optic,No,No,No,No,No,No,One year,No,Electronic check,87.74,2895.42,Yes
1593-EMC,Female,0,No,No,42,Yes,No,DSL,Yes,Yes,Yes,Yes,Yes,No,Month-to-month,No,Bank transfer (automatic),79.3,3332.4,Yes
5839-FPJ,Female,0,Yes,Yes,27,Yes,No,Fiber optic,No,Yes,Yes,No,No,No,One year,No,Bank transfer (automatic),116.89,3153.51,No
8394-GSQ,Male,1,No,No,55,Yes,No,Fiber optic,Yes,No,Yes,No,No,Yes,Two year,Yes,Bank transfer (automatic),72.47,3989.46,No
4493-HVX,Male,0,Yes,No,46,Yes,No,Fiber optic,Yes,No,No,No,No,Yes,Two year,No,Credit card (automatic),98.73,4532.23,No
7164-IYE,Male,0,No,No,34,Yes,No,DSL,No,No,Yes,No,No,No,Month-to-month,Yes,Electronic check,68.78,2343.05,Yes
3672-JBL,Male,0,No,Yes,18,Yes,Yes,No,No internet service,No internet service,No internet service,No internet service,No internet service,No internet service,Month-to-month,Yes,Electronic check,21.66,390.55,No
5200-KES,Male,0,Yes,No,50,Yes,No,DSL,Yes,No,Yes,No,Yes,No,Month-to-month,No,Bank transfer (automatic),45.77,2281.6,No
1016-LHZ,Female,0,Yes,No,19,Yes,Yes,DSL,Yes,Yes,No,Yes,Yes,No,Month-to-month,No,Credit card (automatic),57.02,1085.1,No
4191-MKG,Female,0,No,No,28,Yes,No,No,No internet service,No internet service,No internet service,No internet service,No internet service,No internet service,Month-to-month,Yes,Mailed check,21.22,585.44,Yes
1392-NNN,Female,0,Yes,No,71,Yes,Yes,DSL,Yes,No,No,Yes,No,Yes,Two year,No,Credit card (automatic),64.0,4547.05,No
9616-OQU,Male,0,Yes,No,64,Yes,No,Fiber optic,Yes,Yes,No,No,No,Yes,Two year,Yes,Bank transfer (automatic),117.07,7493.75,No
7272-PTB,Male,0,Yes,No,37,Yes,Yes,No,No internet service,No internet service,No internet service,No internet service,No internet service,No internet service,Month-to-month,Yes,Credit card (automatic),20.31,761.23,Yes
1571-QWI,Male,0,No,No,48,Yes,Yes,DSL,No,No,Yes,Yes,No,No,Two year,No,Electronic check,46.43,2221.91,No
4631-RZP,Female,0,Yes,Yes,27,Yes,Yes,Fiber optic,No,Yes,No,No,No,No,Month-to-month,No,Mailed check,75.85,2055.79,Yes
7172-SCW,Female,0,Yes,No,32,Yes,Yes,DSL,No,No,Yes,No,No,No,Month-to-month,No,Bank transfer (automatic),58.46,1869.25,Yes
8177-TFD,Female,0,No,Yes,12,Yes,Yes,DSL,No,No,Yes,Yes,Yes,Yes,Month-to-month,No,Electronic check,75.92,903.13,Yes
9433-UIK,Male,0,Yes,Yes,43,Yes,No,Fiber optic,No,Yes,Yes,No,No,No,Two year,Yes,Credit card (automatic),99.6,4288.13,No
4897-VLR,Female,0,Yes,Yes,51,Yes,No,Fiber optic,No,Yes,No,No,No,No,Two year,No,Credit card (automatic),108.12,5523.65,No
9123-WOY,Female,0,No,Yes,40,Yes,Yes,DSL,Yes,Yes,Yes,No,No,Yes,One year,Yes,Bank transfer (automatic),81.66,3271.92,Yes
3279-XRF,Female,0,No,No,48,Yes,Yes,Fiber optic,No,Yes,No,Yes,No,No,One year,Yes,Bank transfer (automatic),75.89,3645.29,No
9980-YUM,Male,0,Yes,No,6,Yes,No,DSL,Yes,No,No,No,No,Yes,Two year,No,Electronic check,65.62,385.33,No
8451-ZXT,Female,0,Yes,No,35,Yes,No,Fiber optic,Yes,No,Yes,No,Yes,Yes,Month-to-month,No,Credit card (automatic),100.45,3514.1,Yes
9906-AAA,Male,0,No,No,25,Yes,Yes,DSL,No,No,No,No,No,No,Month-to-month,Yes,Bank transfer (automatic),61.09,1518.46,No
1775-BDH,Male,0,Yes,Yes,26,Yes,Yes,No,No internet service,No internet service,No internet service,No internet service,No internet service,No internet service,Two year,Yes,Electronic check,21.31,551.49,No
7869-CGO,Male,1,No,Yes,23,Yes,Yes,DSL,No,Yes,No,No,No,No,Month-to-month,Yes,Bank transfer (automatic),47.46,1091.83,Yes
3247-DJV,Male,0,No,No,70,Yes,No,DSL,Yes,No,No,No,Yes,Yes,Two year,Yes,Electronic check,46.41,3252.43,No
8088-EMC,Female,0,No,No,32,Yes,No,Fiber optic,Yes,No,No,Yes,No,No,One year,Yes,Electronic check,72.09,2302.57,No
1078-FPJ,Female,1,No,No,17,Yes,Yes,DSL,Yes,Yes,No,No,Yes,Yes,One year,Yes,Electronic check,70.88,1213.43,No
9080-GSQ,Male,0,No,No,4,Yes,No,No,No internet service,No internet service,No internet service,No internet service,No internet service,No internet service,Month-to-month,Yes,Electronic check,18.93,75.69,Yes
8099-HVX,Male,1,No,No,0,Yes,Yes,Fiber optic,No,No,No,Yes,No,Yes,Month-to-month,No,Electronic check,87.96, ,Yes
4926-IYE,Male,0,No,Yes,70,Yes,No,Fiber optic,No,Yes,No,No,No,No,Month-to-month,No,Credit card (automatic),114.71,8029.07,Yes
8340-JBL,Male,0,No,No,2,No,No phone service,DSL,No,No,Yes,Yes,No,No,Two year,No,Electronic check,50.88,94.21,No
8083-KES,Female,0,Yes,Yes,35,Yes,No,DSL,No,No,Yes,No,No,No,Two year,No,Credit card (automatic),63.39,2220.96,No
7230-LHZ,Female,1,Yes,No,34,Yes,No,No,No internet service,No internet service,No internet service,No internet service,No internet service,No internet service,Month-to-month,Yes,Electronic check,23.17,785.05,Yes
5940-MKG,Male,1,Yes,No,50,Yes,Yes,DSL,Yes,No,No,No,No,No,Month-to-month,No,Credit card (automatic),54.15,2716.19,No
4271-NNN,Female,0,No,No,11,No,No phone service,No,No internet service,No internet service,No internet service,No internet service,No internet service,No internet service,Month-to-month,No,Electronic check,18.4,210.09,No
4456-OQU,Female,0,No,No,14,Yes,Yes,Fiber optic,No,Yes,Yes,No,No,No,Month-to-month,Yes,Credit card (automatic),107.92,1509.18,No
8788-PTB,Male,0,No,Yes,3,No,No phone service,Fiber optic,Yes,No,Yes,Yes,No,No,Month-to-month,No,Mailed check,105.53,322.6,No
9599-QWI,Female,0,No,No,55,Yes,No,DSL,No,No,No,Yes,No,No,Month-to-month,Yes,Electronic check,84.18,4630.32,Yes
8650-RZP,Female,0,No,No,15,Yes,Yes,Fiber optic,No,Yes,Yes,No,Yes,Yes,Month-to-month,Yes,Mailed check,99.57,1493.2,No
3711-SCW,Male,0,Yes,Yes,5,Yes,No,Fiber optic,Yes,Yes,Yes,No,No,Yes,Month-to-month,No,Electronic check,85.07,429.45,Yes
2668-TFD,Male,0,Yes,No,62,Yes,No,Fiber optic,Yes,No,Yes,No,No,Yes,One year,Yes,Electronic check,76.32,4737.87,No
1147-UIK,Female,1,No,No,22,Yes,No,DSL,Yes,No,Yes,No,No,Yes,One year,Yes,Mailed check,48.06,1060.03,No
7420-VLR,Male,1,No,No,43,Yes,Yes,No,No internet service,No internet service,No internet service,No internet service,No internet service,No internet service,Month-to-month,Yes,Mailed check,22.56,977.07,Yes
1365-WOY,Male,0,No,No,0,Yes,No,Fiber optic,Yes,No,Yes,No,No,No,One year,No,Bank transfer (automatic),87.03, ,No
5531-XRF,Female,0,Yes,No,56,Yes,Yes,No,No internet service,No internet service,No internet service,No internet service,No internet service,No internet service,Month-to-month,Yes,Bank transfer (automatic),23.87,1330.28,Yes
6330-YUM,Female,1,No,No,26,Yes,Yes,Fiber optic,No,No,No,No,No,Yes,Two year,No,Electronic check,76.07,1975.55,Yes
6510-ZXT,Female,0,No,No,24,Yes,No,No,No internet service,No internet service,No internet service,No internet service,No internet service,No internet service,Month-to-month,Yes,Electronic check,24.76,591.35,No
9754-AAA,Male,0,Yes,No,61,Yes,No,No,No internet service,No internet service,No internet service,No internet service,No internet service,No internet service,One year,No,Electronic check,18.65,1143.61,No
9964-BDH,Female,0,No,No,17,Yes,Yes,No,No internet service,No internet service,No internet service,No internet service,No internet service,No internet service,Month-to-month,Yes,Bank transfer (automatic),23.53,397.78,No
7493-CGO,Male,1,Yes,Yes,29,Yes,No,Fiber optic,No,No,No,No,No,No,Month-to-month,Yes,Bank transfer (automatic),107.92,3123.99,No
6439-DJV,Male,0,Yes,No,29,Yes,Yes,Fiber optic,No,Yes,No,Yes,No,No,Month-to-month,Yes,Electronic check,99.89,2905.37,No
7511-EMC,Male,0,No,No,46,Yes,No,DSL,Yes,Yes,No,Yes,No,No,Month-to-month,Yes,Mailed check,84.7,3892.17,Yes
8504-FPJ,Male,0,Yes,No,21,Yes,No,Fiber optic,No,No,Yes,No,No,Yes,Month-to-month,No,Credit card (automatic),70.22,1482.6,Yes
2246-GSQ,Male,1,Yes,No,41,Yes,No,No,No internet service,No internet service,No internet service,No internet service,No internet service,No internet service,Month-to-month,No,Credit card (automatic),21.39,880.64,Yes
4839-HVX,Female,0,No,No,33,Yes,Yes,No,No internet service,No internet service,No internet service,No internet service,No internet service,No internet service,Month-to-month,No,Credit card (automatic),18.96,628.72,Yes
9551-IYE,Female,0,No,No,62,Yes,No,No,No internet service,No internet service,No internet service,No internet service,No internet service,No internet service,Two year,Yes,Bank transfer (automatic),21.73,1343.31,No
3376-JBL,Male,0,Yes,No,3,Yes,Yes,Fiber optic,Yes,No,No,No,Yes,No,Month-to-month,No,Electronic check,79.54,246.32,Yes
4009-KES,Female,1,No,No,30,Yes,No,Fiber optic,Yes,Yes,No,No,Yes,No,Month-to-month,Yes,Mailed check,91.76,2758.49,Yes
2827-LHZ,Female,0,Yes,No,50,Yes,Yes,Fiber optic,No,No,Yes,Yes,No,No,Month-to-month,No,Electronic check,71.85,3585.14,No
7979-MKG,Male,0,No,Yes,49,Yes,No,Fiber optic,No,No,Yes,Yes,Yes,No,Month-to-month,Yes,Credit card (automatic),92.1,4521.45,No
9569-NNN,Male,1,No,Yes,13,Yes,No,Fiber optic,Yes,No,No,No,Yes,No,Month-to-month,No,Electronic check,102.51,1330.65,Yes
5285-OQU,Female,0,Yes,No,7,Yes,Yes,Fiber optic,No,No,No,Yes,No,Yes,Two year,Yes,Electronic check,112.85,796.12,Yes
7910-PTB,Male,0,Yes,No,68,Yes,No,Fiber optic,No,No,Yes,Yes,No,No,Two year,Yes,Electronic check,115.21,7828.7,No
9561-QWI,Female,1,Yes,Yes,7,Yes,Yes,Fiber optic,No,No,Yes,No,No,No,Two year,Yes,Bank transfer (automatic),87.23,602.1,No
3196-RZP,Male,0,Yes,No,10,Yes,No,No,No internet service,No internet service,No internet service,No internet service,No internet service,No internet service,Month-to-month,No,Credit card (automatic),23.7,243.87,No
4747-SCW,Female,0,No,Yes,28,Yes,No,DSL,Yes,No,No,Yes,No,Yes,Month-to-month,No,Mailed check,80.05,2246.1,No
9843-TFD,Male,0,Yes,Yes,54,Yes,Yes,DSL,No,No,No,No,Yes,Yes,One year,Yes,Mailed check,83.75,4514.19,No
6978-UIK,Female,0,Yes,Yes,38,Yes,Yes,DSL,Yes,No,Yes,Yes,No,Yes,One year,Yes,Bank transfer (automatic),62.02,2349.01,No
6607-VLR,Male,0,No,No,12,No,No phone service,Fiber optic,No,No,No,Yes,No,No,Month-to-month,Yes,Credit card (automatic),109.95,1318.94,No
1769-WOY,Female,0,Yes,No,63,Yes,No,No,No internet service,No internet service,No internet service,No internet service,No internet service,No internet service,Two year,Yes,Electronic check,20.01,1259.26,No
1780-XRF,Female,1,No,No,48,Yes,No,Fiber optic,No,Yes,No,No,No,No,Two year,Yes,Credit card (automatic),107.41,5154.09,No
7303-YUM,Male,0,Yes,Yes,18,Yes,No,DSL,Yes,No,No,Yes,No,Yes,One year,Yes,Mailed check,76.78,1390.68,No
4983-ZXT,Female,0,No,No,66,Yes,Yes,Fiber optic,No,No,No,Yes,No,Yes,One year,Yes,Credit card (automatic),111.62,7365.73,Yes
9714-AAA,Female,0,No,No,51,Yes,No,No,No internet service,No internet service,No internet service,No internet service,No internet service,No internet service,One year,No,Electronic check,23.74,1206.36,No
1521-BDH,Female,0,No,Yes,70,Yes,No,No,No internet service,No internet service,No internet service,No internet service,No internet service,No internet service,Month-to-month,No,Credit card (automatic),23.56,1651.14,Yes
8569-CGO,Male,0,Yes,Yes,19,Yes,Yes,Fiber optic,No,No,No,No,No,No,One year,No,Electronic check,103.29,1970.41,No
6784-DJV,Male,0,Yes,No,53,Yes,No,No,No internet service,No internet service,No internet service,No internet service,No internet service,No internet service,One year,Yes,Bank transfer (automatic),19.0,1012.18,No
5583-EMC,Female,0,Yes,Yes,4,Yes,Yes,DSL,No,No,No,No,No,No,Month-to-month,Yes,Electronic check,59.25,246.81,No
6946-FPJ,Male,0,Yes,No,61,Yes,No,DSL,No,Yes,No,No,No,Yes,One year,Yes,Electronic check,54.12,3298.37,No
5941-GSQ,Female,0,Yes,No,16,Yes,No,Fiber optic,No,No,Yes,No,No,No,Month-to-month,Yes,Electronic check,91.11,1450.37,No
7267-HVX,Male,0,No,No,52,Yes,No,Fiber optic,No,No,Yes,No,Yes,Yes,One year,Yes,Bank transfer (automatic),114.68,5972.31,No
8128-IYE,Female,0,No,No,36,No,No phone service,No,No internet service,No internet service,No internet service,No internet service,No internet service,No internet service,Month-to-month,No,Bank transfer (automatic),22.39,812.85,Yes
3461-JBL,Male,0,No,No,18,Yes,Yes,Fiber optic,No,Yes,Yes,Yes,Yes,No,Two year,Yes,Electronic check,74.09,1331.58,No
1685-KES,Female,1,Yes,No,9,Yes,Yes,No,No internet service,No internet service,No internet service,No internet service,No internet service,No internet service,Two year,No,Mailed check,20.27,178.78,No
3160-LHZ,Male,0,No,No,43,Yes,No,Fiber optic,No,No,No,Yes,Yes,No,Month-to-month,Yes,Bank transfer (automatic),111.53,4799.86,Yes
8031-MKG,Female,0,No,No,48,Yes,Yes,Fiber optic,No,No,Yes,Yes,No,No,Month-to-month,Yes,Credit card (automatic),88.3,4236.56,Yes
6341-NNN,Female,0,No,No,36,Yes,No,DSL,No,No,Yes,No,No,Yes,Month-to-month,Yes,Electronic check,44.3,1589.89,No
1038-OQU,Female,0,No,Yes,57,Yes,No,Fiber optic,Yes,No,No,No,No,No,Month-to-month,Yes,Mailed check,107.8,6134.94,Yes
5875-PTB,Male,0,No,No,14,Yes,Yes,No,No internet service,No internet service,No internet service,No internet service,No internet service,No internet service,Month-to-month,Yes,Electronic check,19.2,271.28,No
2256-QWI,Male,0,No,No,19,Yes,Yes,Fiber optic,No,No,No,No,Yes,No,One year,Yes,Electronic check,75.95,1447.41,No
8697-RZP,Male,0,Yes,No,54,Yes,No,Fiber optic,No,No,No,Yes,Yes,Yes,Month-to-month,Yes,Mailed check,100.07,5412.14,Yes
3196-SCW,Male,0,No,No,12,Yes,No,DSL,Yes,No,No,No,No,No,Month-to-month,Yes,Mailed check,67.33,801.85,Yes
8165-TFD,Male,0,Yes,Yes,19,No,No phone service,DSL,No,No,No,Yes,Yes,Yes,Month-to-month,Yes,Credit card (automatic),58.8,1122.93,No
1301-UIK,Male,0,No,No,42,Yes,No,No,No internet service,No internet service,No internet service,No internet service,No internet service,No internet service,Month-to-month,Yes,Credit card (automatic),19.65,816.08,No
8527-VLR,Female,1,No,No,40,No,No phone service,Fiber optic,Yes,Yes,Yes,No,No,Yes,Month-to-month,Yes,Mailed check,75.05,2996.06,No
7381-WOY,Male,0,Yes,No,47,Yes,Yes,Fiber optic,No,No,No,Yes,No,Yes,Month-to-month,No,Bank transfer (automatic),75.93,3577.26,Yes
1646-XRF,Female,0,No,No,55,Yes,No,DSL,No,No,No,No,No,Yes,Two year,Yes,Bank transfer (automatic),74.16,4074.17,No
9789-YUM,Male,0,No,No,67,Yes,Yes,Fiber optic,No,No,Yes,Yes,Yes,No,One year,No,Bank transfer (automatic),113.89,7632.31,No
9853-ZXT,Male,1,Yes,No,43,Yes,No,DSL,No,No,No,No,No,Yes,Month-to-month,Yes,Electronic check,67.04,2884.39,No
5330-AAA,Male,0,No,No,72,Yes,Yes,No,No internet service,No internet service,No internet service,No internet service,No internet service,No internet service,One year,Yes,Credit card (automatic),22.61,1624.7,No
8003-BDH,Male,0,Yes,No,46,Yes,No,Fiber optic,No,No,No,No,No,No,Month-to-month,No,Bank transfer (automatic),117.44,5402.4,Yes
4537-CGO,Male,0,Yes,Yes,49,Yes,Yes,Fiber optic,No,No,No,No,No,Yes,Two year,Yes,Bank transfer (automatic),70.76,3463.81,No
5558-DJV,Male,0,No,No,31,Yes,Yes,Fiber optic,Yes,Yes,No,Yes,No,No,Two year,Yes,Mailed check,77.6,2407.24,Yes
7579-EMC,Female,0,Yes,Yes,53,Yes,No,DSL,No,No,Yes,Yes,No,No,Two year,Yes,Electronic check,63.28,3347.63,No
9474-FPJ,Female,1,No,No,38,Yes,No,Fiber optic,Yes,Yes,No,Yes,No,Yes,Two year,No,Credit card (automatic),74.29,2832.33,No
5082-GSQ,Male,0,No,No,57,No,No phone service,Fiber optic,Yes,Yes,Yes,Yes,No,No,Two year,Yes,Bank transfer (automatic),82.77,4718.4,No
5183-HVX,Male,0,No,No,60,Yes,No,Fiber optic,No,Yes,Yes,No,Yes,No,Month-to-month,Yes,Bank transfer (automatic),88.9,5332.47,No
9652-IYE,Female,0,No,No,71,Yes,No,No,No internet service,No internet service,No internet service,No internet service,No internet service,No internet service,Two year,Yes,Mailed check,23.02,1627.68,No
4754-JBL,Female,0,No,No,18,Yes,No,DSL,No,No,No,Yes,Yes,Yes,Month-to-month,No,Electronic check,49.42,890.93,Yes
2724-KES,Female,0,No,Yes,68,Yes,No,Fiber optic,Yes,Yes,No,No,No,No,Two year,No,Electronic check,99.33,6747.03,No
2376-LHZ,Female,0,Yes,Yes,21,Yes,Yes,Fiber optic,No,No,No,Yes,No,Yes,Month-to-month,No,Mailed check,72.53,1527.16,Yes
9706-MKG,Male,0,Yes,No,34,No,No phone service,Fiber optic,No,No,No,No,No,No,Month-to-month,No,Credit card (automatic),91.8,3123.89,Yes
9894-NNN,Male,0,No,No,9,Yes,Yes,Fiber optic,No,Yes,Yes,No,No,Yes,Month-to-month,Yes,Credit card (automatic),74.81,674.25,Yes
2653-OQU,Male,0,No,No,14,Yes,No,DSL,Yes,No,Yes,No,Yes,No,One year,Yes,Mailed check,64.43,899.99,No
3066-PTB,Male,1,Yes,No,1,Yes,Yes,DSL,No,No,No,No,No,No,One year,No,Credit card (automatic),61.04,60.22,Yes
1022-QWI,Male,0,Yes,No,21,Yes,No,DSL,No,No,No,Yes,Yes,No,One year,No,Credit card (automatic),59.56,1251.31,No
3460-RZP,Female,0,No,No,11,Yes,No,Fiber optic,No,Yes,No,No,Yes,Yes,Month-to-month,Yes,Mailed check,109.6,1200.04,Yes
6926-SCW,Female,0,No,No,61,Yes,Yes,Fiber optic,Yes,Yes,No,No,Yes,Yes,One year,Yes,Electronic check,95.17,5801.55,No
7251-TFD,Female,1,No,No,44,Yes,Yes,Fiber optic,No,Yes,No,Yes,Yes,Yes,One year,Yes,Mailed check,83.25,3670.03,No
8295-UIK,Female,0,No,No,57,Yes,No,Fiber optic,No,No,No,No,No,Yes,Month-to-month,No,Credit card (automatic),109.63,6240.26,No
4300-VLR,Female,0,Yes,No,19,Yes,No,Fiber optic,No,No,No,Yes,Yes,Yes,Month-to-month,Yes,Mailed check,95.39,1818.33,Yes
7279-WOY,Female,0,No,No,50,Yes,Yes,DSL,No,Yes,No,No,Yes,No,Two year,Yes,Mailed check,84.0,4197.53,No
9553-XRF,Female,0,No,No,6,No,No phone service,Fiber optic,Yes,No,No,Yes,Yes,No,One year,Yes,Electronic check,94.14,562.84,No
8353-YUM,Female,1,No,No,23,Yes,No,Fiber optic,Yes,Yes,No,No,No,Yes,One year,Yes,Credit card (automatic),110.23,2532.78,No
4727-ZXT,Male,1,Yes,No,66,Yes,Yes,DSL,No,Yes,No,No,Yes,Yes,Month-to-month,No,Electronic check,44.06,2909.96,No
7272-AAA,Female,1,Yes,No,69,Yes,Yes,Fiber optic,Yes,Yes,No,Yes,No,Yes,Month-to-month,Yes,Mailed check,82.25,5674.42,Yes
6995-BDH,Male,0,Yes,No,52,Yes,No,No,No internet service,No internet service,No internet service,No internet service,No internet service,No internet service,Month-to-month,Yes,Electronic check,18.45,958.09,No
1514-CGO,Female,0,No,No,33,Yes,No,No,No internet service,No internet service,No internet service,No internet service,No internet service,No internet service,One year,Yes,Electronic check,21.95,716.76,No
1448-DJV,Male,0,No,Yes,32,Yes,Yes,Fiber optic,Yes,No,Yes,No,No,No,One year,No,Mailed check,93.06,2986.77,No
7019-EMC,Male,0,No,No,22,Yes,Yes,No,No internet service,No internet service,No internet service,No internet service,No internet service,No internet service,Two year,Yes,Credit card (automatic),23.37,519.86,No
6343-FPJ,Male,0,No,No,57,Yes,No,Fiber optic,No,No,No,Yes,Yes,No,One year,No,Electronic check,75.5,4303.12,No
9033-GSQ,Male,0,No,No,67,Yes,No,No,No internet service,No internet service,No internet service,No internet service,No internet service,No internet service,Month-to-month,Yes,Mailed check,23.86,1591.8,No
3520-HVX,Female,1,Yes,No,68,Yes,No,No,No internet service,No internet service,No internet service,No internet service,No internet service,No internet service,Two year,Yes,Mailed check,18.74,1283.01,No
4081-IYE,Female,1,No,No,39,Yes,No,No,No internet service,No internet service,No internet service,No internet service,No internet service,No internet service,One year,Yes,Electronic check,23.95,927.61,No
2428-JBL,Female,0,Yes,No,46,Yes,Yes,Fiber optic,No,No,Yes,No,Yes,Yes,One year,Yes,Credit card (automatic),96.88,4449.56,No
4967-KES,Female,0,Yes,No,42,Yes,Yes,DSL,Yes,No,Yes,Yes,Yes,No,One year,Yes,Electronic check,47.74,1998.76,No
7445-LHZ,Female,0,Yes,No,60,Yes,Yes,DSL,No,Yes,No,No,No,Yes,Month-to-month,Yes,Credit card (automatic),45.27,2708.04,No
3159-MKG,Male,0,Yes,No,41,Yes,Yes,Fiber optic,Yes,No,Yes,No,No,No,Month-to-month,No,Electronic check,108.89,4457.79,No
6132-NNN,Male,0,No,Yes,61,Yes,Yes,No,No internet service,No internet service,No internet service,No internet service,No internet service,No internet service,One year,No,Mailed check,20.39,1246.65,No
3547-OQU,Male,0,Yes,No,66,Yes,Yes,No,No internet service,No internet service,No internet service,No internet service,No internet service,No internet service,Two year,Yes,Credit card (automatic),24.63,1619.78,No
3979-PTB,Male,1,Yes,No,54,Yes,Yes,No,No internet service,No internet service,No internet service,No internet service,No internet service,No internet service,Two year,Yes,Credit card (automatic),24.92,1344.58,No
3649-QWI,Male,0,No,No,48,Yes,No,DSL,No,Yes,No,No,No,No,Two year,Yes,Mailed check,76.89,3691.67,No
9505-RZP,Male,0,No,No,48,Yes,Yes,Fiber optic,No,No,Yes,No,No,No,Two year,Yes,Electronic check,107.16,5147.4,No
4083-SCW,Male,0,No,No,32,Yes,No,DSL,Yes,Yes,Yes,No,No,No,Month-to-month,No,Electronic check,73.36,2341.0,No
2037-TFD,Female,0,Yes,No,27,Yes,Yes,DSL,Yes,No,Yes,No,No,Yes,One year,No,Credit card (automatic),52.15,1408.41,No
4489-UIK,Female,0,Yes,Yes,56,Yes,No,Fiber optic,Yes,Yes,No,No,No,No,One year,Yes,Mailed check,77.5,4349.29,No
8604-VLR,Male,0,No,No,40,Yes,Yes,Fiber optic,No,No,No,No,No,No,Month-to-month,Yes,Electronic check,89.71,3587.35,Yes
8544-WOY,Male,1,No,Yes,3,Yes,Yes,Fiber optic,Yes,No,No,Yes,Yes,No,One year,Yes,Mailed check,116.08,350.68,Yes
3634-XRF,Male,0,Yes,No,19,Yes,No,DSL,No,No,Yes,No,No,No,Month-to-month,No,Electronic check,45.36,871.54,No
4983-YUM,Female,0,No,No,34,Yes,Yes,Fiber optic,No,No,No,No,No,Yes,Month-to-month,No,Bank transfer (automatic),110.0,3738.92,Yes
2778-ZXT,Male,0,Yes,Yes,52,Yes,Yes,DSL,Yes,No,No,Yes,No,Yes,Two year,Yes,Mailed check,60.88,3165.14,No
8902-AAA,Female,0,Yes,Yes,38,Yes,No,Fiber optic,No,No,Yes,Yes,Yes,Yes,Two year,Yes,Bank transfer (automatic),71.58,2724.86,No
6110-BDH,Female,0,Yes,No,52,No,No phone service,Fiber optic,Yes,No,No,Yes,No,No,Two year,No,Bank transfer (automatic),78.69,4089.09,No
6189-CGO,Female,0,Yes,No,9,Yes,No,DSL,Yes,Yes,Yes,No,No,No,Month-to-month,Yes,Mailed check,84.23,751.58,Yes
8378-DJV,Female,0,No,Yes,64,Yes,No,DSL,Yes,No,No,Yes,Yes,Yes,One year,No,Bank transfer (automatic),77.42,4947.0,No
2124-EMC,Female,0,Yes,No,0,Yes,No,No,No internet service,No internet service,No internet service,No internet service,No internet service,No internet service,One year,No,Bank transfer (automatic),23.84, ,Yes
1697-FPJ,Female,0,Yes,No,52,Yes,No,Fiber optic,No,Yes,Yes,No,Yes,Yes,Month-to-month,Yes,Electronic check,96.76,5036.41,Yes
3179-GSQ,Female,0,Yes,No,45,Yes,No,Fiber optic,Yes,Yes,No,No,No,No,Month-to-month,No,Electronic check,71.92,3236.26,Yes
6251-HVX,Female,1,No,No,25,No,No phone service,No,No internet service,No internet service,No internet service,No internet service,No internet service,No internet service,Month-to-month,Yes,Credit card (automatic),23.77,590.67,Yes
2929-IYE,Male,0,Yes,No,1,No,No phone service,Fiber optic,No,No,No,No,No,No,One year,Yes,Electronic check,93.08,85.48,Yes
2013-JBL,Male,0,Yes,Yes,27,Yes,Yes,Fiber optic,No,No,No,No,No,Yes,Month-to-month,Yes,Electronic check,104.85,2839.73,Yes
1226-KES,Female,0,Yes,Yes,26,Yes,Yes,DSL,Yes,No,No,Yes,Yes,No,Month-to-month,Yes,Bank transfer (automatic),74.58,1931.43,Yes
8321-LHZ,Female,1,No,No,27,Yes,Yes,Fiber optic,No,Yes,Yes,Yes,No,No,Two year,Yes,Electronic check,71.96,1952.67,No
2828-MKG,Male,0,No,Yes,30,Yes,Yes,DSL,No,No,Yes,No,Yes,No,Month-to-month,No,Credit card (automatic),53.24,1599.43,No
8909-NNN,Male,0,No,No,46,Yes,No,No,No internet service,No internet service,No internet service,No internet service,No internet service,No internet service,One year,No,Electronic check,23.87,1104.54,No
6588-OQU,Female,0,No,Yes,6,Yes,No,Fiber optic,No,Yes,No,No,Yes,No,Month-to-month,No,Credit card (automatic),93.95,561.55,Yes
3023-PTB,Male,1,Yes,Yes,71,Yes,Yes,Fiber optic,Yes,No,Yes,Yes,Yes,No,Month-to-month,No,Mailed check,71.55,5074.12,No
5966-QWI,Male,0,No,Yes,47,Yes,Yes,Fiber optic,No,No,Yes,Yes,Yes,No,Month-to-month,Yes,Electronic check,116.76,5481.09,Yes
6891-RZP,Female,0,Yes,No,25,Yes,Yes,Fiber optic,No,No,Yes,No,No,No,Month-to-month,No,Bank transfer (automatic),100.13,2509.11,No
2080-SCW,Female,1,Yes,No,54,Yes,Yes,DSL,Yes,Yes,Yes,No,No,No,Two year,No,Electronic check,60.38,3257.46,No
6036-TFD,Female,0,No,Yes,6,Yes,Yes,Fiber optic,Yes,Yes,Yes,Yes,Yes,No,Two year,Yes,Bank transfer (automatic),113.91,679.61,No
3563-UIK,Male,0,No,No,56,Yes,Yes,No,No internet service,No internet service,No internet service,No internet service,No internet service,No internet service,One year,Yes,Credit card (automatic),19.14,1072.74,No
4292-VLR,Female,0,Yes,No,57,Yes,Yes,DSL,No,No,Yes,No,Yes,No,Two year,Yes,Electronic check,83.96,4787.21,No
4586-WOY,Female,0,Yes,No,0,Yes,No,Fiber optic,No,No,No,Yes,Yes,No,Month-to-month,Yes,Electronic check,82.66, ,Yes
5431-XRF,Female,0,Yes,Yes,71,Yes,Yes,Fiber optic,No,No,Yes,No,No,No,Month-to-month,Yes,Mailed check,97.33,6905.08,Yes
7841-YUM,Male,1,No,Yes,28,No,No phone service,Fiber optic,No,Yes,No,No,Yes,No,Two year,Yes,Credit card (automatic),109.88,3084.35,Yes
7643-ZXT,Male,0,Yes,No,21,Yes,Yes,Fiber optic,No,Yes,Yes,No,Yes,No,Two year,Yes,Mailed check,82.95,1750.63,Yes
4959-AAA,Male,0,No,No,39,Yes,No,Fiber optic,Yes,No,Yes,No,No,Yes,One year,Yes,Electronic check,84.19,3278.09,No
1161-BDH,Male,1,Yes,No,61,Yes,No,DSL,No,Yes,Yes,No,Yes,Yes,Month-to-month,Yes,Electronic check,68.23,4165.1,Yes
1593-CGO,Female,1,Yes,No,13,Yes,No,DSL,No,No,Yes,No,No,No,Month-to-month,No,Electronic check,47.03,609.31,Yes
4390-DJV,Male,0,Yes,Yes,1,No,No phone service,No,No internet service,No internet service,No internet service,No internet service,No internet service,No internet service,Month-to-month,Yes,Electronic check,23.37,17.21,Yes
6997-EMC,Male,0,Yes,No,34,Yes,No,No,No internet service,No internet service,No internet service,No internet service,No internet service,No internet service,Month-to-month,Yes,Bank transfer (automatic),20.33,689.47,No
7354-FPJ,Female,0,Yes,No,70,Yes,Yes,Fiber optic,No,No,No,Yes,Yes,Yes,Month-to-month,No,Electronic check,116.63,8168.67,No
1663-GSQ,Male,0,No,No,66,Yes,Yes,DSL,No,Yes,No,Yes,No,Yes,Month-to-month,Yes,Credit card (automatic),55.83,3685.2,No
1541-HVX,Male,0,No,No,21,Yes,Yes,Fiber optic,No,No,No,Yes,Yes,No,Month-to-month,Yes,Bank transfer (automatic),115.88,2431.99,Yes
6433-IYE,Male,0,No,No,17,Yes,No,Fiber optic,Yes,Yes,Yes,No,Yes,No,Month-to-month,Yes,Bank transfer (automatic),75.52,1281.91,No
6093-JBL,Female,0,Yes,No,45,Yes,Yes,DSL,No,No,No,Yes,No,No,Month-to-month,No,Mailed check,60.43,2718.21,Yes
1867-KES,Male,0,No,Yes,62,Yes,Yes,DSL,Yes,Yes,No,No,No,Yes,Month-to-month,Yes,Bank transfer (automatic),70.63,4375.96,No
9623-LHZ,Male,0,No,Yes,35,Yes,No,DSL,No,No,No,Yes,No,Yes,Two year,Yes,Electronic check,54.72,1906.38,No
6469-MKG,Female,0,Yes,No,45,Yes,Yes,No,No internet service,No internet service,No internet service,No internet service,No internet service,No internet service,Month-to-month,No,Mailed check,23.29,1055.58,No
7256-NNN,Female,0,No,No,36,Yes,Yes,No,No internet service,No internet service,No internet service,No internet service,No internet service,No internet service,Two year,Yes,Credit card (automatic),24.95,907.32,No
2169-OQU,Female,0,Yes,Yes,17,Yes,No,Fiber optic,No,No,Yes,Yes,Yes,No,Month-to-month,No,Electronic check,115.93,1975.25,No
1830-PTB,Male,0,No,Yes,42,Yes,Yes,DSL,No,No,Yes,Yes,Yes,No,Two year,Yes,Mailed check,84.11,3527.01,No
2651-QWI,Male,0,Yes,No,28,Yes,Yes,No,No internet service,No internet service,No internet service,No internet service,No internet service,No internet service,One year,No,Electronic check,18.62,524.73,Yes
2136-RZP,Female,0,No,No,17,Yes,Yes,DSL,No,No,No,No,No,No,Two year,No,Electronic check,68.8,1177.03,No
3810-SCW,Female,0,No,No,14,Yes,No,DSL,No,Yes,No,Yes,No,Yes,Month-to-month,Yes,Mailed check,79.22,1113.11,Yes
9667-TFD,Female,0,Yes,No,58,Yes,No,No,No internet service,No internet service,No internet service,No internet service,No internet service,No internet service,One year,No,Electronic check,24.15,1405.88,No
2019-UIK,Male,0,No,Yes,27,Yes,No,Fiber optic,No,Yes,No,No,No,No,Month-to-month,No,Mailed check,93.75,2527.49,Yes
6237-VLR,Female,0,No,No,52,Yes,Yes,Fiber optic,No,No,Yes,Yes,Yes,Yes,Month-to-month,Yes,Bank transfer (automatic),70.56,3674.89,No
2283-WOY,Male,0,No,No,14,Yes,Yes,DSL,Yes,No,Yes,No,No,No,One year,No,Credit card (automatic),75.5,1050.59,No
1659-XRF,Male,0,No,Yes,42,No,No phone service,DSL,No,No,No,Yes,No,Yes,Two year,No,Electronic check,82.49,3468.63,No
3010-YUM,Male,0,No,No,32,Yes,Yes,Fiber optic,Yes,No,No,Yes,No,No,Month-to-month,Yes,Credit card (automatic),70.21,2241.29,No
9590-ZXT,Female,0,No,No,1,Yes,Yes,Fiber optic,No,No,No,No,No,No,Month-to-month,No,Mailed check,72.13,74.33,Yes
2733-AAA,Female,0,No,Yes,58,Yes,No,Fiber optic,No,Yes,Yes,Yes,No,Yes,Month-to-month,Yes,Mailed check,107.72,6245.66,No
3125-BDH,Female,1,Yes,No,7,Yes,Yes,DSL,Yes,No,No,No,No,Yes,Month-to-month,Yes,Bank transfer (automatic),75.93,533.32,Yes
3171-CGO,Female,0,Yes,No,32,Yes,No,Fiber optic,Yes,No,Yes,No,Yes,Yes,One year,Yes,Electronic check,80.26,2563.82,No
9266-DJV,Female,0,Yes,No,34,Yes,No,Fiber optic,No,Yes,No,No,No,Yes,Month-to-month,Yes,Credit card (automatic),104.97,3578.32,No
4471-EMC,Male,0,No,Yes,17,Yes,No,Fiber optic,No,Yes,No,No,No,No,One year,Yes,Credit card (automatic),113.05,1928.45,No
6624-FPJ,Female,1,Yes,No,20,Yes,No,Fiber optic,No,Yes,No,No,Yes,No,Month-to-month,Yes,Mailed check,82.56,1656.07,No
9691-GSQ,Female,1,Yes,Yes,63,Yes,No,Fiber optic,Yes,No,No,Yes,No,Yes,Month-to-month,No,Electronic check,91.79,5783.97,No
9329-HVX,Female,0,Yes,Yes,27,Yes,No,Fiber optic,No,Yes,No,No,Yes,Yes,Month-to-month,Yes,Mailed check,93.7,2536.12,Yes
3097-IYE,Female,0,Yes,No,44,Yes,No,DSL,No,Yes,Yes,No,No,Yes,Month-to-month,Yes,Bank transfer (automatic),60.99,2687.63,Yes
6068-JBL,Male,0,Yes,No,19,Yes,No,DSL,Yes,Yes,Yes,Yes,Yes,Yes,One year,Yes,Bank transfer (automatic),57.38,1086.8,No
7397-KES,Female,0,No,No,3,Yes,No,Fiber optic,Yes,Yes,No,No,No,Yes,Month-to-month,Yes,Mailed check,118.23,347.96,Yes
3757-LHZ,Female,0,Yes,No,35,No,No phone service,DSL,Yes,No,No,No,No,No,Month-to-month,No,Electronic check,67.39,2357.72,No
4920-MKG,Male,0,No,No,51,No,No phone service,No,No internet service,No internet service,No internet service,No internet service,No internet service,No internet service,Two year,Yes,Bank transfer (automatic),23.08,1180.42,No
9186-NNN,Female,1,No,No,38,No,No phone service,Fiber optic,No,No,No,Yes,No,Yes,One year,No,Electronic check,75.2,2855.94,No
2900-OQU,Female,0,No,No,70,Yes,Yes,No,No internet service,No internet service,No internet service,No internet service,No internet service,No internet service,Two year,No,Credit card (automatic),21.69,1524.16,No
3610-PTB,Female,1,Yes,Yes,11,Yes,Yes,Fiber optic,Yes,No,Yes,Yes,Yes,Yes,Month-to-month,Yes,Mailed check,113.68,1246.25,Yes
7900-QWI,Female,0,No,No,54,Yes,No,Fiber optic,Yes,Yes,No,No,No,No,Month-to-month,Yes,Credit card (automatic),104.77,5655.33,Yes
2449-RZP,Female,0,No,No,47,Yes,No,Fiber optic,No,No,Yes,Yes,No,No,Two year,Yes,Mailed check,83.64,3939.66,No
9738-SCW,Female,0,Yes,No,8,Yes,Yes,DSL,Yes,Yes,No,No,No,No,Two year,Yes,Mailed check,78.56,623.4,No
6017-TFD,Male,0,No,No,11,Yes,No,Fiber optic,No,No,Yes,No,No,Yes,One year,Yes,Bank transfer (automatic),72.55,791.38,Yes
8999-UIK,Female,0,No,No,68,No,No phone service,Fiber optic,No,No,Yes,No,Yes,Yes,Month-to-month,No,Mailed check,118.04,8020.02,No
7052-VLR,Male,0,No,No,56,Yes,Yes,No,No internet service,No internet service,No internet service,No internet service,No internet service,No internet service,Two year,No,Electronic check,23.36,1301.94,No
3096-WOY,Male,1,Yes,No,27,No,No phone service,Fiber optic,Yes,No,No,No,No,No,Month-to-month,No,Credit card (automatic),116.36,3132.42,No
9895-XRF,Male,0,No,Yes,16,Yes,No,No,No internet service,No internet service,No internet service,No internet service,No internet service,No internet service,Month-to-month,No,Bank transfer (automatic),24.02,382.89,No
7404-YUM,Female,0,No,Yes,21,Yes,No,Fiber optic,Yes,Yes,Yes,No,Yes,Yes,Month-to-month,No,Bank transfer (automatic),107.59,2260.27,Yes
4331-ZXT,Female,0,Yes,No,34,Yes,No,No,No internet service,No internet service,No internet service,No internet service,No internet service,No internet service,Month-to-month,Yes,Bank transfer (automatic),21.24,726.1,No
8462-AAA,Male,1,No,No,58,Yes,No,No,No internet service,No internet service,No internet service,No internet service,No internet service,No internet service,Two year,Yes,Bank transfer (automatic),23.7,1365.81,Yes
6105-BDH,Male,0,Yes,No,18,Yes,Yes,Fiber optic,Yes,Yes,Yes,No,Yes,Yes,Two year,No,Electronic check,73.7,1327.36,No
3978-CGO,Male,0,No,No,49,Yes,Yes,DSL,No,No,No,Yes,No,Yes,Month-to-month,Yes,Electronic check,53.36,2620.43,Yes
3839-DJV,Female,0,Yes,Yes,25,Yes,No,Fiber optic,Yes,Yes,No,No,Yes,No,Two year,Yes,Credit card (automatic),113.27,2833.24,Yes
4384-EMC,Male,0,Yes,Yes,59,Yes,Yes,Fiber optic,Yes,No,Yes,No,Yes,No,Month-to-month,Yes,Credit card (automatic),104.08,6135.81,No
1685-FPJ,Female,1,No,No,43,Yes,No,DSL,No,No,No,No,No,No,Month-to-month,No,Bank transfer (automatic),51.64,2223.56,No
8531-GSQ,Female,0,No,Yes,55,Yes,No,DSL,No,Yes,No,No,No,No,Month-to-month,No,Credit card (automatic),61.04,3354.37,No
5283-HVX,Female,0,Yes,No,42,No,No phone service,DSL,No,No,No,Yes,Yes,No,Two year,No,Credit card (automatic),73.25,3078.69,No
8736-IYE,Female,0,Yes,Yes,22,Yes,Yes,Fiber optic,No,No,No,Yes,No,Yes,Two year,No,Electronic check,108.82,2403.21,No
8710-JBL,Male,0,No,No,21,Yes,Yes,Fiber optic,Yes,No,No,No,No,Yes,Month-to-month,No,Mailed check,110.97,2325.58,Yes
2619-KES,Male,0,No,No,46,Yes,No,Fiber optic,Yes,Yes,No,Yes,No,Yes,Two year,No,Bank transfer (automatic),77.21,3555.47,No
7868-LHZ,Male,0,No,No,54,Yes,No,Fiber optic,No,No,No,Yes,No,Yes,One year,Yes,Mailed check,70.33,3798.93,No
2431-MKG,Male,0,No,No,10,Yes,Yes,Fiber optic,Yes,No,No,Yes,No,No,Month-to-month,No,Bank transfer (automatic),76.55,763.32,Yes
5713-NNN,Female,0,No,No,54,Yes,Yes,Fiber optic,No,Yes,Yes,No,Yes,No,Two year,Yes,Electronic check,94.0,5066.06,No
5998-OQU,Male,0,No,No,25,Yes,Yes,DSL,Yes,Yes,No,Yes,No,No,Two year,Yes,Bank transfer (automatic),81.79,2052.66,No
1162-PTB,Female,0,Yes,No,0,Yes,No,Fiber optic,No,No,No,No,No,Yes,Month-to-month,Yes,Bank transfer (automatic),79.45, ,Yes
2974-QWI,Female,0,No,No,61,Yes,No,Fiber optic,No,No,No,Yes,No,Yes,Month-to-month,No,Credit card (automatic),107.6,6570.51,No
4291-RZP,Female,0,Yes,Yes,20,Yes,No,Fiber optic,No,Yes,Yes,No,Yes,Yes,One year,Yes,Credit card (automatic),103.09,2070.63,Yes
9461-SCW,Female,0,No,No,7,Yes,No,DSL,Yes,Yes,No,No,Yes,No,One year,No,Mailed check,83.52,587.64,No
1631-TFD,Female,0,Yes,No,19,Yes,No,Fiber optic,No,Yes,No,No,Yes,No,Month-to-month,Yes,Electronic check,84.18,1600.06,Yes
1905-UIK,Female,0,Yes,No,44,Yes,Yes,Fiber optic,No,Yes,Yes,No,No,No,Month-to-month,Yes,Mailed check,103.44,4544.41,No
3014-VLR,Male,0,Yes,Yes,64,Yes,No,Fiber optic,No,Yes,Yes,No,Yes,Yes,Month-to-month,Yes,Bank transfer (automatic),71.44,4571.4,No
8896-WOY,Male,1,Yes,Yes,59,Yes,No,Fiber optic,Yes,No,No,No,No,Yes,Month-to-month,Yes,Mailed check,81.71,4819.24,No
1204-XRF,Female,0,Yes,No,66,Yes,No,DSL,Yes,Yes,No,Yes,Yes,Yes,Month-to-month,Yes,Credit card (automatic),69.64,4591.27,No
1581-YUM,Male,0,No,No,55,Yes,No,Fiber optic,No,No,Yes,No,No,No,One year,Yes,Electronic check,117.31,6458.6,Yes
6675-ZXT,Male,0,Yes,No,30,Yes,Yes,Fiber optic,Yes,No,No,No,No,No,Month-to-month,Yes,Bank transfer (automatic),89.45,2686.81,Yes
6347-AAA,Male,0,No,Yes,21,No,No phone service,DSL,Yes,No,No,No,Yes,No,Two year,Yes,Credit card (automatic),71.24,1500.63,No
3643-BDH,Male,0,No,No,61,Yes,No,DSL,Yes,No,Yes,Yes,Yes,Yes,Month-to-month,No,Electronic check,47.02,2872.2,No
9017-CGO,Female,0,No,Yes,55,Yes,No,DSL,No,No,No,No,No,No,One year,No,Electronic check,44.47,2437.91,No
3297-DJV,Male,0,No,No,71,Yes,Yes,DSL,Yes,No,No,Yes,Yes,Yes,Two year,Yes,Bank transfer (automatic),50.15,3565.66,No
1874-EMC,Male,1,Yes,No,7,Yes,No,Fiber optic,No,Yes,Yes,No,Yes,No,One year,No,Bank transfer (automatic),98.34,695.32,Yes
6560-FPJ,Male,0,Yes,No,61,Yes,Yes,Fiber optic,Yes,Yes,No,No,Yes,No,Two year,No,Credit card (automatic),109.47,6677.01,No
1689-GSQ,Male,0,No,Yes,23,Yes,No,Fiber optic,No,No,No,No,No,Yes,Month-to-month,Yes,Bank transfer (automatic),87.7,2023.63,Yes
5000-HVX,Male,0,No,No,21,Yes,No,No,No internet service,No internet service,No internet service,No internet service,No internet service,No internet service,Month-to-month,Yes,Bank transfer (automatic),22.98,480.54,No
1671-IYE,Male,0,No,No,14,Yes,Yes,DSL,No,Yes,No,No,No,No,Month-to-month,No,Mailed check,63.54,894.38,No
8927-JBL,Female,1,No,No,27,Yes,No,DSL,No,Yes,Yes,Yes,Yes,No,One year,Yes,Electronic check,77.55,2097.44,No
2171-KES,Female,0,Yes,No,21,Yes,Yes,No,No internet service,No internet service,No internet service,No internet service,No internet service,No internet service,Two year,Yes,Mailed check,18.95,405.72,No
6591-LHZ,Female,0,No,No,30,Yes,Yes,Fiber optic,No,No,No,Yes,Yes,No,Month-to-month,Yes,Bank transfer (automatic),98.47,2954.58,Yes
7342-MKG,Female,0,Yes,No,72,Yes,No,No,No internet service,No internet service,No internet service,No internet service,No internet service,No internet service,One year,Yes,Credit card (automatic),24.54,1760.45,No
2449-NNN,Female,0,No,No,61,Yes,No,No,No internet service,No internet service,No internet service,No internet service,No internet service,No internet service,Month-to-month,No,Bank transfer (automatic),18.85,1145.57,Yes
3539-OQU,Male,0,Yes,Yes,68,No,No phone service,DSL,Yes,Yes,Yes,No,No,No,Month-to-month,No,Bank transfer (automatic),54.79,3725.08,No
4959-PTB,Male,1,No,Yes,38,Yes,Yes,Fiber optic,No,Yes,No,No,Yes,No,Month-to-month,Yes,Mailed check,83.32,3165.46,No
7285-QWI,Male,0,Yes,No,39,Yes,Yes,No,No internet service,No internet service,No internet service,No internet service,No internet service,No internet service,Month-to-month,Yes,Mailed check,22.66,886.77,Yes
6432-RZP,Male,0,No,No,68,Yes,No,DSL,No,Yes,No,No,Yes,No,Two year,No,Mailed check,76.03,5160.53,No
5260-SCW,Male,1,No,No,54,Yes,No,DSL,Yes,Yes,No,No,Yes,No,Two year,Yes,Mailed check,70.23,3792.09,No
3361-TFD,Male,0,Yes,No,70,Yes,Yes,No,No internet service,No internet service,No internet service,No internet service,No internet service,No internet service,Month-to-month,No,Mailed check,21.27,1490.47,No
7164-UIK,Male,0,Yes,Yes,63,Yes,No,DSL,Yes,Yes,Yes,No,Yes,No,Two year,Yes,Credit card (automatic),54.27,3421.83,No
4670-VLR,Male,0,Yes,No,7,Yes,Yes,DSL,Yes,No,No,No,No,Yes,Month-to-month,No,Electronic check,82.09,579.25,No
2753-WOY,Female,0,No,No,70,Yes,Yes,Fiber optic,No,Yes,Yes,No,Yes,Yes,Month-to-month,Yes,Mailed check,78.84,5522.48,Yes
9100-XRF,Female,1,Yes,No,43,No,No phone service,DSL,No,Yes,Yes,No,Yes,No,Two year,No,Credit card (automatic),75.54,3253.22,No
2938-YUM,Female,0,No,No,37,Yes,Yes,No,No internet service,No internet service,No internet service,No internet service,No internet service,No internet service,Month-to-month,Yes,Mailed check,19.31,721.55,Yes
9562-ZXT,Male,0,Yes,No,20,Yes,Yes,DSL,Yes,No,No,Yes,No,Yes,Two year,Yes,Credit card (automatic),61.34,1218.5,Yes
6976-AAA,Male,0,No,Yes,3,Yes,Yes,No,No internet service,No internet service,No internet service,No internet service,No internet service,No internet service,Two year,Yes,Bank transfer (automatic),20.28,59.67,No
7588-BDH,Male,0,No,No,31,Yes,Yes,Fiber optic,Yes,Yes,No,No,Yes,Yes,Month-to-month,Yes,Electronic check,84.01,2598.17,Yes
9616-CGO,Female,0,No,No,54,No,No phone service,Fiber optic,No,No,Yes,No,No,No,Month-to-month,Yes,Electronic check,84.92,4575.82,No
7304-DJV,Male,0,No,No,59,Yes,Yes,DSL,Yes,No,No,No,No,No,Two year,No,Electronic check,77.84,4589.73,No
8345-EMC,Male,0,Yes,No,58,Yes,Yes,Fiber optic,Yes,No,No,Yes,No,No,One year,Yes,Bank transfer (automatic),81.31,4725.91,Yes
8875-FPJ,Female,0,No,No,66,No,No phone service,Fiber optic,No,No,No,Yes,No,No,One year,Yes,Bank transfer (automatic),80.98,5340.01,No
7633-GSQ,Male,0,No,No,4,Yes,Yes,Fiber optic,Yes,No,Yes,No,Yes,Yes,Month-to-month,No,Bank transfer (automatic),86.21,344.13,No
1597-HVX,Male,0,No,No,71,No,No phone service,DSL,No,No,No,Yes,Yes,No,Month-to-month,Yes,Credit card (automatic),70.65,5024.19,No
4062-IYE,Male,0,Yes,No,36,Yes,Yes,No,No internet service,No internet service,No internet service,No internet service,No internet service,No internet service,Month-to-month,Yes,Electronic check,21.99,785.24,No
3336-JBL,Male,0,No,Yes,26,Yes,No,Fiber optic,No,Yes,No,No,No,Yes,Month-to-month,Yes,Electronic check,90.7,2351.19,Yes
1572-KES,Female,0,No,No,12,Yes,No,Fiber optic,Yes,Yes,No,Yes,No,Yes,Month-to-month,Yes,Electronic check,115.81,1386.4,Yes
8521-LHZ,Female,0,No,No,5,Yes,No,No,No internet service,No internet service,No internet service,No internet service,No internet service,No internet service,One year,Yes,Mailed check,19.41,100.03,Yes
7171-MKG,Female,0,No,Yes,64,Yes,Yes,No,No internet service,No internet service,No internet service,No internet service,No internet service,No internet service,Month-to-month,Yes,Mailed check,19.06,1221.9,No
8097-NNN,Male,0,Yes,No,29,Yes,No,No,No internet service,No internet service,No internet service,No internet service,No internet service,No internet service,One year,No,Electronic check,19.44,559.54,No
3090-OQU,Female,0,Yes,No,51,No,No phone service,Fiber optic,No,No,No,Yes,No,No,Month-to-month,No,Electronic check,99.55,5085.14,No
7566-PTB,Male,0,Yes,Yes,40,Yes,Yes,DSL,No,No,No,Yes,Yes,No,Month-to-month,No,Mailed check,76.34,3045.46,Yes
5624-QWI,Female,1,Yes,No,14,Yes,Yes,Fiber optic,No,No,Yes,Yes,No,Yes,One year,Yes,Credit card (automatic),106.33,1496.17,No
2633-RZP,Male,0,Yes,Yes,4,Yes,No,DSL,Yes,No,Yes,No,Yes,Yes,Two year,No,Bank transfer (automatic),81.33,318.79,No
2517-SCW,Female,1,Yes,No,14,Yes,No,Fiber optic,No,No,No,Yes,Yes,Yes,Month-to-month,Yes,Credit card (automatic),105.7,1480.34,Yes
4648-TFD,Male,0,No,No,0,Yes,Yes,DSL,No,Yes,No,No,No,No,One year,No,Bank transfer (automatic),84.99, ,No
2537-UIK,Male,1,No,Yes,14,Yes,No,Fiber optic,No,No,No,No,Yes,Yes,One year,No,Credit card (automatic),96.79,1357.27,No
4137-VLR,Male,0,No,No,59,Yes,No,No,No internet service,No internet service,No internet service,No internet service,No internet service,No internet service,Month-to-month,Yes,Electronic check,24.97,1481.94,Yes
7985-WOY,Female,0,Yes,Yes,47,Yes,No,Fiber optic,Yes,No,No,No,No,Yes,Two year,Yes,Credit card (automatic),96.2,4517.16,No
1097-XRF,Female,1,No,No,53,Yes,Yes,Fiber optic,Yes,Yes,No,Yes,Yes,No,Month-to-month,Yes,Bank transfer (automatic),73.93,3926.63,No
4750-YUM,Male,0,Yes,No,54,Yes,No,No,No internet service,No internet service,No internet service,No internet service,No internet service,No internet service,Month-to-month,No,Bank transfer (automatic),23.68,1288.08,Yes
9535-ZXT,Female,0,No,No,71,Yes,No,DSL,No,Yes,No,No,No,No,Month-to-month,Yes,Bank transfer (automatic),80.33,5712.62,Yes
9174-AAA,Female,0,No,No,26,Yes,No,Fiber optic,No,No,No,No,No,Yes,One year,Yes,Bank transfer (automatic),91.85,2388.38,No
9103-BDH,Female,0,Yes,No,29,Yes,Yes,Fiber optic,No,Yes,No,Yes,No,No,Two year,Yes,Mailed check,77.26,2233.73,No
6413-CGO,Male,0,No,No,59,Yes,Yes,Fiber optic,Yes,No,Yes,No,Yes,No,Month-to-month,No,Credit card (automatic),115.67,6825.05,Yes
5666-DJV,Male,0,Yes,No,65,No,No phone service,DSL,No,No,Yes,No,No,Yes,Month-to-month,Yes,Mailed check,80.95,5268.02,No
1610-EMC,Female,0,No,No,45,Yes,Yes,Fiber optic,No,No,No,Yes,No,Yes,Month-to-month,Yes,Mailed check,82.82,3724.12,No
2727-FPJ,Female,0,Yes,No,51,Yes,No,No,No internet service,No internet service,No internet service,No internet service,No internet service,No internet service,Two year,Yes,Credit card (automatic),19.4,994.82,No
2854-GSQ,Male,1,No,No,34,Yes,No,DSL,No,Yes,No,Yes,Yes,Yes,Month-to-month,Yes,Credit card (automatic),47.84,1628.21,No
6055-HVX,Male,0,Yes,No,41,Yes,No,No,No internet service,No internet service,No internet service,No internet service,No internet service,No internet service,Two year,Yes,Electronic check,19.75,810.5,No
3324-IYE,Female,0,No,No,55,Yes,No,Fiber optic,No,No,No,No,No,No,Month-to-month,Yes,Credit card (automatic),110.18,6057.71,No
6774-JBL,Female,0,No,No,44,Yes,No,Fiber optic,Yes,No,No,No,Yes,No,One year,Yes,Credit card (automatic),98.42,4334.16,No
7519-KES,Male,1,No,Yes,51,Yes,No,No,No internet service,No internet service,No internet service,No internet service,No internet service,No internet service,Month-to-month,No,Electronic check,21.51,1094.41,Yes
2749-LHZ,Male,0,No,No,22,Yes,Yes,Fiber optic,Yes,Yes,No,Yes,No,No,Two year,Yes,Electronic check,113.83,2503.29,No
1781-MKG,Male,1,Yes,Yes,28,Yes,Yes,Fiber optic,No,Yes,Yes,No,Yes,Yes,Month-to-month,Yes,Credit card (automatic),86.66,2418.75,Yes
8548-NNN,Male,0,No,Yes,28,Yes,No,DSL,No,No,Yes,No,Yes,Yes,Two year,Yes,Electronic check,63.12,1772.67,No
7823-OQU,Female,0,No,Yes,56,No,No phone service,DSL,Yes,No,No,No,Yes,No,One year,Yes,Credit card (automatic),83.14,4657.98,No
3105-PTB,Male,0,No,Yes,18,Yes,No,Fiber optic,No,Yes,Yes,No,Yes,No,One year,No,Electronic check,83.48,1507.2,Yes
4867-QWI,Female,0,Yes,Yes,7,Yes,No,DSL,Yes,Yes,No,Yes,No,Yes,Month-to-month,Yes,Electronic check,72.38,515.86,Yes
8193-RZP,Male,0,Yes,No,49,Yes,No,Fiber optic,No,No,No,Yes,No,Yes,Month-to-month,Yes,Bank transfer (automatic),78.19,3826.42,Yes
5976-SCW,Female,0,No,No,6,Yes,Yes,Fiber optic,No,No,Yes,Yes,No,No,One year,No,Bank transfer (automatic),97.03,586.51,Yes
3113-TFD,Male,0,No,Yes,10,No,No phone service,No,No internet service,No internet service,No internet service,No internet service,No internet service,No internet service,Two year,Yes,Credit card (automatic),24.0,236.59,No
6879-UIK,Male,0,Yes,No,66,No,No phone service,Fiber optic,No,No,Yes,Yes,No,No,Month-to-month,No,Electronic check,84.55,5574.34,No
4970-VLR,Female,0,No,No,65,Yes,Yes,No,No internet service,No internet service,No internet service,No internet service,No internet service,No internet service,Two year,No,Electronic check,19.44,1264.36,No
8264-WOY,Male,0,No,No,27,Yes,Yes,DSL,No,No,Yes,Yes,No,Yes,Month-to-month,No,Bank transfer (automatic),79.86,2165.46,Yes
2577-XRF,Female,0,Yes,Yes,55,Yes,No,Fiber optic,No,No,Yes,Yes,Yes,No,Month-to-month,Yes,Mailed check,78.74,4339.78,No
3274-YUM,Female,0,Yes,Yes,27,Yes,Yes,DSL,Yes,No,No,No,No,Yes,Month-to-month,No,Bank transfer (automatic),81.23,2201.38,No
5869-ZXT,Female,0,No,No,39,Yes,Yes,DSL,No,No,No,Yes,Yes,Yes,Month-to-month,No,Electronic check,73.67,2873.04,Yes
7744-AAA,Female,1,Yes,Yes,1,No,No phone service,DSL,Yes,No,No,No,Yes,No,One year,No,Credit card (automatic),51.02,53.94,Yes
3426-BDH,Female,0,Yes,No,60,Yes,No,Fiber optic,No,No,No,No,Yes,Yes,Month-to-month,Yes,Electronic check,113.72,6814.56,Yes
6546-CGO,Male,0,Yes,No,24,Yes,Yes,Fiber optic,No,No,Yes,Yes,No,Yes,Month-to-month,No,Mailed check,82.03,1962.01,No
7852-DJV,Female,0,Yes,No,53,Yes,Yes,DSL,Yes,No,Yes,No,No,No,One year,No,Bank transfer (automatic),54.49,2883.36,No
3551-EMC,Female,0,No,No,16,No,No phone service,No,No internet service,No internet service,No internet service,No internet service,No internet service,No internet service,Month-to-month,Yes,Electronic check,23.36,368.74,Yes
7411-FPJ,Female,0,Yes,Yes,47,No,No phone service,No,No internet service,No internet service,No internet service,No internet service,No internet service,No internet service,Month-to-month,Yes,Electronic check,22.41,1061.09,Yes
1007-GSQ,Male,0,Yes,No,11,Yes,No,Fiber optic,Yes,Yes,Yes,No,No,No,Month-to-month,No,Electronic check,110.4,1214.58,Yes
9087-HVX,Male,0,No,No,60,Yes,No,Fiber optic,No,No,No,Yes,No,Yes,One year,No,Electronic check,89.22,5351.77,No
3555-IYE,Male,0,Yes,No,1,Yes,No,No,No internet service,No internet service,No internet service,No internet service,No internet service,No internet service,Two year,Yes,Credit card (automatic),23.15,14.94,No
1475-JBL,Male,0,Yes,No,64,Yes,Yes,Fiber optic,No,No,No,Yes,Yes,No,Month-to-month,No,Mailed check,96.89,6206.53,Yes
6416-KES,Male,0,No,Yes,51,Yes,Yes,Fiber optic,No,No,No,Yes,Yes,No,Two year,No,Electronic check,95.29,4849.86,No
9676-LHZ,Male,0,No,No,33,Yes,No,No,No internet service,No internet service,No internet service,No internet service,No internet service,No internet service,Month-to-month,Yes,Credit card (automatic),22.5,749.42,Yes
8239-MKG,Male,0,Yes,No,44,No,No phone service,Fiber optic,Yes,Yes,No,Yes,No,No,Month-to-month,Yes,Electronic check,114.45,5029.42,Yes
7710-NNN,Female,0,Yes,Yes,0,Yes,No,Fiber optic,No,Yes,Yes,Yes,Yes,Yes,Month-to-month,Yes,Credit card (automatic),100.68, ,Yes
6000-OQU,Male,0,No,Yes,51,Yes,No,Fiber optic,No,Yes,No,Yes,Yes,No,Month-to-month,Yes,Electronic check,96.58,4925.56,No
5654-PTB,Male,1,No,No,66,Yes,No,Fiber optic,No,Yes,Yes,No,No,No,One year,Yes,Bank transfer (automatic),118.0,7785.07,No
9078-QWI,Male,0,Yes,No,55,Yes,Yes,Fiber optic,No,No,Yes,Yes,No,No,Month-to-month,No,Electronic check,110.41,6081.19,No
7063-RZP,Male,1,Yes,Yes,57,Yes,No,DSL,Yes,Yes,No,No,Yes,No,Month-to-month,Yes,Credit card (automatic),44.53,2547.54,Yes
3285-SCW,Male,0,Yes,Yes,49,Yes,No,Fiber optic,No,No,Yes,Yes,No,No,One year,Yes,Electronic check,81.61,4005.13,No
6223-TFD,Male,0,No,No,24,Yes,No,Fiber optic,Yes,Yes,No,No,Yes,Yes,Two year,Yes,Mailed check,91.3,2193.55,No
7971-UIK,Female,1,Yes,Yes,11,No,No phone service,No,No internet service,No internet service,No internet service,No internet service,No internet service,No internet service,Two year,No,Electronic check,21.23,233.73,No
4525-VLR,Female,0,No,No,72,No,No phone service,No,No internet service,No internet service,No internet service,No internet service,No internet service,No internet service,Two year,No,Mailed check,24.68,1771.65,No
3822-WOY,Female,0,No,No,64,Yes,Yes,No,No internet service,No internet service,No internet service,No internet service,No internet service,No internet service,Month-to-month,Yes,Mailed check,20.28,1299.81,Yes
5943-XRF,Male,1,No,No,55,Yes,Yes,DSL,No,No,No,No,No,Yes,Two year,Yes,Credit card (automatic),83.77,4610.59,No
7530-YUM,Male,0,No,No,49,Yes,Yes,DSL,Yes,No,No,No,No,No,Month-to-month,Yes,Credit card (automatic),45.35,2230.86,Yes
1258-ZXT,Male,0,Yes,Yes,27,Yes,Yes,Fiber optic,No,No,Yes,Yes,No,No,Two year,No,Credit card (automatic),114.08,3082.41,No
1282-AAA,Male,1,No,No,2,Yes,No,Fiber optic,No,No,Yes,No,No,No,Month-to-month,Yes,Electronic check,101.08,209.25,Yes
2898-BDH,Male,0,Yes,No,37,No,No phone service,Fiber optic,No,No,No,No,No,No,Two year,Yes,Electronic check,89.97,3327.2,No
5135-CGO,Male,0,Yes,No,63,Yes,No,No,No internet service,No internet service,No internet service,No internet service,No internet service,No internet service,One year,No,Bank transfer (automatic),24.93,1571.29,No
7629-DJV,Male,0,Yes,Yes,53,Yes,Yes,DSL,Yes,No,No,Yes,Yes,No,Month-to-month,Yes,Bank transfer (automatic),84.91,4508.57,No
4200-EMC,Male,0,Yes,No,35,Yes,Yes,No,No internet service,No internet service,No internet service,No internet service,No internet service,No internet service,Two year,Yes,Credit card (automatic),21.08,742.74,No
6110-FPJ,Male,0,No,No,43,Yes,Yes,Fiber optic,No,No,Yes,No,Yes,Yes,Two year,Yes,Bank transfer (automatic),79.43,3423.94,No
8167-GSQ,Female,0,No,No,43,Yes,No,DSL,No,No,Yes,No,No,Yes,One year,Yes,Electronic check,62.73,2690.18,No
1612-HVX,Male,0,No,No,68,Yes,No,DSL,Yes,No,Yes,Yes,Yes,No,Month-to-month,No,Mailed check,78.15,5308.27,No
1687-IYE,Female,0,Yes,No,52,Yes,No,Fiber optic,No,No,Yes,Yes,No,Yes,Month-to-month,No,Bank transfer (automatic),104.33,5420.96,Yes
4690-JBL,Female,1,No,Yes,12,Yes,Yes,DSL,No,No,Yes,Yes,Yes,Yes,Month-to-month,Yes,Credit card (automatic),46.42,563.74,No
9804-KES,Male,0,Yes,No,43,Yes,No,Fiber optic,No,Yes,Yes,No,No,No,One year,No,Mailed check,80.86,3474.87,Yes
3307-LHZ,Male,0,Yes,No,3,Yes,Yes,Fiber optic,No,No,Yes,Yes,Yes,No,Two year,Yes,Bank transfer (automatic),92.71,268.47,No
8133-MKG,Male,0,No,Yes,69,Yes,Yes,DSL,Yes,No,No,No,No,No,Month-to-month,No,Mailed check,83.3,5743.59,No
7509-NNN,Female,0,Yes,No,50,Yes,No,DSL,No,Yes,No,Yes,Yes,No,Month-to-month,Yes,Electronic check,69.29,3456.62,No
6906-OQU,Female,1,No,No,69,Yes,No,No,No internet service,No internet service,No internet service,No internet service,No internet service,No internet service,Two year,Yes,Mailed check,18.59,1287.89,No
3591-PTB,Female,0,Yes,No,10,Yes,No,Fiber optic,No,No,No,No,Yes,Yes,Month-to-month,Yes,Electronic check,88.7,883.33,No
8183-QWI,Female,0,Yes,Yes,53,Yes,Yes,Fiber optic,No,No,Yes,No,No,No,Month-to-month,No,Mailed check,114.2,6055.98,No
6248-RZP,Female,0,No,No,61,Yes,No,Fiber optic,Yes,Yes,No,Yes,Yes,Yes,Two year,No,Electronic check,94.66,5771.59,No
9766-SCW,Female,0,No,No,58,No,No phone service,No,No internet service,No internet service,No internet service,No internet service,No internet service,No internet service,Two year,Yes,Electronic check,18.91,1105.53,No
6108-TFD,Female,0,Yes,Yes,60,Yes,Yes,No,No internet service,No internet service,No internet service,No internet service,No internet service,No internet service,Month-to-month,No,Bank transfer (automatic),22.29,1332.51,No
4604-UIK,Female,0,No,Yes,39,Yes,Yes,Fiber optic,No,No,Yes,No,Yes,No,Month-to-month,No,Electronic check,103.03,4019.7,Yes
1669-VLR,Female,0,No,No,3,Yes,No,No,No internet service,No internet service,No internet service,No internet service,No internet service,No internet service,Month-to-month,Yes,Bank transfer (automatic),23.33,71.41,Yes
5364-WOY,Male,0,Yes,Yes,26,Yes,Yes,Fiber optic,Yes,No,No,No,Yes,Yes,One year,Yes,Electronic check,86.37,2247.53,No
8329-XRF,Female,0,No,Yes,15,Yes,No,Fiber optic,Yes,Yes,No,Yes,Yes,No,Month-to-month,Yes,Bank transfer (automatic),104.17,1556.92,No
2283-YUM,Male,0,Yes,No,6,Yes,Yes,No,No internet service,No internet service,No internet service,No internet service,No internet service,No internet service,Month-to-month,No,Electronic check,20.41,118.95,Yes
1923-ZXT,Male,1,Yes,No,10,Yes,Yes,No,No internet service,No internet service,No internet service,No internet service,No internet service,No internet service,Two year,Yes,Electronic check,21.76,211.8,No
2125-AAA,Female,0,Yes,No,71,Yes,Yes,Fiber optic,No,No,No,Yes,Yes,No,Month-to-month,No,Mailed check,70.95,5027.92,Yes
2529-BDH,Male,0,No,No,63,Yes,No,Fiber optic,No,Yes,No,No,No,No,Month-to-month,Yes,Credit card (automatic),102.86,6483.01,No
9438-CGO,Male,1,Yes,No,51,Yes,Yes,No,No internet service,No internet service,No internet service,No internet service,No internet service,No internet service,One year,Yes,Bank transfer (automatic),20.8,1070.72,No
4711-DJV,Male,0,Yes,No,5,No,No phone service,Fiber optic,Yes,No,Yes,Yes,Yes,No,Month-to-month,No,Electronic check,104.37,525.74,Yes
9004-EMC,Female,0,Yes,No,47,No,No phone service,No,No internet service,No internet service,No internet service,No internet service,No internet service,No internet service,Two year,Yes,Bank transfer (automatic),24.76,1169.65,No
7274-FPJ,Male,0,Yes,No,68,Yes,No,DSL,Yes,Yes,No,No,Yes,Yes,Month-to-month,No,Mailed check,47.32,3208.66,No
4864-GSQ,Male,1,Yes,No,5,Yes,No,DSL,Yes,Yes,No,No,No,Yes,Month-to-month,Yes,Credit card (automatic),79.24,400.81,Yes
8833-HVX,Female,0,No,No,60,Yes,No,DSL,No,No,Yes,No,Yes,No,Two year,Yes,Bank transfer (automatic),53.54,3213.1,No
7788-IYE,Female,0,Yes,No,65,Yes,No,DSL,No,No,Yes,No,No,No,Two year,Yes,Credit card (automatic),53.93,3501.04,No
1226-JBL,Female,0,Yes,Yes,72,Yes,Yes,Fiber optic,No,No,No,No,No,No,Month-to-month,No,Electronic check,81.02,5835.43,No
1264-KES,Male,0,No,No,52,Yes,Yes,Fiber optic,No,No,No,Yes,No,No,Two year,Yes,Mailed check,76.7,3992.61,No
1645-LHZ,Female,0,No,No,27,Yes,Yes,DSL,Yes,No,No,No,No,No,Month-to-month,Yes,Electronic check,52.04,1413.84,Yes
8544-MKG,Male,0,Yes,No,4,Yes,No,Fiber optic,Yes,Yes,No,Yes,No,No,One year,Yes,Mailed check,106.19,418.76,Yes
6569-NNN,Female,0,Yes,Yes,57,Yes,No,DSL,No,Yes,Yes,Yes,Yes,Yes,Two year,Yes,Electronic check,75.51,4307.84,No
3990-OQU,Male,0,Yes,No,23,Yes,No,Fiber optic,No,No,No,Yes,No,No,Month-to-month,No,Electronic check,116.86,2689.22,No
3504-PTB,Female,0,No,Yes,30,Yes,Yes,DSL,No,No,No,No,Yes,Yes,Month-to-month,Yes,Mailed check,48.25,1449.34,No
1587-QWI,Female,1,Yes,No,40,Yes,No,Fiber optic,Yes,No,No,Yes,No,Yes,One year,No,Bank transfer (automatic),77.34,3085.54,No
5079-RZP,Male,0,Yes,No,67,Yes,Yes,Fiber optic,No,Yes,No,No,No,No,Month-to-month,No,Bank transfer (automatic),113.15,7579.85,Yes
4348-SCW,Female,0,Yes,No,45,Yes,Yes,No,No internet service,No internet service,No internet service,No internet service,No internet service,No internet service,Month-to-month,Yes,Mailed check,22.06,995.22,Yes
7299-TFD,Female,0,Yes,No,9,No,No phone service,DSL,Yes,Yes,No,Yes,No,Yes,One year,No,Bank transfer (automatic),66.35,591.26,No
4831-UIK,Female,0,No,No,36,Yes,No,DSL,No,No,Yes,No,Yes,No,Two year,Yes,Credit card (automatic),75.65,2718.09,No
9381-VLR,Male,0,Yes,Yes,20,Yes,No,DSL,No,No,No,No,Yes,Yes,Month-to-month,Yes,Electronic check,66.67,1335.4,No
2715-WOY,Male,0,Yes,No,20,Yes,No,DSL,No,Yes,No,No,No,Yes,Month-to-month,Yes,Mailed check,46.55,934.9,No
7450-XRF,Male,1,No,No,9,Yes,Yes,No,No internet service,No internet service,No internet service,No internet service,No internet service,No internet service,Month-to-month,Yes,Credit card (automatic),24.32,212.93,Yes
6433-YUM,Female,0,No,No,23,Yes,Yes,DSL,No,No,Yes,Yes,Yes,No,Two year,No,Bank transfer (automatic),49.49,1140.1,No
2098-ZXT,Female,0,Yes,Yes,11,Yes,Yes,Fiber optic,Yes,Yes,No,Yes,No,No,Two year,Yes,Electronic check,93.41,1026.12,No
8096-AAA,Male,0,Yes,No,19,Yes,Yes,Fiber optic,Yes,No,Yes,No,Yes,Yes,One year,No,Credit card (automatic),87.77,1660.94,No
3326-BDH,Male,1,Yes,No,69,Yes,No,Fiber optic,Yes,Yes,Yes,No,No,Yes,Month-to-month,Yes,Credit card (automatic),88.03,6066.11,No
7416-CGO,Female,0,Yes,Yes,7,Yes,No,Fiber optic,No,Yes,Yes,No,No,No,Month-to-month,No,Bank transfer (automatic),83.86,592.58,Yes
7980-DJV,Female,0,Yes,No,4,Yes,Yes,DSL,No,No,No,No,Yes,No,Month-to-month,Yes,Bank transfer (automatic),83.24,328.98,Yes
7763-EMC,Female,0,Yes,Yes,53,Yes,No,Fiber optic,No,Yes,Yes,No,No,No,Month-to-month,No,Electronic check,74.1,3919.97,No
2674-FPJ,Male,0,No,Yes,35,Yes,Yes,Fiber optic,No,No,Yes,No,No,Yes,Month-to-month,Yes,Mailed check,109.12,3822.02,Yes
8950-GSQ,Female,1,No,No,37,Yes,Yes,Fiber optic,No,No,No,No,Yes,No,One year,Yes,Electronic check,89.14,3295.07,No
9915-HVX,Male,0,No,No,2,Yes,Yes,No,No internet service,No internet service,No internet service,No internet service,No internet service,No internet service,Two year,Yes,Mailed check,18.61,27.98,No
7049-IYE,Female,0,Yes,No,35,Yes,No,Fiber optic,No,Yes,No,Yes,Yes,Yes,Month-to-month,No,Mailed check,97.94,3436.78,Yes
2089-JBL,Female,0,No,No,21,Yes,Yes,Fiber optic,No,No,Yes,Yes,Yes,No,Month-to-month,No,Electronic check,88.14,1854.39,No
5578-KES,Female,0,No,No,7,Yes,No,Fiber optic,No,No,No,No,No,No,Month-to-month,Yes,Bank transfer (automatic),80.75,559.07,Yes
1155-LHZ,Female,0,No,No,60,Yes,Yes,Fiber optic,No,No,No,Yes,Yes,Yes,Month-to-month,No,Bank transfer (automatic),88.06,5274.58,No
2958-MKG,Female,0,No,No,6,Yes,No,No,No internet service,No internet service,No internet service,No internet service,No internet service,No internet service,Two year,No,Electronic check,24.85,148.95,No
7344-NNN,Female,0,No,No,67,Yes,Yes,Fiber optic,No,No,No,Yes,No,Yes,Month-to-month,Yes,Bank transfer (automatic),107.34,7201.7,No
6779-OQU,Female,1,Yes,No,61,No,No phone service,DSL,Yes,Yes,No,No,No,Yes,Month-to-month,Yes,Mailed check,77.62,4732.25,No
7144-PTB,Female,0,Yes,No,18,Yes,Yes,DSL,Yes,No,No,No,No,No,Two year,Yes,Mailed check,65.55,1187.5,No
6063-QWI,Female,0,Yes,No,46,Yes,No,DSL,No,No,No,Yes,No,Yes,One year,Yes,Mailed check,56.11,2585.33,No
4830-RZP,Male,0,Yes,Yes,23,Yes,Yes,DSL,No,No,Yes,No,Yes,No,Month-to-month,No,Electronic check,66.48,1524.19,Yes
9831-SCW,Male,1,Yes,Yes,5,Yes,Yes,DSL,No,No,Yes,No,No,Yes,Month-to-month,Yes,Credit card (automatic),66.37,322.73,No
7659-TFD,Male,0,No,No,7,Yes,No,DSL,Yes,No,No,No,Yes,No,Month-to-month,No,Mailed check,50.08,358.21,No
1441-UIK,Female,0,No,Yes,24,Yes,No,No,No internet service,No internet service,No internet service,No internet service,No internet service,No internet service,Month-to-month,Yes,Electronic check,22.72,551.45,Yes
7040-VLR,Female,0,No,Yes,40,Yes,Yes,DSL,No,No,No,No,No,No,Month-to-month,No,Electronic check,76.03,3045.34,No
6925-WOY,Female,0,Yes,No,57,Yes,No,DSL,No,No,Yes,Yes,Yes,No,Two year,No,Bank transfer (automatic),66.51,3800.64,No
8358-XRF,Male,0,Yes,Yes,59,No,No phone service,DSL,No,No,No,No,Yes,Yes,Two year,Yes,Mailed check,60.27,3564.74,No
5628-YUM,Female,0,No,No,2,Yes,Yes,DSL,Yes,Yes,No,Yes,No,Yes,Month-to-month,No,Mailed check,70.19,134.24,Yes
7370-ZXT,Female,0,No,No,8,Yes,No,DSL,No,No,No,Yes,No,No,Month-to-month,Yes,Bank transfer (automatic),66.03,528.75,No
1948-AAA,Male,0,No,Yes,51,Yes,No,Fiber optic,Yes,No,Yes,No,Yes,Yes,Month-to-month,Yes,Electronic check,74.05,3770.7,Yes
9179-BDH,Female,0,Yes,Yes,57,No,No phone service,Fiber optic,No,Yes,No,No,No,No,Month-to-month,Yes,Mailed check,88.26,5038.64,Yes
7115-CGO,Female,0,No,Yes,59,Yes,No,No,No internet service,No internet service,No internet service,No internet service,No internet service,No internet service,Month-to-month,Yes,Bank transfer (automatic),24.5,1436.34,No
1459-DJV,Female,0,Yes,No,48,Yes,Yes,DSL,Yes,Yes,No,Yes,No,No,Month-to-month,No,Mailed check,46.52,2236.98,Yes
8568-EMC,Male,0,No,No,4,Yes,No,Fiber optic,No,No,Yes,No,Yes,No,Two year,Yes,Electronic check,83.84,338.88,No
5646-FPJ,Male,0,No,No,61,Yes,Yes,Fiber optic,Yes,No,Yes,Yes,No,Yes,One year,No,Credit card (automatic),111.76,6811.78,No
1392-GSQ,Female,0,Yes,No,31,Yes,Yes,No,No internet service,No internet service,No internet service,No internet service,No internet service,No internet service,One year,Yes,Mailed check,18.26,574.51,Yes
2787-HVX,Female,0,No,No,26,Yes,No,DSL,Yes,No,No,No,No,No,Month-to-month,Yes,Credit card (automatic),82.59,2149.21,Yes
8374-IYE,Male,0,No,No,23,Yes,No,Fiber optic,No,No,Yes,No,Yes,No,Month-to-month,Yes,Mailed check,103.55,2389.84,Yes
2138-JBL,Female,0,No,Yes,37,Yes,No,Fiber optic,Yes,No,Yes,No,No,No,Month-to-month,Yes,Electronic check,88.48,3273.09,Yes
5741-KES,Male,0,No,No,66,Yes,No,Fiber optic,No,Yes,Yes,No,Yes,Yes,Two year,Yes,Electronic check,71.39,4717.93,No
8418-LHZ,Male,0,Yes,No,15,Yes,Yes,Fiber optic,Yes,Yes,No,Yes,Yes,No,Two year,Yes,Electronic check,72.22,1089.57,No
7362-MKG,Female,0,Yes,Yes,14,Yes,No,DSL,No,Yes,No,Yes,Yes,No,Month-to-month,No,Credit card (automatic),56.12,788.94,No
3454-NNN,Female,0,No,No,24,Yes,Yes,DSL,Yes,No,Yes,Yes,Yes,No,One year,Yes,Mailed check,71.02,1703.02,No
4674-OQU,Male,0,No,Yes,71,Yes,No,DSL,No,No,Yes,No,Yes,Yes,Month-to-month,No,Credit card (automatic),46.76,3328.04,No
2377-PTB,Female,1,No,No,3,Yes,No,DSL,Yes,No,Yes,Yes,Yes,No,Month-to-month,Yes,Bank transfer (automatic),80.15,247.1,Yes
7701-QWI,Female,0,No,Yes,31,Yes,Yes,DSL,Yes,Yes,No,Yes,No,No,Month-to-month,Yes,Credit card (automatic),79.16,2448.57,No
3597-RZP,Male,1,Yes,Yes,44,Yes,No,Fiber optic,No,No,Yes,No,Yes,Yes,One year,No,Mailed check,83.9,3690.19,No
1141-SCW,Female,0,Yes,No,55,Yes,No,Fiber optic,Yes,No,No,Yes,No,No,Two year,No,Credit card (automatic),79.48,4364.21,No
3659-TFD,Female,0,No,No,34,Yes,No,Fiber optic,No,No,No,No,No,No,One year,Yes,Credit card (automatic),90.93,3082.13,No
5596-UIK,Female,0,No,No,52,Yes,Yes,No,No internet service,No internet service,No internet service,No internet service,No internet service,No internet service,One year,Yes,Electronic check,20.16,1039.86,No
6661-VLR,Male,0,No,No,29,Yes,Yes,Fiber optic,No,No,No,No,Yes,No,One year,No,Credit card (automatic),116.33,3365.53,No
7142-WOY,Female,0,Yes,No,48,Yes,No,Fiber optic,No,Yes,No,No,No,No,One year,No,Bank transfer (automatic),98.41,4720.64,No
6626-XRF,Male,1,No,No,51,Yes,Yes,Fiber optic,Yes,No,No,No,Yes,No,Month-to-month,Yes,Bank transfer (automatic),105.88,5408.41,Yes
9787-YUM,Male,0,No,Yes,1,Yes,No,No,No internet service,No internet service,No internet service,No internet service,No internet service,No internet service,Month-to-month,Yes,Credit card (automatic),21.83,23.58,No
9472-ZXT,Female,0,Yes,Yes,58,Yes,No,DSL,Yes,No,No,Yes,No,Yes,Month-to-month,Yes,Electronic check,78.3,4548.99,Yes
1423-AAA,Female,0,Yes,No,36,Yes,Yes,DSL,Yes,No,Yes,Yes,No,No,Month-to-month,Yes,Bank transfer (automatic),48.01,1719.31,Yes
7999-BDH,Female,1,No,No,28,Yes,Yes,Fiber optic,No,No,No,Yes,No,No,Month-to-month,Yes,Electronic check,105.23,2949.1,Yes
5249-CGO,Male,1,No,No,29,Yes,No,Fiber optic,Yes,No,No,Yes,No,Yes,One year,Yes,Mailed check,107.42,3115.6,Yes
2750-DJV,Male,0,Yes,No,21,Yes,No,Fiber optic,No,No,No,No,Yes,No,Month-to-month,No,Electronic check,87.56,1831.96,Yes
5757-EMC,Male,0,Yes,Yes,18,Yes,No,No,No internet service,No internet service,No internet service,No internet service,No internet service,No internet service,One year,Yes,Mailed check,18.83,333.28,No
2967-FPJ,Female,0,Yes,No,66,Yes,Yes,Fiber optic,No,No,No,No,No,No,Month-to-month,Yes,Credit card (automatic),101.85,6715.15,No
5088-GSQ,Male,0,Yes,No,17,Yes,Yes,No,No internet service,No internet service,No internet service,No internet service,No internet service,No internet service,Month-to-month,No,Bank transfer (automatic),20.3,339.88,Yes
5178-HVX,Female,0,Yes,No,64,Yes,Yes,DSL,Yes,No,Yes,No,Yes,Yes,Month-to-month,No,Mailed check,67.93,4337.55,No
8789-IYE,Male,0,No,No,4,Yes,Yes,DSL,No,Yes,Yes,Yes,No,Yes,Month-to-month,No,Electronic check,80.12,316.78,Yes
3946-JBL,Male,0,Yes,No,10,Yes,No,DSL,No,No,No,No,No,No,Two year,Yes,Electronic check,78.11,790.72,Yes
6394-KES,Female,0,No,No,57,Yes,No,No,No internet service,No internet service,No internet service,No internet service,No internet service,No internet service,Month-to-month,Yes,Credit card (automatic),22.14,1264.53,No
8880-LHZ,Female,1,Yes,No,17,Yes,Yes,Fiber optic,No,No,No,No,Yes,No,Month-to-month,Yes,Mailed check,75.29,1280.72,Yes
6075-MKG,Male,0,Yes,Yes,71,No,No phone service,DSL,No,Yes,Yes,No,No,No,One year,Yes,Bank transfer (automatic),62.35,4427.82,No
8230-NNN,Male,0,No,No,55,Yes,No,Fiber optic,Yes,Yes,Yes,No,Yes,No,Two year,Yes,Credit card (automatic),105.38,5797.9,No
2531-OQU,Female,0,No,No,21,Yes,No,DSL,Yes,No,Yes,No,No,Yes,Month-to-month,No,Bank transfer (automatic),67.25,1417.05,No
3990-PTB,Female,0,Yes,No,55,Yes,No,No,No internet service,No internet service,No internet service,No internet service,No internet service,No internet service,Two year,No,Mailed check,20.47,1131.77,No
8155-QWI,Male,0,No,No,65,No,No phone service,Fiber optic,Yes,No,Yes,No,Yes,No,Month-to-month,Yes,Mailed check,85.03,5517.54,No
5493-RZP,Female,0,Yes,No,22,No,No phone service,DSL,No,No,No,No,Yes,No,Two year,Yes,Credit card (automatic),71.82,1573.77,No
1933-SCW,Female,0,Yes,Yes,15,Yes,Yes,DSL,No,No,Yes,Yes,Yes,Yes,Month-to-month,No,Electronic check,69.9,1041.81,No
2460-TFD,Female,0,No,No,43,Yes,Yes,No,No internet service,No internet service,No internet service,No internet service,No internet service,No internet service,One year,No,Electronic check,22.25,954.34,Yes
3723-UIK,Female,0,No,No,71,Yes,No,Fiber optic,Yes,No,Yes,No,No,No,One year,No,Bank transfer (automatic),116.41,8260.42,No
1285-VLR,Male,0,Yes,No,67,Yes,No,DSL,No,No,No,No,No,Yes,Month-to-month,Yes,Bank transfer (automatic),80.69,5412.6,Yes
1264-WOY,Male,0,Yes,No,13,No,No phone service,No,No internet service,No internet service,No internet service,No internet service,No internet service,No internet service,Month-to-month,Yes,Mailed check,20.37,263.03,Yes
7816-XRF,Male,0,No,No,8,Yes,Yes,DSL,Yes,Yes,No,No,Yes,Yes,Month-to-month,No,Mailed check,54.21,440.49,Yes
2762-YUM,Female,0,Yes,No,15,Yes,No,No,No internet service,No internet service,No internet service,No internet service,No internet service,No internet service,Month-to-month,Yes,Bank transfer (automatic),24.48,371.5,Yes
1040-ZXT,Male,0,No,No,12,Yes,No,DSL,No,No,No,No,No,No,One year,No,Mailed check,52.54,629.27,Yes
6827-AAA,Male,0,Yes,Yes,35,Yes,Yes,DSL,Yes,No,No,Yes,No,No,Month-to-month,Yes,Electronic check,84.06,2951.26,Yes
9259-BDH,Female,0,No,No,43,Yes,Yes,Fiber optic,Yes,No,Yes,No,Yes,Yes,One year,No,Credit card (automatic),80.5,3467.3,No
1987-CGO,Male,0,Yes,No,13,Yes,Yes,Fiber optic,No,No,No,No,No,No,Month-to-month,Yes,Mailed check,75.28,982.69,No
8804-DJV,Female,0,No,No,16,Yes,No,DSL,Yes,Yes,No,No,No,No,Month-to-month,No,Electronic check,60.02,965.98,No
8789-EMC,Male,0,Yes,No,64,Yes,Yes,Fiber optic,No,Yes,No,No,Yes,Yes,Month-to-month,No,Electronic check,113.92,7289.27,Yes
6717-FPJ,Female,0,No,No,53,No,No phone service,Fiber optic,No,No,No,No,Yes,No,One year,No,Electronic check,105.65,5591.67,No
4198-GSQ,Male,1,Yes,No,1,Yes,No,Fiber optic,No,No,Yes,No,Yes,No,Month-to-month,Yes,Credit card (automatic),99.18,97.41,No
6374-HVX,Female,0,Yes,No,16,No,No phone service,Fiber optic,No,Yes,Yes,Yes,Yes,Yes,Month-to-month,No,Credit card (automatic),104.2,1667.51,Yes
5790-IYE,Female,0,Yes,No,22,No,No phone service,DSL,No,No,No,No,No,No,Two year,Yes,Electronic check,65.33,1429.39,No
8183-JBL,Female,0,No,No,0,Yes,No,Fiber optic,No,Yes,No,No,Yes,Yes,One year,Yes,Electronic check,85.49, ,No
3524-KES,Male,0,Yes,No,11,No,No phone service,No,No internet service,No internet service,No internet service,No internet service,No internet service,No internet service,One year,Yes,Mailed check,21.6,235.01,No
3479-LHZ,Male,0,Yes,No,12,Yes,No,No,No internet service,No internet service,No internet service,No internet service,No internet service,No internet service,One year,Yes,Mailed check,20.81,258.27,No
6154-MKG,Male,0,Yes,No,11,No,No phone service,DSL,No,No,Yes,Yes,Yes,No,Two year,Yes,Electronic check,75.49,823.04,No
1778-NNN,Male,0,No,No,56,Yes,No,DSL,No,Yes,No,No,Yes,Yes,Two year,No,Bank transfer (automatic),50.84,2849.57,No
2492-OQU,Male,0,Yes,Yes,17,Yes,No,DSL,No,No,No,No,No,Yes,One year,Yes,Mailed check,62.44,1068.37,No
1660-PTB,Female,1,Yes,No,14,Yes,No,Fiber optic,No,Yes,Yes,No,No,Yes,Month-to-month,Yes,Mailed check,75.2,1057.45,No
2348-QWI,Female,0,No,No,38,Yes,Yes,Fiber optic,No,Yes,Yes,No,No,Yes,Month-to-month,No,Electronic check,72.11,2734.07,Yes
8851-RZP,Male,0,No,No,72,Yes,Yes,DSL,Yes,No,No,No,No,Yes,Month-to-month,No,Electronic check,53.53,3852.32,Yes
8156-SCW,Male,0,Yes,No,68,Yes,No,DSL,No,No,No,No,No,Yes,Month-to-month,Yes,Bank transfer (automatic),50.6,3442.03,No
3044-TFD,Male,0,No,No,32,Yes,Yes,Fiber optic,No,No,Yes,No,No,Yes,Month-to-month,No,Bank transfer (automatic),108.12,3452.52,No
8368-UIK,Female,0,Yes,Yes,47,No,No phone service,Fiber optic,Yes,No,No,No,No,Yes,One year,No,Mailed check,77.82,3652.75,No
4516-VLR,Female,0,Yes,No,4,Yes,No,Fiber optic,No,No,No,No,No,Yes,Month-to-month,Yes,Credit card (automatic),102.78,414.31,Yes
5577-WOY,Male,0,No,No,7,Yes,No,No,No internet service,No internet service,No internet service,No internet service,No internet service,No internet service,Two year,Yes,Electronic check,21.64,158.17,No
1727-XRF,Male,0,No,Yes,18,No,No phone service,No,No internet service,No internet service,No internet service,No internet service,No internet service,No internet service,Month-to-month,No,Bank transfer (automatic),20.69,381.25,No
8468-YUM,Female,0,Yes,No,51,No,No phone service,DSL,No,Yes,Yes,No,Yes,Yes,Month-to-month,No,Bank transfer (automatic),46.53,2367.23,Yes
1342-ZXT,Male,0,Yes,No,11,Yes,Yes,DSL,No,No,No,Yes,Yes,Yes,Month-to-month,Yes,Mailed check,61.09,672.88,Yes
2447-AAA,Male,0,Yes,Yes,71,Yes,No,Fiber optic,No,Yes,No,No,No,No,Month-to-month,Yes,Electronic check,97.72,6940.86,Yes
7581-BDH,Female,0,No,Yes,7,Yes,No,DSL,Yes,No,No,No,No,Yes,Two year,Yes,Bank transfer (automatic),48.83,346.17,No
7317-CGO,Male,0,No,No,54,Yes,No,Fiber optic,No,No,No,No,No,Yes,Month-to-month,Yes,Electronic check,114.34,6177.44,Yes
1526-DJV,Male,0,Yes,No,33,Yes,Yes,DSL,No,Yes,No,Yes,Yes,No,Month-to-month,No,Bank transfer (automatic),48.54,1607.46,No
7748-EMC,Male,0,No,No,64,Yes,No,Fiber optic,Yes,Yes,Yes,Yes,Yes,Yes,Two year,Yes,Electronic check,110.49,7069.39,No
1405-FPJ,Male,0,Yes,No,46,Yes,No,Fiber optic,No,No,Yes,Yes,No,No,One year,Yes,Electronic check,108.18,4976.63,No
8986-GSQ,Male,1,No,Yes,34,Yes,No,No,No internet service,No internet service,No internet service,No internet service,No internet service,No internet service,One year,No,Electronic check,24.22,816.77,No
4740-HVX,Female,0,Yes,Yes,31,Yes,No,No,No internet service,No internet service,No internet service,No internet service,No internet service,No internet service,Two year,Yes,Credit card (automatic),18.97,578.64,No
2846-IYE,Female,1,No,Yes,50,Yes,Yes,DSL,Yes,Yes,No,No,No,No,Two year,No,Electronic check,62.87,3136.84,No
2478-JBL,Female,0,Yes,No,5,Yes,Yes,Fiber optic,No,Yes,No,Yes,Yes,No,Month-to-month,No,Electronic check,85.33,430.83,Yes
1771-KES,Female,0,No,No,8,Yes,Yes,DSL,Yes,Yes,Yes,Yes,No,Yes,Month-to-month,Yes,Mailed check,72.11,572.47,Yes
6525-LHZ,Female,0,Yes,No,39,Yes,Yes,DSL,No,No,No,No,No,No,One year,Yes,Electronic check,51.67,2020.13,Yes
9770-MKG,Female,0,Yes,Yes,47,Yes,No,No,No internet service,No internet service,No internet service,No internet service,No internet service,No internet service,One year,Yes,Bank transfer (automatic),18.86,877.01,No
1193-NNN,Female,0,No,Yes,71,Yes,Yes,No,No internet service,No internet service,No internet service,No internet service,No internet service,No internet service,Month-to-month,Yes,Bank transfer (automatic),19.73,1397.13,No
3007-OQU,Female,0,Yes,No,25,No,No phone service,Fiber optic,No,Yes,Yes,Yes,Yes,No,Month-to-month,No,Electronic check,118.36,2950.04,Yes
2185-PTB,Male,1,Yes,No,36,Yes,No,Fiber optic,No,No,No,No,No,No,Month-to-month,Yes,Mailed check,82.43,2972.59,Yes
3394-QWI,Female,0,No,No,51,Yes,Yes,No,No internet service,No internet service,No internet service,No internet service,No internet service,No internet service,Month-to-month,Yes,Bank transfer (automatic),20.18,1027.34,No
5005-RZP,Male,0,No,Yes,11,Yes,Yes,No,No internet service,No internet service,No internet service,No internet service,No internet service,No internet service,One year,No,Electronic check,23.12,247.94,No
8429-SCW,Male,0,Yes,No,37,Yes,No,Fiber optic,No,No,Yes,No,Yes,No,Month-to-month,Yes,Bank transfer (automatic),85.2,3153.88,No
3261-TFD,Female,0,Yes,No,67,Yes,No,DSL,No,Yes,Yes,Yes,No,No,Two year,No,Mailed check,65.67,4409.24,No
4736-UIK,Male,0,Yes,No,15,Yes,No,Fiber optic,No,Yes,No,No,Yes,Yes,Month-to-month,No,Mailed check,106.6,1589.99,Yes
7716-VLR,Male,0,No,Yes,60,Yes,No,Fiber optic,No,No,No,No,No,Yes,Month-to-month,Yes,Electronic check,86.32,5181.37,No
5875-WOY,Female,0,Yes,Yes,23,Yes,No,No,No internet service,No internet service,No internet service,No internet service,No internet service,No internet service,Two year,Yes,Mailed check,20.68,479.53,No
9921-XRF,Female,0,Yes,No,16,Yes,No,DSL,No,No,No,Yes,No,No,One year,No,Electronic check,53.15,857.28,No
5378-YUM,Female,0,No,Yes,3,Yes,Yes,Fiber optic,No,No,No,No,Yes,No,Month-to-month,Yes,Bank transfer (automatic),106.56,316.3,Yes
8815-ZXT,Female,0,Yes,No,49,Yes,No,Fiber optic,Yes,Yes,No,Yes,No,Yes,Month-to-month,No,Electronic check,118.4,5804.67,No
4451-AAA,Female,0,Yes,Yes,2,No,No phone service,No,No internet service,No internet service,No internet service,No internet service,No internet service,No internet service,Month-to-month,Yes,Credit card (automatic),18.67,29.0,Yes
8616-BDH,Male,1,No,Yes,7,Yes,Yes,DSL,No,Yes,No,Yes,Yes,Yes,Month-to-month,No,Bank transfer (automatic),60.69,416.96,Yes
3800-CGO,Male,1,Yes,No,11,Yes,No,No,No internet service,No internet service,No internet service,No internet service,No internet service,No internet service,Month-to-month,Yes,Mailed check,20.57,230.65,No
9333-DJV,Male,0,No,No,34,Yes,No,Fiber optic,Yes,Yes,No,Yes,Yes,No,Month-to-month,Yes,Electronic check,87.3,2967.33,Yes
6410-EMC,Female,0,No,Yes,65,Yes,No,DSL,No,Yes,No,No,Yes,Yes,Month-to-month,No,Mailed check,65.49,4256.93,No
2455-FPJ,Female,0,Yes,Yes,52,Yes,No,DSL,No,No,Yes,No,No,No,Month-to-month,Yes,Bank transfer (automatic),71.01,3699.95,Yes
7892-GSQ,Female,0,Yes,No,32,Yes,Yes,No,No internet service,No internet service,No internet service,No internet service,No internet service,No internet service,One year,No,Mailed check,21.57,683.18,Yes
6808-HVX,Female,0,No,No,17,Yes,No,Fiber optic,No,No,No,No,Yes,No,Month-to-month,Yes,Electronic check,107.12,1814.79,Yes
7796-IYE,Female,1,No,No,57,Yes,Yes,DSL,Yes,No,No,Yes,No,Yes,One year,Yes,Electronic check,46.59,2653.47,No
5796-JBL,Male,0,Yes,No,44,Yes,No,DSL,No,Yes,No,Yes,No,Yes,Month-to-month,No,Bank transfer (automatic),76.83,3378.05,Yes
6093-KES,Female,0,Yes,No,14,Yes,Yes,No,No internet service,No internet service,No internet service,No internet service,No internet service,No internet service,Two year,No,Credit card (automatic),24.21,340.14,No
2325-LHZ,Male,0,No,No,14,Yes,No,DSL,No,No,Yes,No,No,No,One year,Yes,Credit card (automatic),68.5,957.72,No
5976-MKG,Female,1,Yes,No,44,No,No phone service,DSL,Yes,No,Yes,No,Yes,No,Two year,Yes,Bank transfer (automatic),57.11,2508.69,No
2159-NNN,Male,1,No,No,67,Yes,No,Fiber optic,No,Yes,No,Yes,No,No,Two year,No,Bank transfer (automatic),93.1,6244.75,No
5650-OQU,Male,0,No,No,68,Yes,No,DSL,Yes,Yes,Yes,No,No,Yes,Month-to-month,No,Credit card (automatic),68.41,4644.91,No
5987-PTB,Male,0,Yes,No,66,No,No phone service,DSL,Yes,Yes,Yes,No,No,No,One year,No,Electronic check,76.65,5049.1,No
5697-QWI,Female,0,No,No,61,No,No phone service,No,No internet service,No internet service,No internet service,No internet service,No internet service,No internet service,Month-to-month,Yes,Mailed check,23.54,1428.83,Yes
1340-RZP,Male,0,No,No,43,Yes,No,Fiber optic,No,No,No,No,No,No,One year,No,Electronic check,86.93,3737.58,Yes
4828-SCW,Male,0,Yes,No,19,Yes,No,No,No internet service,No internet service,No internet service,No internet service,No internet service,No internet service,One year,Yes,Electronic check,21.17,403.95,No
2968-TFD,Male,0,No,No,38,Yes,No,Fiber optic,No,Yes,No,No,Yes,No,One year,Yes,Mailed check,107.31,4070.88,No
1703-UIK,Male,0,No,No,38,Yes,No,Fiber optic,Yes,No,No,No,No,Yes,Month-to-month,Yes,Mailed check,90.88,3454.91,No
6482-VLR,Male,0,Yes,No,0,Yes,Yes,Fiber optic,Yes,No,Yes,No,No,No,Month-to-month,Yes,Bank transfer (automatic),100.97, ,Yes
7376-WOY,Female,0,Yes,No,66,Yes,Yes,No,No internet service,No internet service,No internet service,No internet service,No internet service,No internet service,Two year,No,Mailed check,24.91,1634.79,No
2800-XRF,Male,0,No,Yes,46,Yes,No,DSL,No,No,Yes,No,No,Yes,Month-to-month,No,Electronic check,78.46,3611.56,No
6463-YUM,Male,0,No,No,72,Yes,No,Fiber optic,No,Yes,No,No,No,No,Month-to-month,No,Electronic check,80.63,5805.93,No
5912-ZXT,Female,0,No,No,53,Yes,No,Fiber optic,No,No,No,No,No,Yes,Month-to-month,No,Electronic check,90.08,4772.61,No
5648-AAA,Female,0,No,No,19,No,No phone service,No,No internet service,No internet service,No internet service,No internet service,No internet service,No internet service,Two year,No,Mailed check,21.93,425.11,No
1855-BDH,Female,0,Yes,No,8,No,No phone service,No,No internet service,No internet service,No internet service,No internet service,No internet service,No internet service,One year,Yes,Bank transfer (automatic),22.29,177.02,Yes
3866-CGO,Male,1,No,Yes,27,Yes,No,Fiber optic,No,No,No,Yes,Yes,Yes,Month-to-month,No,Bank transfer (automatic),84.52,2279.43,Yes
1182-DJV,Female,0,Yes,Yes,63,Yes,Yes,Fiber optic,Yes,No,Yes,No,No,Yes,Month-to-month,Yes,Electronic check,114.84,7229.37,No
4112-EMC,Female,0,Yes,Yes,34,Yes,No,No,No internet service,No internet service,No internet service,No internet service,No internet service,No internet service,Month-to-month,Yes,Mailed check,24.39,825.52,No
6670-FPJ,Female,0,Yes,Yes,39,Yes,No,No,No internet service,No internet service,No internet service,No internet service,No internet service,No internet service,Month-to-month,No,Mailed check,19.36,749.42,Yes
5492-GSQ,Male,0,No,No,1,Yes,No,No,No internet service,No internet service,No internet service,No internet service,No internet service,No internet service,Month-to-month,Yes,Electronic check,24.53,18.03,No
6823-HVX,Female,1,Yes,No,2,Yes,No,No,No internet service,No internet service,No internet service,No internet service,No internet service,No internet service,Month-to-month,No,Credit card (automatic),21.26,40.84,No
2517-IYE,Male,0,Yes,No,13,Yes,Yes,DSL,No,No,No,No,Yes,No,Month-to-month,No,Bank transfer (automatic),61.97,796.78,No
6002-JBL,Female,0,Yes,No,67,Yes,No,No,No internet service,No internet service,No internet service,No internet service,No internet service,No internet service,One year,Yes,Bank transfer (automatic),19.48,1307.8,No
2356-KES,Male,1,Yes,No,46,No,No phone service,No,No internet service,No internet service,No internet service,No internet service,No internet service,No internet service,Month-to-month,Yes,Bank transfer (automatic),18.82,865.14,Yes
4629-LHZ,Male,0,No,Yes,53,No,No phone service,No,No internet service,No internet service,No internet service,No internet service,No internet service,No internet service,Month-to-month,No,Mailed check,19.93,1050.26,No
4628-MKG,Female,0,No,No,57,Yes,No,DSL,No,No,No,Yes,No,Yes,Month-to-month,Yes,Electronic check,80.08,4554.69,No
9210-NNN,Female,0,No,Yes,61,Yes,No,DSL,No,Yes,No,Yes,Yes,No,Two year,Yes,Mailed check,60.69,3703.55,No
7132-OQU,Male,0,No,No,50,Yes,No,DSL,No,No,No,Yes,No,Yes,Month-to-month,Yes,Electronic check,81.7,4076.36,Yes
7588-PTB,Female,0,No,No,47,Yes,Yes,No,No internet service,No internet service,No internet service,No internet service,No internet service,No internet service,Two year,Yes,Credit card (automatic),22.3,1057.74,No
4311-QWI,Female,0,No,No,26,Yes,No,Fiber optic,No,No,No,Yes,No,No,One year,Yes,Electronic check,70.4,1830.11,No
7048-RZP,Male,0,No,Yes,54,Yes,No,Fiber optic,No,Yes,Yes,Yes,Yes,Yes,Month-to-month,No,Electronic check,86.13,4651.8,No
7246-SCW,Male,0,Yes,No,48,Yes,Yes,DSL,No,No,Yes,Yes,Yes,No,Two year,Yes,Electronic check,49.23,2370.89,No
1987-TFD,Male,0,Yes,No,23,Yes,No,DSL,No,No,Yes,No,Yes,No,Month-to-month,Yes,Mailed check,74.57,1724.07,Yes
4321-UIK,Female,0,Yes,No,9,Yes,No,Fiber optic,Yes,No,No,Yes,Yes,No,Two year,No,Bank transfer (automatic),103.0,935.66,Yes
5615-VLR,Female,1,Yes,No,6,Yes,No,DSL,Yes,Yes,No,Yes,No,No,Month-to-month,Yes,Electronic check,53.37,319.07,Yes
9365-WOY,Female,0,Yes,Yes,16,No,No phone service,Fiber optic,No,Yes,Yes,No,Yes,No,One year,Yes,Mailed check,80.17,1277.12,No
4741-XRF,Male,0,No,No,21,Yes,Yes,No,No internet service,No internet service,No internet service,No internet service,No internet service,No internet service,Two year,No,Credit card (automatic),24.34,518.96,No
4052-YUM,Male,0,No,No,58,Yes,Yes,Fiber optic,Yes,No,No,No,No,No,Month-to-month,Yes,Mailed check,75.72,4386.92,No
7574-ZXT,Male,1,Yes,No,43,Yes,Yes,No,No internet service,No internet service,No internet service,No internet service,No internet service,No internet service,Two year,No,Credit card (automatic),18.47,790.6,No
1726-AAA,Female,0,Yes,No,10,No,No phone service,DSL,No,No,No,No,No,No,Month-to-month,No,Credit card (automatic),59.02,582.49,No
4760-BDH,Male,1,No,Yes,41,Yes,No,No,No internet service,No internet service,No internet service,No internet service,No internet service,No internet service,Month-to-month,Yes,Bank transfer (automatic),22.06,911.56,No
6806-CGO,Female,1,Yes,No,22,Yes,Yes,No,No internet service,No internet service,No internet service,No internet service,No internet service,No internet service,Month-to-month,No,Mailed check,24.45,546.14,No
2875-DJV,Female,0,Yes,No,59,Yes,Yes,No,No internet service,No internet service,No internet service,No internet service,No internet service,No internet service,Month-to-month,Yes,Bank transfer (automatic),24.4,1445.86,No
7993-EMC,Male,0,No,No,61,Yes,No,DSL,No,No,No,No,No,Yes,Month-to-month,No,Credit card (automatic),49.72,3029.01,Yes
5033-FPJ,Female,0,Yes,No,53,Yes,Yes,Fiber optic,No,Yes,No,Yes,Yes,Yes,Month-to-month,No,Electronic check,108.36,5749.23,No
6443-GSQ,Male,0,No,No,12,Yes,No,Fiber optic,No,Yes,No,No,No,Yes,Month-to-month,Yes,Mailed check,115.55,1379.03,Yes
1989-HVX,Male,0,No,No,67,Yes,Yes,Fiber optic,No,No,No,Yes,No,No,One year,Yes,Bank transfer (automatic),110.63,7417.83,No
4744-IYE,Male,0,No,No,26,Yes,No,DSL,No,No,Yes,No,No,Yes,Month-to-month,Yes,Bank transfer (automatic),60.98,1594.33,Yes
9611-JBL,Male,0,Yes,No,39,Yes,Yes,DSL,No,Yes,No,Yes,No,No,One year,Yes,Mailed check,52.52,2043.05,No
1593-KES,Male,0,Yes,No,9,Yes,Yes,Fiber optic,Yes,No,Yes,Yes,No,No,One year,No,Mailed check,114.63,1032.08,Yes
2774-LHZ,Male,1,Yes,No,14,Yes,No,DSL,No,No,No,Yes,Yes,Yes,Month-to-month,Yes,Electronic check,65.81,923.55,No
1935-MKG,Female,0,Yes,No,44,Yes,Yes,DSL,No,No,Yes,No,Yes,Yes,Two year,No,Electronic check,54.38,2391.72,No
4808-NNN,Female,0,No,No,52,Yes,Yes,Fiber optic,Yes,Yes,No,No,No,Yes,Month-to-month,No,Credit card (automatic),85.77,4455.5,No
1331-OQU,Male,0,No,No,6,Yes,No,DSL,No,No,No,Yes,No,Yes,Month-to-month,Yes,Mailed check,67.03,401.19,Yes
8922-PTB,Male,0,No,Yes,29,Yes,Yes,DSL,No,No,No,No,No,No,Month-to-month,Yes,Electronic check,60.65,1761.33,No
3702-QWI,Male,0,No,Yes,29,No,No phone service,DSL,No,Yes,No,No,No,Yes,Two year,No,Electronic check,45.64,1321.83,No
6889-RZP,Female,0,Yes,Yes,26,Yes,Yes,DSL,Yes,No,No,No,Yes,No,Month-to-month,Yes,Bank transfer (automatic),67.55,1760.3,No
6054-SCW,Female,0,No,No,48,Yes,Yes,Fiber optic,Yes,Yes,No,No,Yes,No,One year,Yes,Bank transfer (automatic),89.78,4300.76,No
4868-TFD,Female,0,Yes,No,56,Yes,No,DSL,No,Yes,No,No,Yes,No,One year,Yes,Bank transfer (automatic),63.41,3551.28,No
5200-UIK,Male,0,Yes,No,63,Yes,Yes,DSL,Yes,No,Yes,Yes,No,No,Month-to-month,No,Electronic check,74.86,4724.07,No
1201-VLR,Male,0,No,No,62,Yes,Yes,No,No internet service,No internet service,No internet service,No internet service,No internet service,No internet service,Two year,No,Credit card (automatic),18.42,1151.89,No
3497-WOY,Male,0,Yes,No,47,Yes,Yes,DSL,No,No,No,No,No,Yes,One year,Yes,Electronic check,46.69,2195.71,No
2842-XRF,Female,0,No,Yes,40,No,No phone service,Fiber optic,Yes,No,Yes,No,No,No,One year,Yes,Mailed check,70.05,2802.23,Yes
5658-YUM,Female,0,No,No,29,Yes,Yes,DSL,No,Yes,No,Yes,No,No,Two year,Yes,Bank transfer (automatic),61.41,1777.72,No
8544-ZXT,Male,0,Yes,Yes,2,Yes,Yes,DSL,Yes,No,No,No,No,Yes,One year,Yes,Electronic check,55.5,105.46,No
8718-AAA,Male,0,No,No,36,Yes,No,DSL,No,No,No,Yes,No,No,Two year,Yes,Electronic check,60.79,2183.33,No
1770-BDH,Female,0,Yes,No,29,Yes,No,DSL,Yes,No,Yes,Yes,Yes,No,Month-to-month,No,Electronic check,67.67,1952.97,No
4155-CGO,Male,0,No,No,53,Yes,Yes,Fiber optic,No,No,No,Yes,Yes,Yes,Two year,Yes,Mailed check,70.41,3741.31,No
2628-DJV,Female,0,Yes,No,6,Yes,Yes,Fiber optic,No,Yes,Yes,Yes,Yes,No,Month-to-month,Yes,Credit card (automatic),77.72,460.18,Yes
1386-EMC,Male,0,Yes,Yes,7,Yes,No,DSL,No,No,No,No,No,Yes,One year,Yes,Mailed check,49.24,345.56,Yes
7031-FPJ,Male,0,Yes,No,62,No,No phone service,No,No internet service,No internet service,No internet service,No internet service,No internet service,No internet service,Two year,Yes,Credit card (automatic),22.44,1382.28,No
7439-GSQ,Male,1,No,Yes,62,Yes,Yes,Fiber optic,No,No,Yes,No,No,Yes,One year,No,Electronic check,98.82,6118.99,No
7401-HVX,Male,0,No,No,63,Yes,Yes,Fiber optic,No,Yes,Yes,No,Yes,Yes,Month-to-month,Yes,Mailed check,73.78,4654.06,No
5008-IYE,Female,0,No,No,29,Yes,Yes,No,No internet service,No internet service,No internet service,No internet service,No internet service,No internet service,Month-to-month,Yes,Credit card (automatic),23.66,688.27,Yes
3466-JBL,Male,1,No,No,9,Yes,No,DSL,No,Yes,Yes,No,No,No,Two year,No,Credit card (automatic),50.6,447.88,Yes
3282-KES,Male,0,No,No,68,Yes,No,DSL,No,Yes,No,No,Yes,Yes,Month-to-month,No,Bank transfer (automatic),51.09,3473.89,No
2856-LHZ,Male,0,Yes,No,48,Yes,Yes,Fiber optic,No,No,No,No,No,No,Two year,Yes,Electronic check,89.63,4298.81,No
8980-MKG,Male,1,No,No,38,Yes,No,Fiber optic,No,No,Yes,No,No,No,Month-to-month,Yes,Electronic check,86.18,3274.54,No
2998-NNN,Female,0,Yes,Yes,33,Yes,No,Fiber optic,Yes,No,No,No,No,No,Two year,Yes,Mailed check,117.05,3854.8,No
6476-OQU,Male,0,Yes,No,9,Yes,Yes,No,No internet service,No internet service,No internet service,No internet service,No internet service,No internet service,Month-to-month,Yes,Credit card (automatic),24.37,227.18,Yes
5669-PTB,Male,0,Yes,No,8,Yes,No,DSL,Yes,No,Yes,No,No,Yes,Two year,Yes,Bank transfer (automatic),46.08,369.91,Yes
5318-QWI,Female,0,Yes,No,59,Yes,Yes,No,No internet service,No internet service,No internet service,No internet service,No internet service,No internet service,Month-to-month,Yes,Credit card (automatic),20.9,1233.87,No
8064-RZP,Male,0,No,No,4,Yes,Yes,No,No internet service,No internet service,No internet service,No internet service,No internet service,No internet service,Month-to-month,No,Mailed check,23.54,87.67,Yes
8446-SCW,Female,0,Yes,No,34,No,No phone service,DSL,No,Yes,No,No,No,No,One year,Yes,Bank transfer (automatic),69.8,2374.13,Yes
2431-TFD,Female,0,No,No,10,Yes,No,Fiber optic,No,No,Yes,No,No,No,One year,Yes,Electronic check,107.62,1085.87,No
6624-UIK,Female,0,No,No,41,No,No phone service,DSL,Yes,No,Yes,Yes,No,No,Month-to-month,Yes,Mailed check,60.69,2480.7,No
8461-VLR,Male,0,Yes,No,19,Yes,No,No,No internet service,No internet service,No internet service,No internet service,No internet service,No internet service,One year,Yes,Bank transfer (automatic),20.88,400.81,No
2819-WOY,Male,0,No,No,50,Yes,Yes,Fiber optic,No,No,Yes,Yes,No,Yes,Month-to-month,Yes,Mailed check,107.4,5367.73,No
2130-XRF,Male,0,No,No,0,Yes,Yes,No,No internet service,No internet service,No internet service,No internet service,No internet service,No internet service,Month-to-month,Yes,Electronic check,20.22, ,Yes
7563-YUM,Male,0,Yes,Yes,10,Yes,No,No,No internet service,No internet service,No internet service,No internet service,No internet service,No internet service,Month-to-month,Yes,Mailed check,18.64,191.93,Yes
3658-ZXT,Female,1,No,No,60,Yes,No,DSL,Yes,No,Yes,Yes,No,No,Month-to-month,Yes,Bank transfer (automatic),80.5,4830.37,No
4500-AAA,Female,0,Yes,Yes,38,Yes,Yes,DSL,No,Yes,No,No,No,Yes,Month-to-month,Yes,Bank transfer (automatic),82.79,3154.09,No
9566-BDH,Female,0,Yes,No,47,Yes,Yes,DSL,No,No,No,No,No,No,Month-to-month,Yes,Mailed check,69.07,3237.97,Yes
3120-CGO,Male,1,Yes,Yes,27,Yes,No,DSL,No,Yes,No,Yes,No,No,Month-to-month,Yes,Electronic check,74.21,2002.13,Yes
5020-DJV,Male,0,No,No,35,Yes,No,Fiber optic,No,No,Yes,Yes,Yes,No,Two year,No,Mailed check,103.62,3623.19,No
4259-EMC,Female,0,No,Yes,69,Yes,Yes,Fiber optic,No,No,No,No,Yes,No,One year,No,Bank transfer (automatic),96.17,6643.44,Yes
2823-FPJ,Male,0,Yes,No,61,Yes,Yes,Fiber optic,Yes,No,No,Yes,Yes,Yes,Month-to-month,No,Electronic check,99.26,6045.64,Yes
2474-GSQ,Male,0,Yes,No,69,Yes,No,Fiber optic,Yes,Yes,Yes,No,No,No,Month-to-month,Yes,Electronic check,96.34,6641.05,Yes
3242-HVX,Female,1,No,Yes,9,Yes,Yes,Fiber optic,No,Yes,Yes,Yes,No,No,Month-to-month,No,Mailed check,75.53,679.08,No
4243-IYE,Male,0,No,No,4,Yes,Yes,No,No internet service,No internet service,No internet service,No internet service,No internet service,No internet service,Month-to-month,No,Mailed check,20.4,82.35,No
7990-JBL,Male,0,No,No,27,Yes,No,DSL,Yes,Yes,No,No,No,No,Two year,Yes,Bank transfer (automatic),44.71,1206.89,No
6160-KES,Male,0,Yes,No,58,Yes,Yes,Fiber optic,Yes,No,Yes,No,Yes,No,Month-to-month,Yes,Electronic check,73.76,4280.04,No
4134-LHZ,Female,1,Yes,No,8,Yes,No,DSL,No,No,No,Yes,Yes,Yes,Month-to-month,Yes,Mailed check,64.84,527.31,Yes
3070-MKG,Male,1,No,No,38,Yes,No,DSL,Yes,No,No,No,Yes,Yes,Two year,No,Credit card (automatic),51.29,1951.94,No
1359-NNN,Male,0,Yes,No,61,Yes,Yes,Fiber optic,Yes,No,No,Yes,No,No,Two year,Yes,Credit card (automatic),87.42,5331.98,No
2141-OQU,Female,0,Yes,No,37,Yes,Yes,No,No internet service,No internet service,No internet service,No internet service,No internet service,No internet service,Two year,No,Credit card (automatic),23.9,886.43,Yes
2635-PTB,Male,0,Yes,No,23,Yes,Yes,Fiber optic,Yes,Yes,No,No,Yes,Yes,Two year,Yes,Credit card (automatic),74.24,1701.76,No
5000-QWI,Female,1,No,No,63,Yes,No,Fiber optic,Yes,No,No,Yes,No,Yes,Month-to-month,No,Credit card (automatic),110.55,6955.77,No
4361-RZP,Male,0,Yes,No,42,No,No phone service,Fiber optic,No,No,No,No,No,Yes,Two year,Yes,Credit card (automatic),113.61,4775.42,No
7583-SCW,Male,0,Yes,Yes,15,No,No phone service,No,No internet service,No internet service,No internet service,No internet service,No internet service,No internet service,Two year,No,Electronic check,20.4,311.16,No
8835-TFD,Male,0,No,No,65,Yes,No,No,No internet service,No internet service,No internet service,No internet service,No internet service,No internet service,Two year,Yes,Mailed check,21.32,1394.74,No
1006-UIK,Female,0,No,Yes,65,Yes,No,No,No internet service,No internet service,No internet service,No internet service,No internet service,No internet service,Month-to-month,No,Bank transfer (automatic),21.03,1376.14,No
4267-VLR,Female,0,No,No,68,Yes,No,No,No internet service,No internet service,No internet service,No internet service,No internet service,No internet service,One year,Yes,Mailed check,19.23,1315.17,No
7564-WOY,Female,0,Yes,Yes,45,Yes,Yes,Fiber optic,Yes,No,Yes,No,No,Yes,Two year,Yes,Credit card (automatic),74.58,3364.4,No
5928-XRF,Female,1,No,No,20,Yes,No,DSL,No,No,Yes,No,Yes,No,One year,No,Credit card (automatic),62.46,1254.39,No
3606-YUM,Female,0,Yes,No,59,Yes,No,DSL,Yes,No,Yes,Yes,No,No,Month-to-month,Yes,Mailed check,67.25,3975.65,Yes
6906-ZXT,Male,0,No,Yes,9,Yes,No,No,No internet service,No internet service,No internet service,No internet service,No internet service,No internet service,Month-to-month,Yes,Electronic check,21.55,183.99,Yes
4273-AAA,Female,0,No,Yes,17,Yes,Yes,DSL,No,No,No,No,Yes,No,Month-to-month,No,Mailed check,71.89,1212.71,Yes
8611-BDH,Male,0,Yes,Yes,40,Yes,Yes,No,No internet service,No internet service,No internet service,No internet service,No internet service,No internet service,Month-to-month,Yes,Bank transfer (automatic),21.46,863.75,Yes
1913-CGO,Female,1,Yes,No,35,Yes,No,DSL,Yes,No,Yes,No,No,No,One year,No,Bank transfer (automatic),79.41,2786.02,No
3011-DJV,Male,0,Yes,No,65,Yes,No,DSL,No,No,No,Yes,No,No,Month-to-month,Yes,Mailed check,68.81,4468.41,Yes
2442-EMC,Male,0,Yes,No,45,Yes,No,DSL,No,Yes,No,No,No,Yes,Month-to-month,No,Credit card (automatic),53.28,2388.61,No
6546-FPJ,Male,0,No,Yes,22,Yes,Yes,No,No internet service,No internet service,No internet service,No internet service,No internet service,No internet service,Month-to-month,Yes,Electronic check,24.16,521.9,Yes
2829-GSQ,Male,1,No,No,38,Yes,Yes,No,No internet service,No internet service,No internet service,No internet service,No internet service,No internet service,Month-to-month,No,Electronic check,24.06,905.79,Yes
9767-HVX,Female,1,Yes,No,3,Yes,No,Fiber optic,Yes,Yes,No,No,No,Yes,One year,Yes,Credit card (automatic),88.04,263.52,Yes
7468-IYE,Female,0,No,No,40,Yes,No,Fiber optic,No,Yes,No,No,No,Yes,One year,No,Credit card (automatic),79.22,3177.95,No
1929-JBL,Female,0,Yes,Yes,2,Yes,No,DSL,Yes,No,No,No,Yes,No,Two year,Yes,Electronic check,75.92,142.65,Yes
4699-KES,Female,0,Yes,No,52,Yes,No,DSL,Yes,No,Yes,Yes,Yes,No,One year,Yes,Credit card (automatic),46.45,2413.77,No
2054-LHZ,Male,0,Yes,No,35,Yes,No,Fiber optic,No,No,Yes,No,Yes,No,Month-to-month,No,Electronic check,90.86,3180.9,No
6744-MKG,Female,0,No,No,48,Yes,No,DSL,No,Yes,No,No,No,No,One year,No,Mailed check,62.85,3019.41,No
2900-NNN,Male,1,No,No,26,Yes,No,Fiber optic,No,Yes,No,No,Yes,Yes,Two year,Yes,Mailed check,100.67,2615.53,No
7980-OQU,Female,0,No,No,52,Yes,No,Fiber optic,Yes,No,Yes,No,No,No,Month-to-month,Yes,Bank transfer (automatic),83.23,4334.22,Yes
8069-PTB,Male,1,Yes,No,48,No,No phone service,No,No internet service,No internet service,No internet service,No internet service,No internet service,No internet service,Two year,No,Mailed check,20.65,984.49,No
4415-QWI,Male,0,Yes,No,0,Yes,Yes,Fiber optic,Yes,No,No,Yes,No,Yes,Two year,Yes,Credit card (automatic),116.48, ,No
1442-RZP,Female,0,No,Yes,45,No,No phone service,No,No internet service,No internet service,No internet service,No internet service,No internet service,No internet service,Month-to-month,No,Mailed check,24.14,1076.61,No
7218-SCW,Female,0,No,Yes,61,Yes,No,Fiber optic,Yes,No,No,Yes,No,No,Month-to-month,No,Electronic check,88.61,5410.07,No
5652-TFD,Male,0,No,Yes,65,Yes,Yes,Fiber optic,No,No,No,No,No,Yes,Month-to-month,No,Electronic check,117.14,7622.99,No
8939-UIK,Male,0,Yes,No,21,Yes,No,Fiber optic,Yes,No,No,No,No,No,Month-to-month,Yes,Credit card (automatic),73.03,1540.57,Yes
8833-VLR,Female,0,No,Yes,38,Yes,No,DSL,No,Yes,Yes,No,No,Yes,Month-to-month,Yes,Electronic check,56.47,2150.84,No
8597-WOY,Female,0,Yes,Yes,43,Yes,Yes,Fiber optic,No,Yes,Yes,No,Yes,No,Two year,Yes,Bank transfer (automatic),104.65,4492.04,No
5458-XRF,Male,0,Yes,No,1,Yes,Yes,No,No internet service,No internet service,No internet service,No internet service,No internet service,No internet service,Month-to-month,Yes,Credit card (automatic),22.3,28.19,Yes
7591-YUM,Male,0,Yes,No,58,Yes,Yes,DSL,No,No,No,Yes,No,Yes,Two year,No,Electronic check,65.54,3801.52,No
3309-ZXT,Female,0,No,No,27,Yes,No,DSL,No,No,No,No,No,No,Month-to-month,No,Credit card (automatic),75.58,2036.58,Yes
7268-AAA,Male,0,No,No,66,Yes,Yes,DSL,Yes,Yes,No,No,Yes,No,Month-to-month,Yes,Bank transfer (automatic),84.07,5558.17,No
1910-BDH,Male,0,Yes,No,13,Yes,No,Fiber optic,No,Yes,Yes,No,No,Yes,Month-to-month,Yes,Electronic check,103.98,1359.01,Yes
5340-CGO,Male,0,Yes,No,15,Yes,No,Fiber optic,Yes,Yes,No,No,No,No,One year,No,Bank transfer (automatic),91.09,1364.56,No
5009-DJV,Male,0,Yes,No,50,Yes,No,Fiber optic,Yes,No,No,No,No,Yes,Month-to-month,Yes,Credit card (automatic),103.3,5159.09,No
7628-EMC,Male,1,Yes,No,27,Yes,Yes,Fiber optic,Yes,No,No,No,Yes,No,Two year,No,Mailed check,95.76,2593.48,No
3169-FPJ,Female,0,Yes,No,52,Yes,No,Fiber optic,No,Yes,Yes,No,No,No,Two year,Yes,Bank transfer (automatic),100.84,5241.97,No
3172-GSQ,Male,0,Yes,No,51,Yes,No,DSL,Yes,Yes,No,No,Yes,Yes,Month-to-month,Yes,Electronic check,71.58,3659.16,Yes
6668-HVX,Female,0,No,No,24,Yes,No,Fiber optic,Yes,No,No,No,No,Yes,Two year,No,Mailed check,118.44,2838.74,No
7313-IYE,Male,0,Yes,No,56,Yes,Yes,Fiber optic,No,Yes,No,Yes,No,No,Month-to-month,Yes,Bank transfer (automatic),94.2,5273.5,Yes
9315-JBL,Female,0,Yes,No,8,Yes,Yes,No,No internet service,No internet service,No internet service,No internet service,No internet service,No internet service,Month-to-month,No,Electronic check,23.41,195.4,Yes
9036-KES,Male,0,No,No,10,Yes,Yes,DSL,Yes,No,Yes,No,Yes,Yes,Month-to-month,No,Bank transfer (automatic),82.95,820.69,No
7789-LHZ,Female,0,Yes,No,44,Yes,Yes,DSL,Yes,Yes,No,No,No,No,Month-to-month,Yes,Electronic check,53.02,2342.42,No
1785-MKG,Male,0,No,No,1,Yes,No,DSL,Yes,Yes,Yes,No,Yes,No,Two year,No,Credit card (automatic),59.71,50.6,No
7139-NNN,Female,0,No,No,53,Yes,Yes,DSL,No,No,No,Yes,Yes,Yes,Month-to-month,Yes,Mailed check,66.8,3542.45,Yes
7344-OQU,Male,1,No,Yes,33,Yes,Yes,DSL,No,No,Yes,Yes,No,Yes,Month-to-month,No,Electronic check,60.18,1985.46,No
3416-PTB,Male,0,Yes,Yes,41,Yes,Yes,No,No internet service,No internet service,No internet service,No internet service,No internet service,No internet service,Month-to-month,Yes,Bank transfer (automatic),23.18,951.97,No
9988-QWI,Male,0,No,No,68,Yes,Yes,Fiber optic,No,No,No,Yes,No,No,Month-to-month,Yes,Credit card (automatic),78.09,5307.54,No
5154-RZP,Male,1,Yes,No,10,Yes,No,Fiber optic,No,No,No,No,No,Yes,Two year,No,Mailed check,116.14,1166.28,No
6619-SCW,Female,0,No,Yes,28,Yes,No,Fiber optic,No,No,No,No,No,No,Month-to-month,Yes,Credit card (automatic),88.37,2479.81,Yes
2936-TFD,Male,0,Yes,No,4,Yes,Yes,Fiber optic,No,No,No,No,Yes,No,Month-to-month,No,Credit card (automatic),114.6,462.62,Yes
4807-UIK,Male,1,No,Yes,19,Yes,Yes,Fiber optic,No,Yes,No,No,Yes,No,Two year,No,Mailed check,116.69,2207.79,No
8151-VLR,Male,0,Yes,No,38,Yes,No,Fiber optic,No,No,Yes,No,No,Yes,One year,No,Credit card (automatic),79.58,3014.15,No
4236-WOY,Male,0,No,No,31,Yes,Yes,DSL,No,Yes,No,Yes,No,No,One year,No,Bank transfer (automatic),67.13,2084.5,Yes
3352-XRF,Male,0,No,Yes,28,Yes,No,Fiber optic,No,Yes,No,Yes,No,No,One year,Yes,Mailed check,107.13,2991.98,Yes
2932-YUM,Female,0,Yes,No,65,Yes,Yes,Fiber optic,Yes,No,No,Yes,No,No,Month-to-month,Yes,Electronic check,71.67,4649.61,No
9556-ZXT,Male,0,Yes,Yes,0,Yes,Yes,Fiber optic,No,No,Yes,No,Yes,No,Month-to-month,Yes,Credit card (automatic),89.61, ,Yes
5916-AAA,Male,0,Yes,No,0,Yes,Yes,Fiber optic,No,No,No,No,No,No,Two year,Yes,Electronic check,90.2, ,No
6498-BDH,Male,0,Yes,Yes,3,No,No phone service,No,No internet service,No internet service,No internet service,No internet service,No internet service,No internet service,One year,No,Credit card (automatic),22.74,59.28,Yes
1946-CGO,Male,0,Yes,No,14,Yes,No,DSL,No,Yes,Yes,No,No,No,One year,No,Mailed check,65.39,905.77,No
2439-DJV,Female,0,No,Yes,46,Yes,No,Fiber optic,No,No,No,No,No,Yes,Month-to-month,Yes,Electronic check,105.67,4864.73,Yes
8730-EMC,Female,1,No,No,29,Yes,Yes,Fiber optic,Yes,No,Yes,No,No,No,One year,Yes,Electronic check,87.57,2549.13,Yes
5857-FPJ,Female,0,No,No,5,No,No phone service,DSL,No,No,No,Yes,No,Yes,Month-to-month,Yes,Electronic check,60.7,304.69,Yes
1340-GSQ,Female,0,Yes,Yes,0,Yes,No,Fiber optic,No,Yes,No,Yes,Yes,No,Two year,Yes,Credit card (automatic),89.84, ,Yes
1382-HVX,Male,0,No,Yes,70,Yes,Yes,Fiber optic,No,No,No,No,No,Yes,Two year,Yes,Electronic check,85.99,6022.38,Yes
9491-IYE,Male,0,Yes,No,61,Yes,Yes,Fiber optic,No,No,Yes,Yes,No,Yes,Month-to-month,Yes,Electronic check,73.81,4506.52,Yes
1138-JBL,Female,0,Yes,Yes,63,Yes,Yes,DSL,Yes,No,Yes,Yes,Yes,No,Month-to-month,Yes,Mailed check,62.77,3946.19,Yes
1358-KES,Female,0,No,No,4,Yes,No,Fiber optic,No,Yes,Yes,No,No,No,One year,Yes,Electronic check,112.11,451.53,Yes
5931-LHZ,Male,1,Yes,No,53,Yes,Yes,Fiber optic,No,No,No,No,Yes,No,Month-to-month,No,Electronic check,90.74,4816.32,No
4456-MKG,Male,0,No,Yes,48,Yes,No,No,No internet service,No internet service,No internet service,No internet service,No internet service,No internet service,Two year,Yes,Electronic check,19.22,929.15,No
2627-NNN,Male,0,No,No,6,Yes,Yes,No,No internet service,No internet service,No internet service,No internet service,No internet service,No internet service,Two year,Yes,Electronic check,20.32,117.85,Yes
7626-OQU,Male,0,No,No,2,No,No phone service,DSL,Yes,No,No,No,Yes,No,Month-to-month,No,Bank transfer (automatic),75.09,140.46,No
6004-PTB,Male,0,No,No,60,Yes,No,DSL,No,No,Yes,No,Yes,Yes,Two year,Yes,Electronic check,54.43,3269.08,No
7652-QWI,Female,0,Yes,Yes,40,Yes,No,DSL,Yes,No,No,No,Yes,Yes,One year,Yes,Mailed check,46.42,1861.01,No
7416-RZP,Female,1,Yes,Yes,20,Yes,No,Fiber optic,Yes,No,No,No,No,No,Month-to-month,No,Bank transfer (automatic),72.65,1461.74,Yes
4170-SCW,Female,1,Yes,No,31,Yes,No,DSL,Yes,No,No,No,No,No,Month-to-month,Yes,Electronic check,68.88,2126.99,No
4835-TFD,Female,0,Yes,Yes,11,Yes,Yes,Fiber optic,No,No,No,No,No,No,Month-to-month,Yes,Mailed check,113.77,1260.67,No
9017-UIK,Male,0,No,Yes,6,Yes,Yes,DSL,No,Yes,Yes,Yes,No,No,One year,Yes,Bank transfer (automatic),54.66,318.35,No
3151-VLR,Male,1,No,Yes,50,Yes,Yes,Fiber optic,No,No,Yes,Yes,Yes,Yes,One year,Yes,Credit card (automatic),118.16,5906.85,No
7905-WOY,Female,0,Yes,Yes,44,Yes,Yes,Fiber optic,No,No,No,No,Yes,No,Month-to-month,No,Bank transfer (automatic),80.74,3550.67,No
3834-XRF,Female,0,No,No,64,Yes,No,DSL,Yes,No,No,Yes,No,Yes,Month-to-month,Yes,Electronic check,58.19,3714.4,No
3567-YUM,Female,1,Yes,No,59,Yes,Yes,No,No internet service,No internet service,No internet service,No internet service,No internet service,No internet service,Month-to-month,No,Mailed check,21.41,1268.25,No
2307-ZXT,Male,0,No,Yes,44,Yes,Yes,No,No internet service,No internet service,No internet service,No internet service,No internet service,No internet service,Two year,Yes,Credit card (automatic),18.98,825.46,No
9848-AAA,Male,0,Yes,No,33,Yes,No,No,No internet service,No internet service,No internet service,No internet service,No internet service,No internet service,Two year,Yes,Mailed check,20.23,673.83,No
3660-BDH,Female,0,Yes,No,10,Yes,Yes,No,No internet service,No internet service,No internet service,No internet service,No internet service,No internet service,Two year,No,Electronic check,22.31,219.45,No
4730-CGO,Female,0,Yes,No,32,Yes,Yes,Fiber optic,Yes,Yes,No,No,No,No,Month-to-month,No,Electronic check,70.59,2252.7,Yes
7207-DJV,Male,0,Yes,No,7,Yes,Yes,DSL,Yes,No,No,No,No,No,One year,Yes,Bank transfer (automatic),63.82,446.68,No
4162-EMC,Male,0,Yes,No,44,Yes,No,DSL,No,Yes,Yes,Yes,Yes,No,Two year,Yes,Electronic check,71.04,3116.28,No
2140-FPJ,Female,0,Yes,No,71,Yes,Yes,Fiber optic,No,Yes,No,No,No,Yes,Month-to-month,Yes,Bank transfer (automatic),84.54,5995.62,No
9458-GSQ,Male,0,Yes,No,33,Yes,No,No,No internet service,No internet service,No internet service,No internet service,No internet service,No internet service,Two year,Yes,Electronic check,24.13,804.93,No
2708-HVX,Male,0,Yes,Yes,44,Yes,Yes,Fiber optic,No,No,Yes,Yes,No,No,Month-to-month,No,Mailed check,83.52,3683.12,No
4630-IYE,Female,0,Yes,No,64,Yes,Yes,DSL,Yes,Yes,Yes,No,No,No,One year,No,Electronic check,81.39,5203.36,Yes
4211-JBL,Female,0,No,No,72,Yes,No,No,No internet service,No internet service,No internet service,No internet service,No internet service,No internet service,Month-to-month,Yes,Electronic check,23.87,1711.37,No
7538-KES,Female,0,No,No,51,Yes,Yes,Fiber optic,Yes,No,No,Yes,No,Yes,Month-to-month,Yes,Credit card (automatic),81.38,4150.64,Yes
1475-LHZ,Male,0,Yes,Yes,9,No,No phone service,DSL,Yes,No,No,Yes,No,No,Month-to-month,No,Electronic check,46.58,422.79,Yes
8684-MKG,Male,0,Yes,Yes,42,Yes,No,DSL,No,Yes,Yes,No,No,No,Month-to-month,No,Electronic check,45.3,1897.91,Yes
2207-NNN,Male,0,No,No,69,Yes,No,DSL,No,No,No,No,No,No,One year,Yes,Electronic check,75.81,5225.33,No
2960-OQU,Male,0,Yes,No,10,Yes,No,Fiber optic,No,No,No,No,Yes,No,Two year,Yes,Electronic check,97.4,983.8,No
1557-PTB,Male,0,No,No,35,Yes,No,No,No internet service,No internet service,No internet service,No internet service,No internet service,No internet service,Month-to-month,Yes,Credit card (automatic),19.45,680.49,No
1882-QWI,Male,0,Yes,Yes,17,Yes,Yes,DSL,No,No,No,Yes,Yes,No,Two year,Yes,Electronic check,50.73,870.12,No
5761-RZP,Male,0,Yes,No,62,Yes,No,Fiber optic,Yes,No,Yes,No,Yes,No,Month-to-month,No,Bank transfer (automatic),88.42,5479.66,Yes
6867-SCW,Female,0,Yes,Yes,4,Yes,No,No,No internet service,No internet service,No internet service,No internet service,No internet service,No internet service,Two year,Yes,Bank transfer (automatic),18.83,66.55,No
7963-TFD,Male,0,Yes,No,30,Yes,No,DSL,No,No,No,Yes,Yes,Yes,One year,No,Bank transfer (automatic),72.34,2165.67,Yes
8166-UIK,Male,0,No,No,15,Yes,No,Fiber optic,No,Yes,No,No,No,Yes,Month-to-month,No,Electronic check,116.27,1747.05,Yes
8929-VLR,Male,0,Yes,Yes,65,Yes,No,Fiber optic,No,No,No,No,No,No,Month-to-month,No,Electronic check,90.19,5863.23,Yes
6347-WOY,Female,1,No,Yes,8,Yes,Yes,Fiber optic,No,No,No,No,No,Yes,Two year,No,Electronic check,112.39,896.29,No
8269-XRF,Male,1,Yes,Yes,1,Yes,Yes,Fiber optic,Yes,No,Yes,Yes,No,No,One year,Yes,Electronic check,85.95,86.24,Yes
9125-YUM,Male,0,No,No,36,Yes,Yes,Fiber optic,No,No,No,No,No,Yes,Month-to-month,Yes,Electronic check,82.03,2963.02,Yes
3454-ZXT,Female,0,Yes,No,58,Yes,Yes,Fiber optic,Yes,Yes,Yes,No,No,Yes,One year,No,Bank transfer (automatic),86.3,5009.33,No
5494-AAA,Male,0,Yes,No,57,Yes,No,DSL,No,Yes,No,Yes,Yes,No,One year,No,Mailed check,52.56,2999.02,No
2946-BDH,Female,0,No,Yes,7,Yes,No,No,No internet service,No internet service,No internet service,No internet service,No internet service,No internet service,Two year,Yes,Electronic check,19.85,140.06,No
3808-CGO,Male,0,Yes,No,51,Yes,No,No,No internet service,No internet service,No internet service,No internet service,No internet service,No internet service,Month-to-month,No,Electronic check,22.9,1161.57,Yes
7642-DJV,Male,1,No,Yes,72,Yes,Yes,DSL,Yes,No,No,No,Yes,Yes,Month-to-month,Yes,Electronic check,79.45,5722.76,No
4825-EMC,Male,0,Yes,Yes,68,Yes,No,DSL,Yes,No,No,No,No,No,Month-to-month,Yes,Mailed check,59.62,4055.73,Yes
4536-FPJ,Female,0,No,No,51,Yes,No,No,No internet service,No internet service,No internet service,No internet service,No internet service,No internet service,Month-to-month,No,Mailed check,22.24,1139.98,Yes
7068-GSQ,Female,0,Yes,No,33,Yes,No,Fiber optic,Yes,No,No,No,No,No,Month-to-month,Yes,Credit card (automatic),77.79,2563.61,Yes
4802-HVX,Male,0,No,Yes,47,Yes,No,Fiber optic,No,Yes,Yes,Yes,No,No,Month-to-month,Yes,Bank transfer (automatic),106.88,5021.38,No
5699-IYE,Female,0,No,No,23,Yes,Yes,DSL,No,Yes,No,Yes,No,No,Two year,Yes,Bank transfer (automatic),47.64,1105.57,No
2970-JBL,Male,0,No,Yes,12,Yes,Yes,No,No internet service,No internet service,No internet service,No internet service,No internet service,No internet service,Month-to-month,Yes,Electronic check,19.46,230.46,Yes
6806-KES,Female,0,Yes,No,49,Yes,Yes,DSL,No,No,Yes,Yes,No,No,Month-to-month,Yes,Mailed check,61.12,2995.89,No
7142-LHZ,Male,0,No,No,64,Yes,No,No,No internet service,No internet service,No internet service,No internet service,No internet service,No internet service,Month-to-month,Yes,Credit card (automatic),19.04,1214.96,Yes
3819-MKG,Male,1,No,Yes,70,Yes,No,Fiber optic,Yes,No,Yes,Yes,No,Yes,Two year,Yes,Bank transfer (automatic),113.69,7961.24,No
1364-NNN,Female,0,No,No,3,Yes,No,Fiber optic,Yes,No,Yes,No,No,No,One year,No,Electronic check,94.01,287.48,Yes
5258-OQU,Male,1,No,No,63,Yes,No,DSL,No,No,Yes,No,No,No,Month-to-month,Yes,Bank transfer (automatic),55.7,3512.81,No
4119-PTB,Male,0,Yes,Yes,38,Yes,Yes,Fiber optic,No,No,No,No,Yes,Yes,Two year,Yes,Electronic check,76.77,2918.47,No
2863-QWI,Male,0,Yes,No,62,Yes,No,Fiber optic,Yes,No,Yes,No,Yes,No,One year,No,Credit card (automatic),78.27,4848.97,No
1115-RZP,Female,0,No,No,57,Yes,No,No,No internet service,No internet service,No internet service,No internet service,No internet service,No internet service,Two year,Yes,Mailed check,23.18,1322.95,No
8084-SCW,Male,0,No,Yes,15,Yes,No,Fiber optic,No,Yes,Yes,Yes,No,Yes,Month-to-month,No,Credit card (automatic),112.97,1700.02,Yes
9016-TFD,Female,0,Yes,No,61,Yes,No,Fiber optic,No,Yes,Yes,No,No,Yes,Two year,Yes,Electronic check,101.42,6179.72,No
3384-UIK,Female,1,Yes,Yes,9,Yes,No,Fiber optic,No,No,No,No,No,Yes,Two year,No,Electronic check,87.4,785.46,No
4935-VLR,Female,0,No,Yes,61,Yes,Yes,No,No internet service,No internet service,No internet service,No internet service,No internet service,No internet service,Two year,No,Mailed check,20.01,1228.12,No
8742-WOY,Male,0,Yes,No,32,Yes,No,Fiber optic,No,Yes,No,No,Yes,No,Month-to-month,Yes,Mailed check,93.75,3000.03,No
6442-XRF,Female,0,Yes,Yes,70,Yes,No,Fiber optic,Yes,No,No,No,Yes,Yes,Month-to-month,Yes,Bank transfer (automatic),84.69,5936.29,No
3490-YUM,Male,0,No,No,41,Yes,Yes,DSL,No,No,No,No,No,Yes,Two year,Yes,Bank transfer (automatic),64.32,2628.79,No
7980-ZXT,Female,0,No,No,43,Yes,No,Fiber optic,Yes,No,No,No,Yes,No,Month-to-month,No,Mailed check,70.55,3029.03,Yes
8661-AAA,Female,0,No,Yes,45,Yes,No,DSL,No,Yes,Yes,No,No,No,Month-to-month,Yes,Electronic check,80.18,3608.2,No
2724-BDH,Male,0,Yes,No,72,Yes,Yes,DSL,No,No,No,Yes,Yes,Yes,Month-to-month,No,Credit card (automatic),68.12,4898.46,Yes
9182-CGO,Female,0,Yes,No,30,Yes,No,Fiber optic,Yes,No,Yes,Yes,No,Yes,Month-to-month,No,Electronic check,93.88,2817.89,No
3767-DJV,Male,0,No,No,4,Yes,No,DSL,Yes,Yes,No,Yes,No,No,One year,No,Electronic check,63.68,254.34,No
2137-EMC,Female,0,No,Yes,17,Yes,Yes,Fiber optic,No,No,No,No,Yes,No,Month-to-month,No,Electronic check,107.29,1832.65,Yes
5117-FPJ,Female,0,Yes,No,5,Yes,No,Fiber optic,Yes,No,No,Yes,Yes,Yes,One year,Yes,Mailed check,96.65,486.38,Yes
4420-GSQ,Female,1,No,Yes,49,Yes,Yes,Fiber optic,No,Yes,No,No,No,No,Month-to-month,No,Electronic check,101.25,4951.53,No
6845-HVX,Female,0,No,Yes,27,Yes,Yes,Fiber optic,Yes,Yes,No,Yes,No,No,Month-to-month,No,Bank transfer (automatic),108.86,2946.09,Yes
5778-IYE,Female,0,Yes,No,23,Yes,Yes,DSL,No,No,Yes,No,Yes,No,Two year,Yes,Credit card (automatic),79.07,1821.57,No
4906-JBL,Male,0,Yes,Yes,68,No,No phone service,Fiber optic,No,No,No,Yes,Yes,Yes,Month-to-month,Yes,Credit card (automatic),96.92,6584.62,Yes
4637-KES,Male,0,Yes,Yes,27,Yes,Yes,Fiber optic,No,No,No,Yes,Yes,Yes,Month-to-month,Yes,Credit card (automatic),98.48,2653.9,No
3953-LHZ,Male,0,No,No,57,Yes,Yes,No,No internet service,No internet service,No internet service,No internet service,No internet service,No internet service,Month-to-month,No,Electronic check,22.87,1307.34,No
6929-MKG,Male,1,Yes,No,66,Yes,No,Fiber optic,No,Yes,No,Yes,No,Yes,Two year,No,Mailed check,93.02,6140.86,No
1276-NNN,Male,0,Yes,Yes,17,Yes,Yes,DSL,Yes,Yes,Yes,No,Yes,Yes,Month-to-month,Yes,Electronic check,81.03,1376.29,No
2999-OQU,Male,0,Yes,Yes,3,Yes,No,No,No internet service,No internet service,No internet service,No internet service,No internet service,No internet service,One year,Yes,Electronic check,21.92,62.08,No
2227-PTB,Female,0,No,No,48,Yes,No,Fiber optic,No,Yes,No,No,No,No,Two year,No,Electronic check,115.06,5529.4,No
7337-QWI,Female,0,Yes,No,31,Yes,Yes,No,No internet service,No internet service,No internet service,No internet service,No internet service,No internet service,One year,Yes,Electronic check,23.67,739.64,Yes
4735-RZP,Female,0,No,No,65,Yes,Yes,DSL,Yes,No,Yes,Yes,No,No,Month-to-month,Yes,Mailed check,58.9,3835.8,Yes
1695-SCW,Female,0,No,No,57,No,No phone service,No,No internet service,No internet service,No internet service,No internet service,No internet service,No internet service,Month-to-month,No,Electronic check,22.73,1301.71,No
5152-TFD,Female,1,No,Yes,10,Yes,Yes,DSL,Yes,No,Yes,No,Yes,Yes,One year,Yes,Mailed check,73.39,742.77,Yes
8901-UIK,Male,0,No,Yes,64,Yes,Yes,DSL,No,No,No,Yes,No,Yes,One year,Yes,Electronic check,63.18,4035.74,No
8470-VLR,Female,0,No,Yes,16,Yes,No,No,No internet service,No internet service,No internet service,No internet service,No internet service,No internet service,Month-to-month,No,Credit card (automatic),23.02,368.59,Yes
8537-WOY,Male,1,No,No,65,Yes,Yes,Fiber optic,No,No,Yes,No,No,No,Two year,No,Mailed check,81.74,5309.36,No
3841-XRF,Female,0,Yes,No,3,Yes,Yes,Fiber optic,Yes,Yes,Yes,No,No,Yes,Month-to-month,Yes,Bank transfer (automatic),84.09,250.01,No
5208-YUM,Female,1,No,No,31,Yes,Yes,No,No internet service,No internet service,No internet service,No internet service,No internet service,No internet service,Two year,Yes,Mailed check,22.6,709.03,No
9733-ZXT,Male,0,No,No,70,Yes,No,Fiber optic,Yes,No,No,No,Yes,No,One year,Yes,Mailed check,93.54,6553.55,No
2088-AAA,Male,0,No,Yes,28,Yes,No,Fiber optic,Yes,No,Yes,Yes,No,No,One year,Yes,Mailed check,88.69,2473.97,No
4363-BDH,Female,0,Yes,No,60,Yes,Yes,DSL,Yes,Yes,No,Yes,No,No,One year,Yes,Electronic check,46.73,2802.8,No
1024-CGO,Male,0,Yes,Yes,59,Yes,No,Fiber optic,No,No,Yes,Yes,Yes,No,Month-to-month,Yes,Electronic check,117.97,6955.13,Yes
7144-DJV,Male,0,No,No,72,Yes,No,DSL,No,No,Yes,Yes,Yes,Yes,Two year,Yes,Credit card (automatic),53.34,3842.13,No
6668-EMC,Female,0,Yes,No,57,Yes,Yes,DSL,Yes,No,No,Yes,No,No,Two year,Yes,Bank transfer (automatic),69.52,3959.03,No
5236-FPJ,Female,0,No,No,52,Yes,No,DSL,No,Yes,No,No,No,No,One year,Yes,Electronic check,76.48,3976.63,No
9068-GSQ,Male,1,No,No,4,Yes,Yes,DSL,No,No,No,No,No,Yes,One year,No,Electronic check,64.83,256.79,Yes
3235-HVX,Male,1,No,No,60,Yes,Yes,DSL,Yes,No,No,Yes,Yes,Yes,Month-to-month,No,Mailed check,67.74,4055.12,No
8295-IYE,Female,1,Yes,No,20,Yes,No,DSL,No,Yes,No,No,No,No,One year,No,Electronic check,65.79,1311.69,No
9392-JBL,Male,0,Yes,No,57,Yes,No,Fiber optic,No,No,No,No,No,No,Two year,Yes,Bank transfer (automatic),101.03,5762.35,No
9448-KES,Female,0,No,No,13,Yes,No,DSL,No,No,No,Yes,No,No,Month-to-month,Yes,Electronic check,61.07,800.55,Yes
4747-LHZ,Male,0,No,No,53,Yes,No,No,No internet service,No internet service,No internet service,No internet service,No internet service,No internet service,One year,Yes,Bank transfer (automatic),20.65,1100.46,No
4175-MKG,Female,1,No,No,40,Yes,Yes,DSL,No,No,No,No,No,No,Month-to-month,Yes,Mailed check,84.39,3370.61,No
5897-NNN,Male,0,No,No,15,No,No phone service,Fiber optic,Yes,Yes,Yes,Yes,No,No,Month-to-month,No,Electronic check,88.21,1329.41,No
6037-OQU,Male,0,No,No,50,Yes,No,DSL,No,No,No,Yes,No,No,Month-to-month,Yes,Credit card (automatic),62.3,3121.53,No
8427-PTB,Female,1,Yes,No,0,Yes,Yes,DSL,No,Yes,Yes,Yes,No,No,Month-to-month,No,Electronic check,50.64, ,No
9605-QWI,Female,0,No,No,39,No,No phone service,Fiber optic,No,No,Yes,No,No,No,Month-to-month,Yes,Credit card (automatic),110.33,4303.38,Yes
3014-RZP,Male,0,Yes,Yes,17,Yes,No,DSL,Yes,No,Yes,No,Yes,No,Month-to-month,Yes,Bank transfer (automatic),75.72,1283.76,No
2381-SCW,Male,0,Yes,No,33,Yes,Yes,Fiber optic,No,Yes,No,Yes,No,No,Month-to-month,No,Mailed check,105.68,3493.81,Yes
2098-TFD,Female,0,No,No,60,No,No phone service,DSL,No,Yes,No,No,No,No,Month-to-month,No,Credit card (automatic),79.62,4769.29,Yes
4426-UIK,Female,0,No,Yes,20,Yes,Yes,No,No internet service,No internet service,No internet service,No internet service,No internet service,No internet service,Month-to-month,No,Electronic check,18.38,376.72,No
4655-VLR,Male,0,No,No,0,Yes,Yes,No,No internet service,No internet service,No internet service,No internet service,No internet service,No internet service,Month-to-month,Yes,Electronic check,18.37, ,No
8938-WOY,Male,0,Yes,No,26,No,No phone service,DSL,No,No,No,Yes,Yes,No,Month-to-month,No,Bank transfer (automatic),84.06,2182.26,Yes
1187-XRF,Female,0,Yes,Yes,50,Yes,Yes,DSL,Yes,No,No,No,Yes,No,One year,Yes,Mailed check,51.87,2586.13,No
6409-YUM,Male,0,Yes,Yes,10,Yes,Yes,Fiber optic,Yes,Yes,No,No,Yes,Yes,Month-to-month,Yes,Mailed check,113.26,1137.47,Yes
3092-ZXT,Male,0,No,No,13,Yes,Yes,Fiber optic,Yes,No,Yes,Yes,No,No,One year,Yes,Credit card (automatic),108.74,1412.45,Yes
3130-AAA,Female,0,Yes,No,54,Yes,Yes,Fiber optic,No,No,No,Yes,Yes,No,Month-to-month,No,Bank transfer (automatic),95.34,5148.85,No
6242-BDH,Female,0,No,No,26,Yes,Yes,DSL,No,Yes,No,No,No,No,Two year,No,Mailed check,45.76,1180.56,No
9549-CGO,Female,0,No,No,21,Yes,Yes,DSL,Yes,No,No,Yes,Yes,No,Month-to-month,No,Bank transfer (automatic),52.43,1097.32,No
6647-DJV,Male,0,Yes,No,20,Yes,Yes,Fiber optic,Yes,No,No,No,Yes,Yes,Month-to-month,Yes,Bank transfer (automatic),73.24,1459.23,No
6185-EMC,Male,0,No,Yes,23,Yes,Yes,DSL,No,No,Yes,No,No,No,Month-to-month,No,Electronic check,75.92,1744.45,No
6776-FPJ,Male,0,No,No,18,Yes,No,DSL,Yes,No,No,Yes,No,Yes,One year,Yes,Electronic check,64.64,1155.06,No
8913-GSQ,Female,0,No,No,23,Yes,No,No,No internet service,No internet service,No internet service,No internet service,No internet service,No internet service,Two year,Yes,Mailed check,24.91,567.72,No
8547-HVX,Female,0,No,Yes,25,Yes,No,No,No internet service,No internet service,No internet service,No internet service,No internet service,No internet service,Month-to-month,Yes,Bank transfer (automatic),21.87,540.29,No
8823-IYE,Male,0,Yes,No,24,No,No phone service,No,No internet service,No internet service,No internet service,No internet service,No internet service,No internet service,One year,Yes,Credit card (automatic),19.01,452.12,No
8355-JBL,Female,0,Yes,No,44,Yes,Yes,DSL,Yes,Yes,Yes,No,No,No,Two year,No,Bank transfer (automatic),48.12,2116.9,No
7465-KES,Male,1,No,Yes,28,Yes,Yes,Fiber optic,Yes,Yes,No,No,Yes,No,One year,No,Bank transfer (automatic),95.54,2684.3,No
2497-LHZ,Male,0,Yes,No,10,Yes,No,Fiber optic,Yes,Yes,Yes,No,No,No,Month-to-month,No,Mailed check,98.47,984.55,Yes
3555-MKG,Female,0,No,No,23,No,No phone service,DSL,Yes,No,No,No,No,No,Month-to-month,No,Credit card (automatic),50.36,1167.35,Yes
6409-NNN,Female,0,No,Yes,23,Yes,Yes,DSL,Yes,No,Yes,No,Yes,Yes,One year,Yes,Credit card (automatic),50.28,1154.75,Yes
3951-OQU,Female,1,Yes,No,11,Yes,No,No,No internet service,No internet service,No internet service,No internet service,No internet service,No internet service,Two year,Yes,Mailed check,24.43,260.01,No
2238-PTB,Female,0,No,No,6,Yes,No,Fiber optic,No,Yes,No,No,No,Yes,Month-to-month,No,Bank transfer (automatic),111.17,661.23,Yes
5727-QWI,Male,0,Yes,Yes,39,Yes,No,No,No internet service,No internet service,No internet service,No internet service,No internet service,No internet service,Two year,No,Bank transfer (automatic),18.32,712.23,No
4965-RZP,Female,0,Yes,Yes,69,Yes,No,Fiber optic,No,Yes,No,No,Yes,No,Month-to-month,Yes,Electronic check,106.39,7350.46,No
6686-SCW,Female,0,No,Yes,22,Yes,No,Fiber optic,No,Yes,No,No,No,No,Month-to-month,Yes,Electronic check,95.69,2111.38,Yes
4701-TFD,Male,1,No,No,70,Yes,No,Fiber optic,Yes,No,No,No,Yes,No,One year,No,Credit card (automatic),101.46,7093.6,No
3780-UIK,Female,0,No,No,37,Yes,No,DSL,No,No,Yes,No,No,Yes,Month-to-month,No,Credit card (automatic),45.63,1681.78,Yes
8398-VLR,Male,0,Yes,No,30,Yes,No,No,No internet service,No internet service,No internet service,No internet service,No internet service,No internet service,One year,Yes,Bank transfer (automatic),21.2,637.71,Yes
2588-WOY,Female,1,No,No,28,Yes,No,Fiber optic,Yes,No,No,No,No,No,Month-to-month,No,Credit card (automatic),93.07,2615.21,No
3368-XRF,Female,0,Yes,No,43,Yes,Yes,DSL,No,No,No,No,No,No,Month-to-month,No,Bank transfer (automatic),49.25,2115.95,No
6789-YUM,Female,0,No,No,27,Yes,Yes,DSL,Yes,Yes,No,Yes,No,No,Month-to-month,Yes,Credit card (automatic),82.11,2223.61,No
1436-ZXT,Female,0,No,No,67,Yes,Yes,Fiber optic,No,Yes,Yes,No,No,Yes,Two year,Yes,Electronic check,70.58,4725.39,No
3828-AAA,Male,0,No,No,20,Yes,No,Fiber optic,No,No,No,No,Yes,No,Month-to-month,Yes,Mailed check,74.57,1485.29,No
2556-BDH,Male,0,Yes,No,8,Yes,Yes,DSL,No,No,No,No,No,Yes,Month-to-month,Yes,Mailed check,67.32,534.94,No
8570-CGO,Female,1,No,No,48,Yes,Yes,Fiber optic,No,No,No,No,No,Yes,One year,Yes,Electronic check,70.21,3372.49,Yes
8480-DJV,Female,0,No,No,36,Yes,No,DSL,Yes,No,No,Yes,Yes,No,Two year,No,Bank transfer (automatic),84.74,3052.47,No
1182-EMC,Female,0,Yes,No,20,Yes,No,Fiber optic,No,No,Yes,No,Yes,No,Month-to-month,Yes,Mailed check,71.45,1427.94,Yes
8190-FPJ,Female,0,Yes,No,59,Yes,No,No,No internet service,No internet service,No internet service,No internet service,No internet service,No internet service,Month-to-month,Yes,Credit card (automatic),22.51,1331.86,Yes
7687-GSQ,Female,0,No,No,22,Yes,Yes,DSL,No,No,No,Yes,No,Yes,Two year,Yes,Mailed check,58.82,1288.8,No
6565-HVX,Male,0,No,Yes,9,Yes,Yes,DSL,No,No,No,Yes,No,No,One year,No,Mailed check,48.61,429.11,No
8241-IYE,Male,0,Yes,No,69,Yes,Yes,DSL,No,Yes,Yes,Yes,Yes,Yes,One year,Yes,Credit card (automatic),79.39,5480.21,No
8651-JBL,Female,0,Yes,Yes,20,Yes,Yes,No,No internet service,No internet service,No internet service,No internet service,No internet service,No internet service,Month-to-month,No,Electronic check,21.94,431.59,Yes
6575-KES,Male,1,No,No,28,Yes,No,No,No internet service,No internet service,No internet service,No internet service,No internet service,No internet service,One year,No,Mailed check,22.78,638.08,No
2589-LHZ,Male,0,Yes,No,58,Yes,Yes,Fiber optic,Yes,No,No,Yes,No,No,Two year,No,Electronic check,108.33,6279.94,No
9851-MKG,Female,0,No,Yes,39,No,No phone service,DSL,No,Yes,No,No,No,No,One year,No,Mailed check,66.64,2589.61,Yes
1159-NNN,Male,0,Yes,Yes,20,Yes,Yes,DSL,No,Yes,No,Yes,No,No,Month-to-month,No,Bank transfer (automatic),54.34,1086.04,No
7555-OQU,Male,0,No,Yes,62,Yes,Yes,DSL,Yes,No,No,No,No,No,One year,No,Bank transfer (automatic),56.8,3529.13,No
9244-PTB,Female,0,No,Yes,45,No,No phone service,No,No internet service,No internet service,No internet service,No internet service,No internet service,No internet service,Two year,No,Mailed check,23.82,1079.54,No
7846-QWI,Male,0,No,No,4,Yes,Yes,Fiber optic,Yes,No,No,No,No,Yes,Month-to-month,No,Electronic check,108.33,437.85,Yes
3307-RZP,Female,0,No,No,14,Yes,No,DSL,No,No,No,Yes,Yes,No,One year,No,Mailed check,44.59,623.84,No
2228-SCW,Female,0,Yes,No,39,Yes,No,No,No internet service,No internet service,No internet service,No internet service,No internet service,No internet service,One year,No,Bank transfer (automatic),22.16,861.16,Yes
8226-TFD,Male,0,Yes,No,3,Yes,Yes,No,No internet service,No internet service,No internet service,No internet service,No internet service,No internet service,Month-to-month,No,Mailed check,23.33,60.6,Yes
6590-UIK,Female,1,Yes,No,23,Yes,No,DSL,No,Yes,Yes,Yes,No,Yes,One year,Yes,Electronic check,48.13,1111.42,No
7919-VLR,Female,0,Yes,No,41,Yes,Yes,DSL,No,No,Yes,Yes,No,No,One year,Yes,Credit card (automatic),69.15,2843.37,No
6585-WOY,Female,0,No,No,25,Yes,No,No,No internet service,No internet service,No internet service,No internet service,No internet service,No internet service,Month-to-month,Yes,Mailed check,21.4,536.69,No
7046-XRF,Male,0,No,No,65,Yes,Yes,DSL,No,No,No,Yes,No,Yes,Month-to-month,No,Mailed check,52.93,3450.42,No
5945-YUM,Male,0,Yes,No,7,Yes,Yes,No,No internet service,No internet service,No internet service,No internet service,No internet service,No internet service,Month-to-month,Yes,Mailed check,22.55,160.88,No
8927-ZXT,Male,0,Yes,No,72,Yes,No,Fiber optic,No,Yes,Yes,Yes,Yes,Yes,Month-to-month,No,Bank transfer (automatic),84.61,6085.13,Yes
8016-AAA,Male,1,Yes,Yes,65,Yes,Yes,No,No internet service,No internet service,No internet service,No internet service,No internet service,No internet service,One year,Yes,Electronic check,19.6,1274.09,No
8758-BDH,Female,1,Yes,No,19,Yes,Yes,Fiber optic,Yes,No,Yes,No,No,No,Month-to-month,Yes,Bank transfer (automatic),91.9,1747.39,Yes
6086-CGO,Female,0,No,No,65,Yes,No,DSL,No,No,Yes,No,No,Yes,Month-to-month,Yes,Electronic check,68.66,4468.43,No
8161-DJV,Male,0,Yes,No,67,Yes,No,DSL,Yes,No,No,No,No,Yes,Two year,Yes,Bank transfer (automatic),61.73,4139.22,No
2884-EMC,Male,0,Yes,No,54,No,No phone service,No,No internet service,No internet service,No internet service,No internet service,No internet service,No internet service,Month-to-month,Yes,Electronic check,24.4,1308.63,Yes
2809-FPJ,Female,0,Yes,No,38,Yes,No,Fiber optic,No,Yes,No,No,No,No,Month-to-month,No,Electronic check,113.88,4321.64,No
4167-GSQ,Female,0,No,No,49,Yes,Yes,Fiber optic,No,Yes,Yes,No,Yes,No,Two year,Yes,Mailed check,88.0,4303.16,No
7352-HVX,Male,0,No,Yes,19,Yes,Yes,DSL,No,Yes,No,Yes,No,No,One year,No,Electronic check,52.67,999.67,No
7056-IYE,Male,0,No,No,69,Yes,No,DSL,No,No,Yes,Yes,No,No,One year,No,Electronic check,80.91,5580.98,No
3437-JBL,Male,1,Yes,Yes,27,Yes,Yes,No,No internet service,No internet service,No internet service,No internet service,No internet service,No internet service,Two year,Yes,Electronic check,21.06,568.25,No
7468-KES,Female,0,No,No,42,Yes,Yes,DSL,Yes,No,Yes,No,No,Yes,Month-to-month,No,Credit card (automatic),56.74,2393.07,No
6951-LHZ,Male,0,No,No,65,Yes,No,No,No internet service,No internet service,No internet service,No internet service,No internet service,No internet service,Two year,Yes,Bank transfer (automatic),24.72,1597.29,No
6276-MKG,Male,0,Yes,Yes,27,Yes,No,No,No internet service,No internet service,No internet service,No internet service,No internet service,No internet service,Month-to-month,Yes,Electronic check,21.58,591.95,No
9859-NNN,Male,1,Yes,Yes,72,Yes,No,DSL,Yes,No,No,No,No,Yes,Month-to-month,No,Credit card (automatic),79.84,5756.58,No
8818-OQU,Male,0,Yes,No,22,Yes,No,DSL,Yes,No,No,Yes,No,No,Two year,Yes,Credit card (automatic),44.38,972.66,No
5728-PTB,Male,0,Yes,No,34,Yes,No,Fiber optic,No,No,No,No,Yes,Yes,Month-to-month,Yes,Electronic check,72.67,2478.94,No
3624-QWI,Male,0,Yes,Yes,21,Yes,No,Fiber optic,No,Yes,No,Yes,No,No,Month-to-month,Yes,Bank transfer (automatic),93.35,1959.12,Yes
6738-RZP,Male,1,No,No,4,Yes,No,DSL,No,No,Yes,Yes,Yes,Yes,Two year,No,Electronic check,70.74,288.69,Yes
5232-SCW,Male,0,Yes,No,59,Yes,No,Fiber optic,No,No,Yes,Yes,No,No,Month-to-month,Yes,Mailed check,93.36,5498.29,No
6793-TFD,Male,0,No,Yes,40,Yes,No,DSL,No,No,No,Yes,Yes,No,Month-to-month,Yes,Electronic check,63.43,2545.27,No
5523-UIK,Female,0,Yes,No,28,Yes,Yes,DSL,No,No,No,Yes,Yes,No,Two year,No,Electronic check,57.54,1613.61,No
6571-VLR,Male,0,No,No,34,Yes,No,No,No internet service,No internet service,No internet service,No internet service,No internet service,No internet service,Month-to-month,Yes,Mailed check,21.33,718.08,No
3224-WOY,Male,1,No,No,67,Yes,No,DSL,Yes,Yes,Yes,No,No,Yes,Two year,No,Credit card (automatic),78.17,5245.7,No
9389-XRF,Male,0,No,No,44,Yes,No,No,No internet service,No internet service,No internet service,No internet service,No internet service,No internet service,Two year,No,Credit card (automatic),23.39,1020.0,No
7091-YUM,Female,0,Yes,No,8,Yes,Yes,Fiber optic,No,Yes,No,Yes,Yes,No,One year,No,Credit card (automatic),81.19,640.02,Yes
9662-ZXT,Male,0,Yes,No,50,Yes,Yes,Fiber optic,Yes,No,No,No,Yes,Yes,One year,No,Electronic check,105.04,5260.72,No
7361-AAA,Female,1,No,Yes,13,Yes,No,Fiber optic,Yes,No,No,No,No,Yes,Month-to-month,No,Bank transfer (automatic),103.35,1344.59,Yes
2948-BDH,Male,0,Yes,No,68,Yes,Yes,Fiber optic,No,No,No,Yes,No,No,Month-to-month,Yes,Electronic check,76.52,5195.36,Yes
8094-CGO,Male,0,No,No,55,Yes,No,No,No internet service,No internet service,No internet service,No internet service,No internet service,No internet service,Two year,Yes,Mailed check,24.08,1316.6,No
7318-DJV,Female,0,No,No,10,Yes,No,DSL,No,No,No,No,No,No,Month-to-month,Yes,Electronic check,46.47,469.48,No
4796-EMC,Male,0,No,No,29,Yes,Yes,Fiber optic,No,No,No,Yes,No,No,Month-to-month,No,Bank transfer (automatic),70.23,2038.4,No
1234-FPJ,Female,0,Yes,No,38,Yes,No,No,No internet service,No internet service,No internet service,No internet service,No internet service,No internet service,Two year,Yes,Electronic check,23.69,901.13,No
4607-GSQ,Female,0,No,No,23,Yes,No,DSL,No,No,Yes,Yes,Yes,Yes,One year,Yes,Bank transfer (automatic),70.57,1626.47,No
9043-HVX,Male,0,No,No,57,Yes,Yes,DSL,No,Yes,Yes,No,No,No,Two year,Yes,Electronic check,51.79,2955.96,No
1522-IYE,Female,1,No,No,29,Yes,Yes,Fiber optic,Yes,Yes,Yes,No,No,Yes,Two year,Yes,Mailed check,105.31,3049.71,No
6904-JBL,Female,0,Yes,No,23,Yes,No,DSL,Yes,Yes,No,No,Yes,No,One year,Yes,Electronic check,80.05,1851.08,Yes
5888-KES,Female,0,No,No,66,Yes,Yes,DSL,Yes,No,Yes,No,No,Yes,Month-to-month,No,Electronic check,51.23,3372.46,No
6832-LHZ,Female,0,No,No,28,Yes,Yes,DSL,No,No,No,No,No,Yes,Month-to-month,Yes,Mailed check,57.73,1622.08,No
8122-MKG,Male,0,No,No,41,Yes,No,Fiber optic,No,No,No,No,Yes,Yes,Month-to-month,Yes,Credit card (automatic),110.06,4507.69,No
6842-NNN,Female,0,Yes,No,61,No,No phone service,No,No internet service,No internet service,No internet service,No internet service,No internet service,No internet service,Month-to-month,Yes,Electronic check,23.39,1434.53,No
2316-OQU,Male,0,No,No,26,Yes,Yes,DSL,Yes,Yes,No,Yes,No,No,Month-to-month,No,Mailed check,68.86,1782.82,Yes
2124-PTB,Female,0,No,No,28,Yes,Yes,No,No internet service,No internet service,No internet service,No internet service,No internet service,No internet service,Two year,No,Electronic check,20.88,594.44,No
6621-QWI,Female,1,Yes,Yes,65,Yes,Yes,Fiber optic,No,Yes,No,Yes,Yes,No,One year,Yes,Electronic check,90.26,5866.34,No
6423-RZP,Female,0,No,No,56,Yes,Yes,Fiber optic,No,Yes,Yes,Yes,No,Yes,Two year,Yes,Electronic check,91.08,5098.1,No
3587-SCW,Male,0,No,No,60,Yes,Yes,No,No internet service,No internet service,No internet service,No internet service,No internet service,No internet service,One year,Yes,Mailed check,24.49,1461.63,No
6672-TFD,Male,1,No,No,28,Yes,Yes,DSL,Yes,Yes,Yes,Yes,No,Yes,Two year,Yes,Bank transfer (automatic),65.41,1828.37,No
2378-UIK,Male,0,No,No,56,Yes,No,Fiber optic,No,Yes,No,No,No,Yes,Month-to-month,No,Electronic check,94.9,5309.27,No
4374-VLR,Male,0,Yes,No,72,Yes,No,Fiber optic,Yes,No,Yes,Yes,Yes,Yes,Month-to-month,Yes,Bank transfer (automatic),87.87,6335.47,No
2519-WOY,Female,0,No,Yes,54,Yes,Yes,Fiber optic,No,Yes,No,Yes,Yes,Yes,Month-to-month,Yes,Electronic check,101.14,5464.83,No
6777-XRF,Male,0,Yes,No,43,Yes,Yes,No,No internet service,No internet service,No internet service,No internet service,No internet service,No internet service,Month-to-month,No,Electronic check,21.99,942.62,No
8935-YUM,Male,0,No,No,27,Yes,Yes,Fiber optic,No,Yes,Yes,No,No,No,Two year,Yes,Electronic check,101.9,2743.16,Yes
7093-ZXT,Female,0,Yes,No,36,Yes,Yes,No,No internet service,No internet service,No internet service,No internet service,No internet service,No internet service,Month-to-month,Yes,Mailed check,24.6,885.56,Yes
9418-AAA,Female,0,No,No,22,Yes,No,Fiber optic,No,No,Yes,Yes,No,Yes,Month-to-month,Yes,Mailed check,109.25,2408.68,No
6355-BDH,Male,0,No,No,68,Yes,No,Fiber optic,No,Yes,Yes,No,No,Yes,Month-to-month,No,Bank transfer (automatic),73.06,4974.69,Yes
5968-CGO,Male,1,No,No,57,Yes,Yes,DSL,No,No,Yes,Yes,Yes,No,Two year,No,Credit card (automatic),84.32,4807.03,No
6574-DJV,Male,0,Yes,No,31,Yes,Yes,No,No internet service,No internet service,No internet service,No internet service,No internet service,No internet service,Month-to-month,Yes,Credit card (automatic),19.9,626.79,Yes
5072-EMC,Female,1,No,No,68,Yes,No,DSL,No,No,Yes,No,Yes,No,Month-to-month,No,Credit card (automatic),70.38,4784.88,No
3257-FPJ,Female,0,No,Yes,35,Yes,No,DSL,No,No,No,No,No,No,Two year,Yes,Credit card (automatic),69.45,2422.39,No
9588-GSQ,Male,0,No,Yes,31,Yes,Yes,DSL,Yes,No,No,No,Yes,Yes,Month-to-month,Yes,Mailed check,45.84,1416.83,No
5424-HVX,Male,0,Yes,No,58,Yes,No,Fiber optic,Yes,Yes,No,No,No,Yes,Two year,No,Credit card (automatic),118.1,6852.94,No
4237-IYE,Female,0,Yes,No,59,Yes,Yes,DSL,No,Yes,No,No,No,No,Month-to-month,Yes,Bank transfer (automatic),61.66,3640.47,No
4893-JBL,Male,0,No,No,26,Yes,Yes,Fiber optic,Yes,No,No,No,No,No,Month-to-month,No,Bank transfer (automatic),109.53,2844.43,Yes
3005-KES,Female,1,Yes,No,23,Yes,Yes,No,No internet service,No internet service,No internet service,No internet service,No internet service,No internet service,One year,Yes,Electronic check,20.84,487.08,No
3016-LHZ,Female,0,No,No,66,Yes,Yes,DSL,No,No,No,No,No,Yes,Two year,No,Mailed check,59.32,3910.35,No
2772-MKG,Male,0,No,No,35,No,No phone service,DSL,Yes,Yes,Yes,No,No,Yes,One year,No,Credit card (automatic),71.29,2490.73,No
9353-NNN,Male,0,No,No,13,No,No phone service,Fiber optic,Yes,Yes,No,Yes,No,No,Two year,Yes,Credit card (automatic),86.63,1126.48,Yes
4976-OQU,Female,0,Yes,Yes,67,Yes,Yes,Fiber optic,No,Yes,Yes,No,Yes,No,Two year,Yes,Mailed check,90.97,6093.72,No
2751-PTB,Female,1,No,No,43,Yes,No,DSL,No,No,No,No,No,No,Two year,Yes,Bank transfer (automatic),63.48,2729.33,No
9967-QWI,Male,0,Yes,No,47,Yes,Yes,Fiber optic,No,Yes,Yes,No,Yes,No,Month-to-month,No,Credit card (automatic),91.03,4281.33,No
8430-RZP,Female,0,Yes,No,31,Yes,Yes,Fiber optic,No,No,No,Yes,Yes,No,One year,No,Electronic check,85.06,2645.9,No
8170-SCW,Male,0,Yes,No,16,Yes,Yes,Fiber optic,Yes,No,No,Yes,Yes,No,Two year,Yes,Electronic check,108.7,1741.7,No
7469-TFD,Male,0,No,Yes,56,Yes,Yes,No,No internet service,No internet service,No internet service,No internet service,No internet service,No internet service,Month-to-month,No,Electronic check,23.66,1320.65,No
4220-UIK,Female,0,No,No,38,Yes,No,No,No internet service,No internet service,No internet service,No internet service,No internet service,No internet service,Month-to-month,No,Electronic check,23.5,902.78,No
1539-VLR,Male,0,Yes,No,31,Yes,Yes,Fiber optic,No,Yes,Yes,No,No,No,One year,Yes,Credit card (automatic),70.99,2207.91,No
2461-WOY,Male,0,Yes,No,67,No,No phone service,DSL,Yes,No,Yes,Yes,Yes,No,Month-to-month,Yes,Bank transfer (automatic),65.23,4367.66,Yes
6184-XRF,Female,0,No,No,1,No,No phone service,Fiber optic,Yes,No,No,Yes,No,No,Month-to-month,No,Mailed check,109.4,108.38,No
9547-YUM,Female,0,No,No,41,Yes,No,DSL,Yes,Yes,Yes,No,No,No,Two year,Yes,Electronic check,44.27,1808.06,No
1234-ZXT,Female,0,No,Yes,37,Yes,No,Fiber optic,Yes,Yes,No,No,Yes,Yes,Month-to-month,Yes,Mailed check,81.61,3019.21,No
2548-AAA,Male,0,No,No,54,Yes,Yes,DSL,Yes,Yes,No,Yes,No,No,One year,No,Credit card (automatic),65.68,3544.81,No
8480-BDH,Male,0,No,No,54,Yes,No,DSL,Yes,Yes,No,No,Yes,No,One year,Yes,Mailed check,59.53,3221.61,No
5213-CGO,Female,0,Yes,Yes,33,Yes,Yes,Fiber optic,Yes,No,No,Yes,Yes,Yes,Month-to-month,No,Electronic check,108.4,3573.13,Yes
2673-DJV,Female,1,Yes,Yes,45,Yes,Yes,Fiber optic,Yes,Yes,No,Yes,No,No,Month-to-month,No,Mailed check,97.04,4370.39,Yes
7708-EMC,Female,0,No,Yes,42,Yes,Yes,DSL,No,No,Yes,No,Yes,No,Two year,Yes,Electronic check,72.63,3044.67,No
8982-FPJ,Male,0,No,No,1,No,No phone service,DSL,No,No,No,No,Yes,No,Two year,Yes,Bank transfer (automatic),45.23,42.38,No
3100-GSQ,Female,0,Yes,No,35,Yes,Yes,No,No internet service,No internet service,No internet service,No internet service,No internet service,No internet service,Month-to-month,Yes,Mailed check,19.17,669.64,No
4748-HVX,Male,1,No,No,69,Yes,Yes,DSL,No,No,Yes,Yes,No,No,Two year,Yes,Electronic check,64.81,4481.63,No
4173-IYE,Female,0,Yes,No,35,Yes,No,Fiber optic,No,No,Yes,No,No,No,Two year,Yes,Credit card (automatic),110.16,3859.38,No
2815-JBL,Male,1,No,No,21,Yes,No,Fiber optic,No,No,No,No,No,No,Month-to-month,Yes,Bank transfer (automatic),73.34,1538.02,No
4841-KES,Male,0,No,No,68,Yes,Yes,Fiber optic,No,No,Yes,Yes,No,No,Month-to-month,Yes,Mailed check,70.93,4826.59,Yes
9016-LHZ,Male,0,Yes,Yes,37,Yes,No,DSL,Yes,No,Yes,No,No,Yes,Two year,Yes,Credit card (automatic),70.56,2601.76,No
8011-MKG,Female,0,Yes,No,53,Yes,Yes,DSL,No,Yes,Yes,No,No,No,One year,No,Bank transfer (automatic),62.7,3316.84,No
5493-NNN,Male,0,Yes,No,21,No,No phone service,Fiber optic,No,No,No,No,Yes,No,Two year,No,Electronic check,84.45,1779.49,No
1674-OQU,Female,0,No,No,30,Yes,No,DSL,No,No,No,No,Yes,No,One year,Yes,Electronic check,50.03,1510.21,Yes
9088-PTB,Female,0,No,No,52,Yes,No,Fiber optic,No,Yes,Yes,No,No,Yes,Month-to-month,Yes,Bank transfer (automatic),84.34,4388.23,Yes
9578-QWI,Male,1,No,No,58,Yes,Yes,No,No internet service,No internet service,No internet service,No internet service,No internet service,No internet service,Month-to-month,No,Electronic check,20.03,1155.99,No
3158-RZP,Male,0,Yes,No,48,Yes,No,No,No internet service,No internet service,No internet service,No internet service,No internet service,No internet service,One year,No,Electronic check,18.61,901.98,Yes
3661-SCW,Female,0,Yes,No,26,Yes,No,No,No internet service,No internet service,No internet service,No internet service,No internet service,No internet service,Month-to-month,No,Bank transfer (automatic),22.3,572.08,No
3064-TFD,Female,0,Yes,Yes,71,Yes,Yes,Fiber optic,No,Yes,No,Yes,No,Yes,Month-to-month,Yes,Credit card (automatic),111.68,7932.47,No
4253-UIK,Male,0,Yes,Yes,56,Yes,Yes,Fiber optic,No,No,Yes,No,No,No,Month-to-month,Yes,Bank transfer (automatic),105.44,5903.28,Yes
5979-VLR,Male,0,Yes,No,5,Yes,Yes,Fiber optic,Yes,No,No,No,No,No,One year,Yes,Mailed check,100.1,509.91,Yes
8703-WOY,Female,0,Yes,No,45,Yes,Yes,DSL,Yes,No,No,No,Yes,No,Month-to-month,Yes,Electronic check,56.28,2529.85,No
9931-XRF,Male,0,Yes,No,24,Yes,No,Fiber optic,No,No,No,No,No,No,Month-to-month,No,Electronic check,95.69,2295.89,No
2401-YUM,Female,0,No,No,8,Yes,No,No,No internet service,No internet service,No internet service,No internet service,No internet service,No internet service,Month-to-month,Yes,Bank transfer (automatic),20.1,167.97,No
4259-ZXT,Male,0,No,No,63,Yes,No,DSL,No,Yes,Yes,No,No,No,Month-to-month,No,Credit card (automatic),50.2,3158.89,No
4923-AAA,Male,0,Yes,No,30,Yes,Yes,Fiber optic,No,Yes,Yes,No,No,Yes,Two year,No,Electronic check,74.6,2236.07,Yes
5214-BDH,Female,0,No,Yes,18,Yes,Yes,No,No internet service,No internet service,No internet service,No internet service,No internet service,No internet service,Month-to-month,No,Bank transfer (automatic),18.81,339.35,No
4227-CGO,Male,1,Yes,Yes,64,Yes,Yes,DSL,No,Yes,No,No,Yes,No,Two year,No,Bank transfer (automatic),63.01,4033.99,No
3745-DJV,Female,0,No,No,16,Yes,No,No,No internet service,No internet service,No internet service,No internet service,No internet service,No internet service,One year,Yes,Mailed check,23.11,362.03,No
7091-EMC,Male,0,No,No,33,No,No phone service,Fiber optic,No,No,No,Yes,No,Yes,One year,No,Electronic check,92.84,3060.07,No
4866-FPJ,Male,0,Yes,Yes,35,Yes,No,Fiber optic,No,No,Yes,No,No,Yes,Two year,Yes,Bank transfer (automatic),98.88,3454.93,No
6818-GSQ,Male,1,Yes,No,12,Yes,No,DSL,No,Yes,No,Yes,Yes,No,Month-to-month,No,Mailed check,67.22,816.07,No
3222-HVX,Female,0,Yes,Yes,58,Yes,No,Fiber optic,No,No,No,Yes,No,Yes,Month-to-month,Yes,Mailed check,84.92,4920.86,Yes
3792-IYE,Female,0,No,No,20,Yes,Yes,No,No internet service,No internet service,No internet service,No internet service,No internet service,No internet service,Month-to-month,No,Electronic check,24.46,479.47,No
5063-JBL,Female,0,No,No,64,Yes,Yes,DSL,No,No,Yes,No,Yes,No,Month-to-month,Yes,Bank transfer (automatic),74.17,4738.96,No
2524-KES,Male,1,Yes,Yes,5,Yes,Yes,Fiber optic,Yes,No,Yes,No,Yes,Yes,Month-to-month,No,Electronic check,105.22,526.47,Yes
9224-LHZ,Male,0,Yes,Yes,10,Yes,No,No,No internet service,No internet service,No internet service,No internet service,No internet service,No internet service,One year,Yes,Electronic check,21.67,219.63,No
7198-MKG,Male,0,No,Yes,21,Yes,No,No,No internet service,No internet service,No internet service,No internet service,No internet service,No internet service,Month-to-month,Yes,Electronic check,19.53,401.68,Yes
5025-NNN,Female,0,Yes,Yes,10,Yes,Yes,Fiber optic,Yes,No,No,No,No,No,Month-to-month,Yes,Credit card (automatic),90.96,900.36,Yes
3566-OQU,Male,1,Yes,No,36,Yes,No,DSL,No,Yes,No,No,No,No,Month-to-month,Yes,Electronic check,53.19,1912.44,No
3803-PTB,Male,0,No,No,25,Yes,No,Fiber optic,No,No,No,No,Yes,Yes,Two year,Yes,Mailed check,79.23,1979.5,Yes
4709-QWI,Male,0,Yes,No,56,Yes,Yes,Fiber optic,No,No,Yes,No,No,Yes,One year,No,Bank transfer (automatic),74.93,4191.62,No
7155-RZP,Female,0,No,No,25,No,No phone service,No,No internet service,No internet service,No internet service,No internet service,No internet service,No internet service,Month-to-month,No,Mailed check,20.06,497.15,Yes
1719-SCW,Female,0,No,No,20,Yes,No,No,No internet service,No internet service,No internet service,No internet service,No internet service,No internet service,Month-to-month,No,Bank transfer (automatic),22.8,458.85,Yes
7516-TFD,Male,0,Yes,No,56,Yes,No,DSL,Yes,No,No,Yes,No,Yes,One year,No,Electronic check,75.75,4242.71,No
5579-UIK,Male,0,No,Yes,25,Yes,Yes,No,No internet service,No internet service,No internet service,No internet service,No internet service,No internet service,Two year,No,Credit card (automatic),24.56,607.42,No
1972-VLR,Female,1,No,Yes,14,Yes,No,Fiber optic,Yes,No,Yes,Yes,No,No,One year,No,Mailed check,94.15,1315.7,No
4718-WOY,Male,0,No,No,62,Yes,No,Fiber optic,Yes,No,Yes,No,Yes,Yes,Two year,Yes,Mailed check,101.98,6315.49,No
8395-XRF,Female,1,Yes,No,34,Yes,Yes,Fiber optic,No,Yes,Yes,No,No,No,One year,No,Mailed check,116.05,3937.49,No
5402-YUM,Male,0,No,No,10,Yes,Yes,DSL,Yes,Yes,Yes,Yes,Yes,No,Month-to-month,No,Bank transfer (automatic),71.55,719.58,Yes
5552-ZXT,Male,0,No,Yes,72,Yes,Yes,No,No internet service,No internet service,No internet service,No internet service,No internet service,No internet service,One year,Yes,Electronic check,23.05,1667.18,No
3207-AAA,Female,0,No,Yes,67,Yes,Yes,DSL,Yes,Yes,Yes,No,Yes,No,One year,No,Mailed check,76.01,5090.23,No
5426-BDH,Male,0,No,No,49,Yes,Yes,No,No internet service,No internet service,No internet service,No internet service,No internet service,No internet service,Month-to-month,Yes,Bank transfer (automatic),19.9,967.16,Yes
7919-CGO,Female,1,No,No,28,Yes,Yes,No,No internet service,No internet service,No internet service,No internet service,No internet service,No internet service,Two year,Yes,Mailed check,23.47,651.07,No
9835-DJV,Female,0,No,No,63,Yes,Yes,Fiber optic,No,Yes,No,No,No,No,Month-to-month,No,Electronic check,113.48,7156.36,Yes
9386-EMC,Male,0,Yes,Yes,40,Yes,Yes,Fiber optic,Yes,No,Yes,No,No,Yes,Month-to-month,Yes,Bank transfer (automatic),73.23,2922.57,Yes
9680-FPJ,Female,0,No,No,25,Yes,No,Fiber optic,No,No,Yes,No,Yes,No,Month-to-month,Yes,Mailed check,114.24,2849.71,Yes
3204-GSQ,Female,0,No,No,27,Yes,No,DSL,No,Yes,No,No,No,Yes,Month-to-month,Yes,Electronic check,56.4,1516.57,Yes
6345-HVX,Female,0,Yes,Yes,47,Yes,Yes,Fiber optic,Yes,Yes,No,Yes,Yes,No,Two year,No,Credit card (automatic),111.93,5264.85,No
4276-IYE,Female,0,Yes,Yes,65,Yes,Yes,DSL,No,No,No,No,No,No,Month-to-month,No,Electronic check,46.06,2985.22,No
2102-JBL,Female,0,No,No,22,Yes,Yes,No,No internet service,No internet service,No internet service,No internet service,No internet service,No internet service,Two year,Yes,Electronic check,24.49,546.59,No
6243-KES,Female,0,Yes,No,38,Yes,Yes,Fiber optic,No,No,Yes,Yes,Yes,Yes,Month-to-month,Yes,Bank transfer (automatic),85.49,3251.78,No
7614-LHZ,Male,0,Yes,Yes,68,Yes,No,No,No internet service,No internet service,No internet service,No internet service,No internet service,No internet service,One year,No,Bank transfer (automatic),23.47,1594.04,No
9707-MKG,Female,0,Yes,No,20,No,No phone service,Fiber optic,No,Yes,No,Yes,Yes,No,Month-to-month,No,Mailed check,74.29,1475.91,No
6223-NNN,Male,0,No,No,48,Yes,Yes,Fiber optic,No,Yes,No,No,Yes,Yes,Month-to-month,No,Mailed check,109.45,5250.14,Yes
9584-OQU,Female,0,Yes,No,35,No,No phone service,DSL,No,No,Yes,No,Yes,Yes,Month-to-month,Yes,Credit card (automatic),58.4,2040.68,Yes
1630-PTB,Female,1,No,No,36,Yes,No,Fiber optic,No,Yes,No,Yes,No,No,Month-to-month,Yes,Electronic check,113.44,4079.25,No
7683-QWI,Female,0,Yes,No,41,Yes,Yes,Fiber optic,Yes,No,Yes,Yes,No,No,Month-to-month,No,Mailed check,95.13,3896.07,No
1277-RZP,Male,0,No,No,61,Yes,Yes,Fiber optic,No,No,No,Yes,No,Yes,Month-to-month,No,Credit card (automatic),114.27,6965.05,Yes
1232-SCW,Male,0,No,No,5,Yes,Yes,DSL,No,No,No,No,No,No,Month-to-month,Yes,Electronic check,65.25,329.2,Yes
6690-TFD,Male,0,No,No,7,Yes,No,No,No internet service,No internet service,No internet service,No internet service,No internet service,No internet service,Month-to-month,No,Electronic check,24.12,172.12,Yes
8659-UIK,Female,0,No,No,68,Yes,Yes,DSL,No,No,No,No,No,Yes,One year,Yes,Mailed check,64.87,4419.69,No
1025-VLR,Male,0,No,No,39,Yes,Yes,Fiber optic,No,Yes,No,No,No,No,Month-to-month,No,Bank transfer (automatic),91.19,3557.7,Yes
8468-WOY,Female,0,No,Yes,9,Yes,No,DSL,Yes,Yes,No,No,Yes,No,Two year,Yes,Electronic check,75.13,674.37,No
7410-XRF,Female,0,Yes,No,30,Yes,No,No,No internet service,No internet service,No internet service,No internet service,No internet service,No internet service,Two year,No,Electronic check,20.67,623.23,No
9652-YUM,Male,1,No,Yes,29,Yes,Yes,Fiber optic,No,Yes,No,Yes,Yes,Yes,Month-to-month,Yes,Electronic check,106.14,3073.0,Yes
4764-ZXT,Female,1,No,No,50,Yes,Yes,Fiber optic,No,No,No,Yes,No,No,Two year,No,Mailed check,91.64,4589.6,No
7599-AAA,Male,0,Yes,No,35,Yes,No,Fiber optic,Yes,Yes,No,No,No,Yes,Month-to-month,Yes,Credit card (automatic),79.11,2771.17,No
6102-BDH,Female,0,No,No,60,No,No phone service,No,No internet service,No internet service,No internet service,No internet service,No internet service,No internet service,Month-to-month,No,Electronic check,24.84,1490.1,No
8006-CGO,Male,0,No,No,26,Yes,Yes,Fiber optic,Yes,No,No,Yes,No,No,Month-to-month,No,Electronic check,83.32,2160.15,Yes
4483-DJV,Male,0,Yes,Yes,34,Yes,Yes,DSL,Yes,Yes,Yes,Yes,No,No,Month-to-month,No,Credit card (automatic),58.75,1987.75,No
2994-EMC,Male,0,No,No,59,Yes,Yes,Fiber optic,Yes,No,Yes,No,No,Yes,Two year,No,Credit card (automatic),95.7,5639.96,No
9682-FPJ,Female,0,No,Yes,31,Yes,Yes,Fiber optic,No,No,No,Yes,No,Yes,Month-to-month,No,Electronic check,109.06,3386.39,No
2072-GSQ,Female,0,Yes,No,3,Yes,Yes,Fiber optic,Yes,No,No,No,No,No,Month-to-month,No,Mailed check,92.26,275.41,Yes
7707-HVX,Male,0,Yes,Yes,26,Yes,No,Fiber optic,No,No,Yes,No,Yes,No,Month-to-month,Yes,Electronic check,81.74,2131.32,No
1215-IYE,Female,0,No,Yes,46,Yes,No,Fiber optic,Yes,No,No,No,Yes,No,Two year,Yes,Electronic check,103.41,4751.66,No
8605-JBL,Male,1,No,No,5,Yes,No,Fiber optic,No,Yes,No,No,Yes,No,Month-to-month,No,Mailed check,107.92,532.5,Yes
3606-KES,Male,0,Yes,No,25,No,No phone service,DSL,Yes,Yes,No,No,Yes,No,One year,Yes,Bank transfer (automatic),77.05,1920.41,Yes
9350-LHZ,Female,1,No,Yes,23,Yes,Yes,Fiber optic,Yes,Yes,Yes,No,No,No,One year,Yes,Electronic check,96.18,2216.91,No
5781-MKG,Male,0,No,No,70,Yes,No,Fiber optic,No,No,Yes,Yes,No,No,Month-to-month,Yes,Electronic check,103.54,7250.33,No
4313-NNN,Male,1,No,No,43,Yes,No,DSL,No,Yes,No,No,Yes,No,Month-to-month,No,Bank transfer (automatic),58.13,2506.66,No
8763-OQU,Female,0,No,No,13,Yes,No,Fiber optic,No,No,Yes,No,No,No,Month-to-month,Yes,Credit card (automatic),77.08,1003.4,Yes
6939-PTB,Female,0,No,No,12,Yes,Yes,Fiber optic,No,No,Yes,Yes,No,No,Month-to-month,No,Credit card (automatic),77.42,931.52,No
3295-QWI,Female,0,No,No,25,Yes,No,Fiber optic,Yes,No,Yes,No,No,No,Two year,Yes,Bank transfer (automatic),72.09,1799.53,No
6685-RZP,Female,0,No,Yes,42,No,No phone service,No,No internet service,No internet service,No internet service,No internet service,No internet service,No internet service,Month-to-month,Yes,Bank transfer (automatic),19.83,836.74,No
2696-SCW,Male,0,No,No,42,Yes,Yes,Fiber optic,No,Yes,No,No,Yes,No,Month-to-month,No,Electronic check,102.15,4287.63,No
2946-TFD,Female,0,No,Yes,65,No,No phone service,Fiber optic,Yes,No,Yes,Yes,No,Yes,Month-to-month,No,Bank transfer (automatic),114.3,7429.38,No
3783-UIK,Male,0,No,Yes,27,Yes,No,Fiber optic,Yes,No,No,No,Yes,No,Two year,Yes,Electronic check,108.66,2925.17,No
4644-VLR,Female,0,No,No,0,Yes,Yes,Fiber optic,No,No,No,No,No,No,Two year,No,Bank transfer (automatic),107.36, ,Yes
6241-WOY,Male,0,Yes,No,11,Yes,No,DSL,Yes,Yes,No,No,No,Yes,Month-to-month,Yes,Electronic check,81.29,890.66,Yes
7420-XRF,Male,0,No,No,49,Yes,Yes,No,No internet service,No internet service,No internet service,No internet service,No internet service,No internet service,Month-to-month,No,Bank transfer (automatic),19.79,962.26,No
8557-YUM,Female,0,Yes,Yes,52,Yes,Yes,No,No internet service,No internet service,No internet service,No internet service,No internet service,No internet service,One year,Yes,Mailed check,18.65,969.2,No
3645-ZXT,Female,1,Yes,Yes,59,Yes,No,Fiber optic,Yes,No,No,Yes,Yes,No,Two year,Yes,Mailed check,90.47,5328.97,No
7589-AAA,Male,0,No,No,54,Yes,Yes,DSL,No,Yes,No,No,Yes,No,Two year,Yes,Electronic check,59.44,3206.88,No
7353-BDH,Male,0,No,No,34,Yes,No,DSL,Yes,No,No,No,No,Yes,Month-to-month,Yes,Bank transfer (automatic),68.49,2328.38,Yes
2932-CGO,Female,1,No,No,60,Yes,No,Fiber optic,No,No,No,Yes,Yes,No,Two year,No,Bank transfer (automatic),93.53,5612.83,No
2757-DJV,Female,0,No,No,25,Yes,Yes,Fiber optic,Yes,Yes,No,No,Yes,No,Month-to-month,No,Electronic check,106.48,2656.84,Yes
6085-EMC,Female,0,Yes,No,30,Yes,No,Fiber optic,No,No,No,No,Yes,Yes,Month-to-month,No,Mailed check,108.82,3255.56,No
6637-FPJ,Female,0,No,No,56,Yes,No,Fiber optic,No,No,Yes,No,Yes,No,Month-to-month,Yes,Credit card (automatic),98.13,5485.38,Yes
2116-GSQ,Male,0,Yes,No,11,No,No phone service,Fiber optic,No,No,Yes,Yes,No,No,Two year,Yes,Electronic check,80.13,875.47,Yes
1492-HVX,Male,0,No,No,4,Yes,Yes,Fiber optic,No,No,Yes,No,No,No,One year,Yes,Electronic check,112.82,451.0,Yes
9811-IYE,Female,0,Yes,No,6,Yes,No,No,No internet service,No internet service,No internet service,No internet service,No internet service,No internet service,Two year,Yes,Credit card (automatic),20.03,117.36,No
8888-JBL,Male,0,No,No,15,No,No phone service,Fiber optic,No,No,No,No,No,Yes,One year,No,Bank transfer (automatic),107.31,1612.21,Yes
7474-KES,Female,0,Yes,No,51,Yes,Yes,DSL,Yes,Yes,No,No,No,Yes,Month-to-month,No,Electronic check,64.83,3302.57,No
5958-LHZ,Male,0,No,No,20,Yes,No,Fiber optic,No,Yes,No,Yes,Yes,No,Month-to-month,Yes,Bank transfer (automatic),97.14,1943.86,Yes
3743-MKG,Female,1,Yes,No,26,Yes,Yes,Fiber optic,No,No,No,Yes,No,No,Month-to-month,Yes,Electronic check,77.86,2031.6,Yes
8866-NNN,Female,0,Yes,Yes,22,No,No phone service,Fiber optic,No,No,No,Yes,Yes,Yes,Month-to-month,Yes,Credit card (automatic),97.82,2152.31,Yes
8160-OQU,Female,1,Yes,No,71,Yes,No,Fiber optic,No,No,Yes,No,Yes,No,Month-to-month,Yes,Mailed check,110.69,7860.1,No
6451-PTB,Female,0,No,No,24,Yes,Yes,DSL,Yes,Yes,No,No,No,No,Month-to-month,No,Electronic check,61.92,1488.86,Yes
6258-QWI,Male,0,No,No,10,Yes,No,No,No internet service,No internet service,No internet service,No internet service,No internet service,No internet service,Month-to-month,No,Electronic check,20.43,200.03,No
9548-RZP,Male,0,Yes,No,62,Yes,No,Fiber optic,Yes,No,Yes,No,No,No,Month-to-month,No,Mailed check,83.11,5157.52,No
8186-SCW,Female,0,No,Yes,56,Yes,Yes,No,No internet service,No internet service,No internet service,No internet service,No internet service,No internet service,Two year,Yes,Bank transfer (automatic),21.44,1205.99,No
7102-TFD,Male,0,No,No,53,Yes,No,Fiber optic,Yes,No,Yes,Yes,No,No,Month-to-month,Yes,Credit card (automatic),82.02,4340.29,Yes
1619-UIK,Female,0,Yes,No,9,Yes,No,DSL,No,No,Yes,Yes,Yes,Yes,Month-to-month,Yes,Electronic check,61.99,559.28,Yes
1882-VLR,Male,0,Yes,No,49,No,No phone service,DSL,Yes,No,No,No,No,No,Month-to-month,Yes,Credit card (automatic),64.39,3153.97,No
9988-WOY,Female,0,Yes,No,72,No,No phone service,No,No internet service,No internet service,No internet service,No internet service,No internet service,No internet service,One year,No,Credit card (automatic),19.4,1389.05,No
4642-XRF,Female,0,Yes,Yes,0,Yes,No,No,No internet service,No internet service,No internet service,No internet service,No internet service,No internet service,Month-to-month,Yes,Credit card (automatic),24.02, ,No
2296-YUM,Female,0,Yes,Yes,69,Yes,Yes,DSL,No,No,Yes,No,No,Yes,Two year,No,Electronic check,73.55,5083.68,No
9436-ZXT,Male,0,Yes,No,29,Yes,No,No,No internet service,No internet service,No internet service,No internet service,No internet service,No internet service,One year,No,Electronic check,23.77,685.53,No
3895-AAA,Male,0,Yes,No,54,Yes,No,DSL,No,No,No,No,No,No,Month-to-month,No,Credit card (automatic),79.39,4286.35,Yes
7593-BDH,Female,0,No,No,5,Yes,Yes,No,No internet service,No internet service,No internet service,No internet service,No internet service,No internet service,Two year,No,Electronic check,21.69,105.76,No
1929-CGO,Female,0,No,No,23,Yes,Yes,DSL,No,Yes,No,No,No,No,Month-to-month,Yes,Mailed check,80.24,1850.26,No
6366-DJV,Female,0,No,No,4,Yes,No,DSL,Yes,No,Yes,No,No,Yes,Month-to-month,Yes,Mailed check,68.41,276.19,Yes
9711-EMC,Male,0,No,No,6,Yes,No,DSL,Yes,No,Yes,Yes,No,Yes,Two year,Yes,Electronic check,83.37,503.13,No
4212-FPJ,Male,0,Yes,No,2,Yes,No,DSL,No,Yes,No,No,No,No,Month-to-month,No,Electronic check,61.61,114.22,Yes
3409-GSQ,Female,1,Yes,No,12,Yes,No,Fiber optic,No,No,No,No,No,No,One year,No,Bank transfer (automatic),107.93,1304.68,No
9199-HVX,Female,0,Yes,No,53,Yes,No,Fiber optic,Yes,No,No,Yes,No,No,Two year,Yes,Electronic check,87.08,4610.88,No
4423-IYE,Male,0,No,No,62,Yes,No,DSL,No,No,No,No,Yes,Yes,Month-to-month,No,Electronic check,49.24,3045.72,No
7976-JBL,Female,1,No,Yes,5,Yes,No,DSL,Yes,Yes,Yes,No,Yes,Yes,Month-to-month,No,Mailed check,79.39,391.47,No
8594-KES,Female,1,Yes,No,46,No,No phone service,DSL,No,No,Yes,No,No,No,Two year,Yes,Mailed check,72.65,3346.09,No
6158-LHZ,Female,1,Yes,Yes,54,Yes,No,Fiber optic,Yes,Yes,No,No,Yes,Yes,Month-to-month,No,Electronic check,98.4,5323.01,No
4667-MKG,Female,0,No,Yes,48,Yes,No,No,No internet service,No internet service,No internet service,No internet service,No internet service,No internet service,One year,No,Credit card (automatic),24.67,1179.82,No
6973-NNN,Male,0,No,No,56,Yes,Yes,DSL,Yes,Yes,Yes,No,Yes,No,Month-to-month,Yes,Bank transfer (automatic),76.33,4269.71,No
7236-OQU,Male,0,Yes,No,2,Yes,No,Fiber optic,Yes,No,No,Yes,Yes,No,One year,Yes,Electronic check,73.52,155.98,Yes
9277-PTB,Female,0,Yes,No,21,Yes,Yes,DSL,Yes,Yes,No,No,Yes,No,One year,No,Electronic check,45.76,963.3,No
3468-QWI,Male,0,No,No,34,Yes,Yes,Fiber optic,No,No,Yes,No,No,No,Month-to-month,Yes,Credit card (automatic),98.14,3337.71,Yes
7217-RZP,Female,0,Yes,No,27,Yes,No,Fiber optic,No,No,No,Yes,Yes,No,Two year,Yes,Bank transfer (automatic),92.24,2486.11,No
4619-SCW,Male,1,No,No,41,Yes,No,No,No internet service,No internet service,No internet service,No internet service,No internet service,No internet service,Month-to-month,No,Bank transfer (automatic),18.6,763.29,No
2636-TFD,Male,0,No,No,11,Yes,Yes,No,No internet service,No internet service,No internet service,No internet service,No internet service,No internet service,Month-to-month,Yes,Electronic check,18.91,198.19,Yes
9155-UIK,Male,0,No,No,0,No,No phone service,Fiber optic,Yes,Yes,Yes,Yes,Yes,Yes,Month-to-month,Yes,Credit card (automatic),86.66, ,No
4583-VLR,Female,0,Yes,No,22,Yes,Yes,Fiber optic,Yes,No,No,No,No,No,Month-to-month,No,Electronic check,90.84,1999.64,Yes
5009-WOY,Female,0,Yes,No,27,Yes,Yes,DSL,No,No,Yes,Yes,No,No,Month-to-month,Yes,Bank transfer (automatic),73.6,1986.77,No
4326-XRF,Female,0,Yes,No,68,Yes,No,No,No internet service,No internet service,No internet service,No internet service,No internet service,No internet service,Month-to-month,No,Electronic check,23.43,1595.24,Yes
9148-YUM,Male,0,No,No,35,Yes,Yes,DSL,Yes,Yes,No,No,No,No,Month-to-month,Yes,Credit card (automatic),65.87,2310.31,Yes
3217-ZXT,Female,1,No,No,53,Yes,Yes,DSL,Yes,Yes,Yes,No,No,No,Two year,No,Electronic check,50.0,2643.54,No
5967-AAA,Male,0,No,No,46,Yes,Yes,No,No internet service,No internet service,No internet service,No internet service,No internet service,No internet service,Month-to-month,No,Credit card (automatic),20.65,943.46,No
3369-BDH,Male,0,No,No,55,Yes,Yes,No,No internet service,No internet service,No internet service,No internet service,No internet service,No internet service,Month-to-month,Yes,Electronic check,23.7,1302.41,No
4638-CGO,Male,1,No,Yes,9,Yes,No,DSL,No,No,No,No,Yes,Yes,One year,Yes,Bank transfer (automatic),81.44,737.67,No
6722-DJV,Male,0,Yes,Yes,4,Yes,Yes,DSL,No,Yes,No,No,Yes,Yes,One year,Yes,Credit card (automatic),56.48,219.22,No
5444-EMC,Female,0,Yes,Yes,13,Yes,No,Fiber optic,Yes,No,No,Yes,No,No,Two year,Yes,Mailed check,72.72,943.78,No
8618-FPJ,Female,0,Yes,No,23,Yes,Yes,No,No internet service,No internet service,No internet service,No internet service,No internet service,No internet service,Two year,No,Mailed check,20.12,463.95,No
4947-GSQ,Female,0,Yes,No,62,Yes,Yes,Fiber optic,Yes,Yes,No,No,Yes,Yes,Two year,Yes,Credit card (automatic),110.04,6823.3,Yes
2676-HVX,Male,0,No,No,27,Yes,No,DSL,No,No,No,No,No,No,Month-to-month,Yes,Electronic check,60.32,1636.13,Yes
2196-IYE,Female,0,No,No,20,Yes,Yes,DSL,No,No,Yes,No,No,Yes,Month-to-month,Yes,Mailed check,49.46,986.23,Yes
3787-JBL,Male,1,Yes,No,19,Yes,No,Fiber optic,No,No,Yes,Yes,No,Yes,Month-to-month,Yes,Mailed check,103.49,1959.8,Yes
8432-KES,Female,0,No,Yes,61,Yes,No,Fiber optic,Yes,Yes,No,No,No,Yes,Two year,No,Mailed check,110.55,6737.94,No
8927-LHZ,Female,0,Yes,Yes,50,Yes,No,DSL,No,Yes,No,No,No,Yes,Two year,Yes,Electronic check,69.94,3503.71,No
4318-MKG,Male,0,Yes,No,39,Yes,No,No,No internet service,No internet service,No internet service,No internet service,No internet service,No internet service,One year,No,Electronic check,23.52,917.23,Yes
9858-NNN,Female,0,No,No,64,Yes,Yes,DSL,No,No,No,Yes,No,Yes,Month-to-month,Yes,Electronic check,78.67,5033.11,No
7689-OQU,Female,0,No,No,27,Yes,No,DSL,No,No,Yes,Yes,No,Yes,Two year,No,Electronic check,55.25,1495.63,No
3176-PTB,Male,0,Yes,Yes,53,Yes,Yes,Fiber optic,No,Yes,No,Yes,Yes,Yes,Two year,Yes,Electronic check,103.72,5496.37,No
4743-QWI,Female,1,No,Yes,1,Yes,No,No,No internet service,No internet service,No internet service,No internet service,No internet service,No internet service,Two year,No,Electronic check,23.77,33.75,No
9792-RZP,Female,0,Yes,No,13,Yes,No,Fiber optic,No,No,No,No,No,Yes,Month-to-month,Yes,Electronic check,70.6,916.33,No
5422-SCW,Female,0,Yes,Yes,13,No,No phone service,Fiber optic,Yes,Yes,Yes,Yes,No,No,Month-to-month,No,Mailed check,109.65,1422.9,Yes
4824-TFD,Female,0,No,No,43,Yes,Yes,Fiber optic,Yes,No,Yes,Yes,No,No,One year,No,Credit card (automatic),104.42,4497.89,No
3451-UIK,Male,0,Yes,Yes,39,Yes,No,No,No internet service,No internet service,No internet service,No internet service,No internet service,No internet service,One year,No,Bank transfer (automatic),21.99,850.04,No
1628-VLR,Male,0,Yes,No,33,No,No phone service,DSL,No,Yes,No,No,No,Yes,Two year,Yes,Credit card (automatic),44.16,1448.81,No
8778-WOY,Female,1,Yes,No,64,Yes,No,Fiber optic,No,Yes,No,No,No,No,One year,Yes,Electronic check,74.46,4764.85,Yes
4696-XRF,Female,0,Yes,Yes,17,Yes,Yes,Fiber optic,No,No,Yes,Yes,Yes,Yes,Two year,Yes,Electronic check,87.27,1493.38,No
4674-YUM,Female,0,Yes,No,33,Yes,No,No,No internet service,No internet service,No internet service,No internet service,No internet service,No internet service,Month-to-month,Yes,Mailed check,19.48,639.98,Yes
4929-ZXT,Male,1,Yes,No,48,Yes,No,Fiber optic,No,Yes,Yes,No,No,No,Month-to-month,Yes,Electronic check,78.69,3781.02,No
3765-AAA,Female,0,Yes,Yes,54,Yes,Yes,DSL,Yes,No,No,No,No,No,Month-to-month,No,Credit card (automatic),56.4,3045.35,No
5369-BDH,Female,1,No,No,61,No,No phone service,DSL,Yes,Yes,No,No,No,Yes,Month-to-month,No,Electronic check,44.32,2707.82,No
9307-CGO,Male,0,Yes,No,69,No,No phone service,Fiber optic,Yes,No,No,No,Yes,Yes,Two year,No,Bank transfer (automatic),75.6,5213.24,No
5956-DJV,Male,0,Yes,Yes,23,Yes,Yes,Fiber optic,No,No,Yes,Yes,Yes,No,Two year,Yes,Mailed check,90.72,2094.58,No
1692-EMC,Female,0,Yes,Yes,47,No,No phone service,No,No internet service,No internet service,No internet service,No internet service,No internet service,No internet service,Two year,No,Mailed check,22.77,1062.09,No
4162-FPJ,Female,0,No,Yes,38,Yes,Yes,DSL,No,No,Yes,Yes,No,Yes,Month-to-month,No,Credit card (automatic),63.11,2404.3,Yes
2105-GSQ,Female,0,Yes,No,47,Yes,Yes,Fiber optic,No,No,No,No,Yes,No,Two year,No,Electronic check,117.8,5528.18,No
4008-HVX,Female,0,No,No,69,Yes,No,No,No internet service,No internet service,No internet service,No internet service,No internet service,No internet service,Month-to-month,No,Electronic check,18.47,1284.25,No
3161-IYE,Male,0,Yes,Yes,8,No,No phone service,No,No internet service,No internet service,No internet service,No internet service,No internet service,No internet service,One year,No,Mailed check,22.9,177.06,No
9345-JBL,Male,0,No,No,28,Yes,No,Fiber optic,No,No,No,No,No,No,Month-to-month,Yes,Electronic check,101.51,2839.91,No
4699-KES,Male,0,Yes,Yes,67,No,No phone service,DSL,Yes,No,No,No,No,No,Month-to-month,No,Mailed check,72.02,4823.28,No
4786-LHZ,Female,0,Yes,No,59,No,No phone service,Fiber optic,Yes,No,Yes,No,No,Yes,One year,No,Mailed check,90.31,5337.78,No
5200-MKG,Female,0,No,Yes,25,No,No phone service,DSL,Yes,No,No,Yes,Yes,No,One year,Yes,Credit card (automatic),59.59,1480.18,No
2913-NNN,Female,0,No,No,37,Yes,Yes,DSL,No,No,No,Yes,Yes,Yes,Two year,No,Credit card (automatic),79.6,2940.44,No
6520-OQU,Female,0,No,No,61,Yes,Yes,DSL,Yes,Yes,No,No,No,No,Two year,Yes,Credit card (automatic),50.46,3079.64,No
2772-PTB,Male,0,Yes,No,25,Yes,Yes,DSL,No,Yes,Yes,No,No,No,Two year,No,Bank transfer (automatic),56.49,1413.55,No
3780-QWI,Female,0,Yes,No,13,Yes,No,Fiber optic,No,No,No,No,Yes,No,One year,Yes,Bank transfer (automatic),77.34,999.21,Yes
8423-RZP,Female,1,No,Yes,48,No,No phone service,Fiber optic,Yes,Yes,No,No,Yes,No,Month-to-month,Yes,Mailed check,76.23,3657.96,Yes
3871-SCW,Female,0,No,Yes,42,Yes,No,DSL,No,No,Yes,No,No,No,Month-to-month,Yes,Bank transfer (automatic),60.39,2526.82,No
1660-TFD,Female,0,No,No,7,Yes,Yes,No,No internet service,No internet service,No internet service,No internet service,No internet service,No internet service,Two year,No,Credit card (automatic),24.45,176.98,No
7242-UIK,Female,1,No,No,39,Yes,No,DSL,No,Yes,No,No,Yes,No,Month-to-month,No,Electronic check,81.27,3162.17,No
2132-VLR,Male,1,Yes,No,24,Yes,Yes,Fiber optic,No,Yes,No,No,Yes,Yes,One year,Yes,Electronic check,102.31,2448.76,No
1699-WOY,Female,0,Yes,No,62,Yes,No,Fiber optic,No,Yes,No,Yes,No,No,One year,No,Electronic check,94.3,5845.25,Yes
8470-XRF,Male,0,No,No,3,No,No phone service,Fiber optic,No,No,Yes,No,No,No,Month-to-month,Yes,Mailed check,98.22,301.36,Yes
7297-YUM,Female,0,No,No,14,No,No phone service,DSL,No,No,No,No,No,Yes,Month-to-month,Yes,Credit card (automatic),70.49,985.11,Yes
8812-ZXT,Female,0,No,Yes,15,Yes,No,No,No internet service,No internet service,No internet service,No internet service,No internet service,No internet service,Two year,Yes,Mailed check,21.62,324.04,No
5557-AAA,Male,1,No,No,53,Yes,No,Fiber optic,No,No,Yes,No,Yes,Yes,Month-to-month,Yes,Credit card (automatic),95.79,5067.67,No
3179-BDH,Female,0,No,Yes,10,Yes,No,Fiber optic,No,Yes,No,Yes,Yes,No,One year,No,Credit card (automatic),109.27,1091.47,Yes
9275-CGO,Male,0,No,No,27,Yes,No,No,No internet service,No internet service,No internet service,No internet service,No internet service,No internet service,Month-to-month,Yes,Electronic check,23.92,654.24,Yes
2422-DJV,Female,0,No,No,6,No,No phone service,DSL,Yes,No,Yes,Yes,Yes,No,Month-to-month,Yes,Electronic check,65.4,383.53,Yes
4180-EMC,Male,0,No,No,37,Yes,Yes,No,No internet service,No internet service,No internet service,No internet service,No internet service,No internet service,Two year,Yes,Mailed check,22.15,816.32,No
5316-FPJ,Male,0,Yes,No,23,Yes,No,Fiber optic,Yes,No,Yes,Yes,Yes,No,Month-to-month,No,Mailed check,78.48,1806.38,No
7696-GSQ,Male,0,No,No,67,Yes,No,DSL,No,Yes,Yes,Yes,No,No,Two year,No,Bank transfer (automatic),59.35,3982.24,No
1614-HVX,Male,0,No,No,36,Yes,Yes,Fiber optic,Yes,No,No,No,No,Yes,One year,Yes,Bank transfer (automatic),96.48,3479.59,No
5570-IYE,Male,0,Yes,No,34,Yes,Yes,Fiber optic,No,Yes,Yes,Yes,Yes,Yes,Month-to-month,Yes,Electronic check,91.4,3098.53,Yes
1270-JBL,Female,0,No,No,5,Yes,No,Fiber optic,No,Yes,Yes,No,No,Yes,Month-to-month,No,Mailed check,107.45,545.37,Yes
3468-KES,Male,0,Yes,No,32,Yes,Yes,No,No internet service,No internet service,No internet service,No internet service,No internet service,No internet service,One year,No,Mailed check,19.71,630.45,No
4607-LHZ,Male,0,No,No,53,Yes,Yes,Fiber optic,No,Yes,No,Yes,No,No,Month-to-month,Yes,Credit card (automatic),81.14,4290.9,No
4075-MKG,Female,0,No,No,13,Yes,Yes,DSL,No,No,No,No,No,Yes,One year,Yes,Bank transfer (automatic),81.97,1065.68,No
1289-NNN,Female,1,No,No,18,Yes,Yes,No,No internet service,No internet service,No internet service,No internet service,No internet service,No internet service,One year,Yes,Electronic check,19.02,349.82,No
9120-OQU,Male,0,No,Yes,10,Yes,No,Fiber optic,Yes,No,No,No,No,No,Month-to-month,Yes,Bank transfer (automatic),81.62,810.25,Yes
7614-PTB,Female,0,Yes,No,70,Yes,Yes,No,No internet service,No internet service,No internet service,No internet service,No internet service,No internet service,One year,Yes,Mailed check,23.25,1635.08,Yes
4252-QWI,Female,0,Yes,No,44,Yes,No,DSL,Yes,No,Yes,Yes,Yes,No,One year,Yes,Credit card (automatic),65.54,2885.0,No
8415-RZP,Male,0,No,Yes,59,Yes,No,Fiber optic,No,Yes,No,No,No,Yes,Two year,Yes,Electronic check,75.92,4472.87,Yes
7771-SCW,Female,0,Yes,No,57,Yes,No,Fiber optic,No,No,Yes,No,Yes,Yes,Two year,No,Credit card (automatic),101.47,5783.83,No
1278-TFD,Female,0,No,No,23,Yes,No,Fiber optic,No,Yes,No,No,No,No,Month-to-month,Yes,Electronic check,80.77,1855.5,No
1580-UIK,Male,0,Yes,Yes,10,Yes,Yes,Fiber optic,No,No,Yes,Yes,No,No,Two year,No,Bank transfer (automatic),79.32,797.47,Yes
5958-VLR,Female,0,No,No,71,Yes,Yes,Fiber optic,Yes,No,No,No,Yes,Yes,Month-to-month,Yes,Electronic check,83.82,5952.95,Yes
9445-WOY,Male,0,Yes,No,43,Yes,No,DSL,No,No,Yes,Yes,Yes,Yes,Month-to-month,Yes,Mailed check,59.43,2557.45,No
5276-XRF,Female,0,No,No,65,Yes,Yes,Fiber optic,No,No,No,Yes,No,Yes,Two year,Yes,Electronic check,114.02,7412.26,No
8997-YUM,Female,0,No,No,44,Yes,No,DSL,Yes,Yes,Yes,No,Yes,No,One year,Yes,Mailed check,64.84,2857.69,Yes
5776-ZXT,Female,0,Yes,Yes,31,No,No phone service,DSL,No,No,No,Yes,No,Yes,Month-to-month,No,Electronic check,51.0,1575.44,Yes
1824-AAA,Male,0,No,No,16,Yes,No,DSL,Yes,No,No,Yes,No,No,Two year,Yes,Electronic check,83.72,1341.83,No
4832-BDH,Female,0,No,No,53,Yes,No,DSL,No,No,Yes,No,Yes,No,Month-to-month,No,Bank transfer (automatic),59.71,3159.59,No
9891-CGO,Female,0,No,No,9,Yes,No,DSL,Yes,Yes,No,Yes,No,Yes,One year,Yes,Credit card (automatic),82.54,734.21,Yes
6445-DJV,Female,0,Yes,Yes,5,Yes,Yes,DSL,No,Yes,No,No,No,No,Two year,Yes,Mailed check,59.12,300.31,No
2380-EMC,Female,0,No,No,19,Yes,Yes,Fiber optic,No,No,Yes,Yes,Yes,No,Month-to-month,No,Mailed check,74.21,1404.95,Yes
7534-FPJ,Female,1,Yes,No,0,Yes,Yes,DSL,No,Yes,Yes,No,Yes,No,One year,Yes,Electronic check,70.09, ,No
4156-GSQ,Female,0,Yes,Yes,63,Yes,No,No,No internet service,No internet service,No internet service,No internet service,No internet service,No internet service,Month-to-month,No,Mailed check,24.58,1539.97,No
5307-HVX,Male,0,No,No,0,Yes,Yes,DSL,No,No,No,No,No,No,Two year,Yes,Bank transfer (automatic),72.75, ,No
6634-IYE,Female,0,Yes,No,60,Yes,No,DSL,Yes,Yes,Yes,No,Yes,Yes,Month-to-month,No,Electronic check,45.68,2734.73,Yes
9575-JBL,Male,0,No,No,0,Yes,Yes,DSL,No,No,No,No,No,No,Month-to-month,No,Bank transfer (automatic),54.5, ,Yes
6810-KES,Male,0,No,No,45,Yes,No,Fiber optic,No,No,No,Yes,No,No,Month-to-month,Yes,Mailed check,97.88,4414.46,No
9533-LHZ,Female,1,No,No,59,Yes,Yes,DSL,Yes,Yes,Yes,Yes,No,Yes,Month-to-month,Yes,Bank transfer (automatic),44.23,2616.3,No
6934-MKG,Female,0,Yes,No,42,Yes,Yes,No,No internet service,No internet service,No internet service,No internet service,No internet service,No internet service,Two year,No,Electronic check,21.87,919.87,No
4109-NNN,Male,0,No,Yes,43,Yes,No,DSL,Yes,No,Yes,No,No,Yes,Month-to-month,Yes,Electronic check,76.85,3301.35,Yes
5082-OQU,Male,0,No,No,37,Yes,No,Fiber optic,Yes,No,No,No,Yes,Yes,Month-to-month,Yes,Mailed check,118.16,4368.75,No
4240-PTB,Female,0,No,No,1,Yes,Yes,DSL,Yes,Yes,No,No,No,No,One year,No,Mailed check,65.92,63.07,No
7028-QWI,Male,1,No,No,11,No,No phone service,Fiber optic,No,No,Yes,No,No,No,Month-to-month,Yes,Credit card (automatic),103.13,1144.11,No
2849-RZP,Female,0,Yes,Yes,22,Yes,No,Fiber optic,No,No,No,No,No,No,Month-to-month,Yes,Credit card (automatic),77.5,1710.11,Yes
9497-SCW,Female,1,No,Yes,8,Yes,Yes,Fiber optic,No,Yes,No,Yes,No,No,Month-to-month,Yes,Mailed check,75.73,602.89,Yes
3749-TFD,Female,0,No,No,7,Yes,No,Fiber optic,Yes,No,No,Yes,No,Yes,Two year,Yes,Electronic check,101.35,699.8,No
7680-UIK,Male,0,No,Yes,49,Yes,No,No,No internet service,No internet service,No internet service,No internet service,No internet service,No internet service,One year,Yes,Bank transfer (automatic),19.33,942.45,Yes
1205-VLR,Male,0,No,No,61,Yes,No,DSL,Yes,No,No,No,Yes,Yes,One year,No,Electronic check,75.3,4587.46,No
8352-WOY,Male,0,Yes,Yes,22,Yes,Yes,DSL,No,Yes,No,Yes,Yes,No,Month-to-month,Yes,Electronic check,72.41,1587.22,No
5591-XRF,Female,1,Yes,No,58,Yes,No,DSL,No,Yes,Yes,Yes,Yes,No,Month-to-month,No,Mailed check,59.25,3445.49,No
4450-YUM,Female,0,No,No,9,Yes,Yes,No,No internet service,No internet service,No internet service,No internet service,No internet service,No internet service,One year,No,Credit card (automatic),22.76,199.69,No
8214-ZXT,Female,0,No,No,11,Yes,No,Fiber optic,No,No,No,No,No,No,Two year,Yes,Electronic check,88.11,962.45,No
4811-AAA,Male,0,Yes,Yes,61,Yes,Yes,No,No internet service,No internet service,No internet service,No internet service,No internet service,No internet service,One year,No,Bank transfer (automatic),22.43,1374.86,No
6141-BDH,Female,1,No,No,29,Yes,Yes,Fiber optic,No,No,No,No,Yes,No,Two year,No,Credit card (automatic),102.17,2969.33,No
9501-CGO,Female,1,No,No,67,Yes,Yes,No,No internet service,No internet service,No internet service,No internet service,No internet service,No internet service,One year,Yes,Bank transfer (automatic),23.05,1542.98,No
3708-DJV,Female,0,Yes,No,46,No,No phone service,No,No internet service,No internet service,No internet service,No internet service,No internet service,No internet service,Month-to-month,No,Mailed check,21.8,1005.38,Yes
2991-EMC,Male,0,No,Yes,40,Yes,No,Fiber optic,No,No,Yes,Yes,Yes,Yes,Month-to-month,Yes,Credit card (automatic),88.05,3531.62,Yes
9463-FPJ,Female,0,Yes,No,6,Yes,Yes,Fiber optic,No,No,Yes,No,Yes,Yes,Month-to-month,No,Bank transfer (automatic),100.09,609.54,Yes
4273-GSQ,Female,0,No,Yes,51,Yes,No,DSL,No,Yes,No,Yes,No,Yes,Two year,No,Bank transfer (automatic),63.73,3245.66,No
5538-HVX,Female,0,No,No,44,Yes,Yes,Fiber optic,No,No,No,Yes,No,No,Month-to-month,No,Electronic check,72.9,3205.61,Yes
9712-IYE,Male,0,Yes,Yes,37,Yes,No,DSL,No,Yes,Yes,No,No,Yes,Two year,Yes,Bank transfer (automatic),64.08,2367.11,No
4722-JBL,Male,0,No,No,35,Yes,Yes,DSL,No,Yes,No,No,No,Yes,Month-to-month,Yes,Electronic check,59.04,2060.32,No
4551-KES,Male,0,Yes,No,57,Yes,No,Fiber optic,No,No,Yes,No,Yes,Yes,One year,Yes,Credit card (automatic),72.79,4143.44,No
3832-LHZ,Female,0,Yes,Yes,45,Yes,No,Fiber optic,No,No,No,Yes,No,Yes,Month-to-month,Yes,Bank transfer (automatic),75.27,3389.53,Yes
6679-MKG,Female,0,No,No,66,Yes,No,DSL,No,Yes,Yes,Yes,Yes,No,Month-to-month,No,Credit card (automatic),67.42,4450.59,Yes
7579-NNN,Male,0,No,Yes,64,Yes,No,Fiber optic,Yes,Yes,No,No,Yes,Yes,Month-to-month,Yes,Electronic check,109.84,7036.15,No
1152-OQU,Female,0,No,Yes,17,Yes,Yes,Fiber optic,Yes,Yes,Yes,No,No,No,Month-to-month,No,Bank transfer (automatic),93.21,1582.17,No
6754-PTB,Female,0,Yes,No,1,Yes,Yes,DSL,No,Yes,No,No,Yes,No,Month-to-month,Yes,Electronic check,45.99,49.86,No
3800-QWI,Female,0,Yes,No,3,Yes,Yes,DSL,Yes,No,No,Yes,No,No,Month-to-month,No,Electronic check,78.52,245.5,No
6310-RZP,Male,0,Yes,Yes,41,No,No phone service,Fiber optic,No,Yes,No,No,Yes,No,One year,No,Mailed check,102.39,4196.91,Yes
3610-SCW,Female,0,No,No,48,Yes,Yes,Fiber optic,No,No,Yes,Yes,No,No,Two year,No,Electronic check,114.64,5504.52,No
2104-TFD,Male,0,No,No,48,Yes,No,DSL,Yes,No,No,Yes,No,No,One year,No,Credit card (automatic),84.59,4063.96,No
8361-UIK,Male,0,No,No,6,Yes,Yes,DSL,No,No,No,No,Yes,Yes,Two year,Yes,Mailed check,78.7,474.71,No
5199-VLR,Female,0,No,Yes,8,Yes,Yes,DSL,No,No,Yes,No,No,No,Month-to-month,No,Credit card (automatic),81.33,644.97,No
4854-WOY,Female,0,No,Yes,70,Yes,No,Fiber optic,Yes,No,Yes,Yes,No,Yes,Two year,No,Credit card (automatic),107.46,7523.84,No
8263-XRF,Male,0,No,No,26,Yes,Yes,No,No internet service,No internet service,No internet service,No internet service,No internet service,No internet service,Month-to-month,No,Credit card (automatic),24.44,626.05,Yes
2914-YUM,Male,0,Yes,No,20,Yes,No,DSL,No,No,Yes,No,No,Yes,Two year,No,Electronic check,63.31,1273.03,No
8365-ZXT,Male,0,Yes,No,34,Yes,No,Fiber optic,No,No,Yes,Yes,Yes,No,Month-to-month,Yes,Bank transfer (automatic),115.12,3912.94,Yes
4072-AAA,Male,0,Yes,No,35,Yes,Yes,DSL,No,No,No,Yes,No,No,One year,Yes,Bank transfer (automatic),52.71,1844.4,Yes
1406-BDH,Female,0,Yes,Yes,66,Yes,No,Fiber optic,No,Yes,Yes,No,No,No,Month-to-month,No,Mailed check,75.76,4991.85,No
1166-CGO,Male,1,No,No,42,Yes,Yes,Fiber optic,Yes,Yes,No,Yes,No,No,Month-to-month,Yes,Electronic check,93.01,3899.52,No
1508-DJV,Female,0,Yes,Yes,7,Yes,Yes,No,No internet service,No internet service,No internet service,No internet service,No internet service,No internet service,Month-to-month,Yes,Electronic check,19.99,137.46,No
2661-EMC,Male,0,Yes,Yes,35,Yes,No,No,No internet service,No internet service,No internet service,No internet service,No internet service,No internet service,Two year,Yes,Credit card (automatic),22.67,800.99,No
4664-FPJ,Male,0,Yes,No,47,Yes,Yes,DSL,Yes,Yes,Yes,Yes,No,No,Month-to-month,Yes,Electronic check,77.46,3633.42,Yes
4489-GSQ,Male,0,Yes,No,45,No,No phone service,No,No internet service,No internet service,No internet service,No internet service,No internet service,No internet service,One year,No,Credit card (automatic),19.71,884.01,No
1680-HVX,Male,1,Yes,No,31,Yes,Yes,DSL,Yes,Yes,No,No,Yes,No,Month-to-month,Yes,Electronic check,46.86,1459.96,Yes
3524-IYE,Male,0,Yes,No,6,Yes,No,No,No internet service,No internet service,No internet service,No internet service,No internet service,No internet service,Month-to-month,Yes,Credit card (automatic),22.35,139.32,Yes
3120-JBL,Female,0,Yes,Yes,11,Yes,Yes,No,No internet service,No internet service,No internet service,No internet service,No internet service,No internet service,One year,No,Mailed check,22.7,246.82,No
6260-KES,Male,0,Yes,No,54,Yes,Yes,No,No internet service,No internet service,No internet service,No internet service,No internet service,No internet service,Month-to-month,Yes,Bank transfer (automatic),22.17,1189.13,Yes
5357-LHZ,Female,0,No,No,22,No,No phone service,No,No internet service,No internet service,No internet service,No internet service,No internet service,No internet service,One year,Yes,Electronic check,22.92,505.41,No
2363-MKG,Male,1,Yes,No,51,No,No phone service,DSL,No,No,No,No,No,No,One year,Yes,Bank transfer (automatic),46.36,2359.33,No
3292-NNN,Female,0,No,No,12,Yes,No,DSL,Yes,No,No,No,Yes,Yes,Two year,No,Bank transfer (automatic),72.07,866.71,No
2538-OQU,Female,0,No,Yes,70,Yes,No,Fiber optic,No,Yes,No,Yes,No,No,One year,Yes,Mailed check,94.82,6627.68,No
4408-PTB,Male,0,Yes,No,52,Yes,No,No,No internet service,No internet service,No internet service,No internet service,No internet service,No internet service,Month-to-month,No,Electronic check,20.19,1045.55,No
8742-QWI,Male,0,No,No,62,Yes,No,No,No internet service,No internet service,No internet service,No internet service,No internet service,No internet service,Month-to-month,Yes,Mailed check,21.22,1309.57,No
9752-RZP,Female,0,Yes,No,70,Yes,Yes,Fiber optic,Yes,No,No,No,Yes,No,Two year,Yes,Mailed check,79.1,5541.5,No
2903-SCW,Male,0,Yes,No,50,Yes,Yes,Fiber optic,Yes,No,No,No,Yes,No,Two year,Yes,Electronic check,71.18,3563.85,No
1174-TFD,Male,0,No,No,57,Yes,No,Fiber optic,No,Yes,No,No,No,No,Month-to-month,Yes,Electronic check,79.58,4541.27,No
3230-UIK,Male,0,No,No,26,Yes,No,Fiber optic,Yes,Yes,No,No,No,Yes,Two year,Yes,Credit card (automatic),94.75,2473.0,No
5287-VLR,Female,0,No,Yes,6,Yes,Yes,Fiber optic,No,Yes,No,Yes,Yes,No,Two year,No,Credit card (automatic),91.49,551.16,No
5160-WOY,Male,0,No,Yes,49,Yes,No,DSL,Yes,No,Yes,No,No,Yes,Month-to-month,Yes,Credit card (automatic),83.27,4087.11,No
8106-XRF,Male,1,Yes,No,23,Yes,Yes,Fiber optic,Yes,No,Yes,No,Yes,No,Month-to-month,No,Electronic check,113.92,2622.11,Yes
4171-YUM,Female,0,Yes,Yes,24,Yes,Yes,Fiber optic,Yes,No,No,No,No,Yes,Two year,No,Mailed check,81.98,1965.52,Yes
2567-ZXT,Male,0,No,No,43,Yes,No,Fiber optic,No,No,No,No,No,No,Month-to-month,Yes,Electronic check,90.46,3895.57,No
2151-AAA,Male,0,No,No,35,No,No phone service,Fiber optic,No,No,No,Yes,No,Yes,Month-to-month,Yes,Electronic check,117.17,4099.71,Yes
8619-BDH,Male,0,Yes,No,56,Yes,No,DSL,No,Yes,No,Yes,Yes,No,One year,Yes,Credit card (automatic),60.37,3389.69,No
7033-CGO,Female,0,No,No,36,Yes,Yes,Fiber optic,No,Yes,Yes,No,Yes,No,Month-to-month,Yes,Mailed check,117.84,4232.64,No
9560-DJV,Female,0,Yes,No,51,Yes,No,DSL,Yes,No,No,No,Yes,No,Month-to-month,No,Credit card (automatic),53.39,2725.54,No
5946-EMC,Male,0,No,No,62,Yes,Yes,Fiber optic,Yes,No,Yes,No,No,No,Month-to-month,Yes,Mailed check,99.31,6166.37,No
9234-FPJ,Female,0,No,No,6,Yes,Yes,DSL,Yes,No,No,Yes,Yes,Yes,Two year,No,Electronic check,75.14,447.53,No
2907-GSQ,Male,0,No,No,59,Yes,Yes,No,No internet service,No internet service,No internet service,No internet service,No internet service,No internet service,Month-to-month,Yes,Electronic check,19.11,1120.17,No
4490-HVX,Female,0,No,No,36,Yes,Yes,DSL,Yes,Yes,Yes,Yes,Yes,No,One year,Yes,Electronic check,84.13,3024.4,No
3535-IYE,Female,0,Yes,No,20,Yes,Yes,Fiber optic,Yes,No,No,Yes,Yes,Yes,Two year,Yes,Electronic check,103.47,2061.04,No
5173-JBL,Female,0,Yes,Yes,45,Yes,No,Fiber optic,Yes,No,No,No,No,No,Month-to-month,No,Mailed check,73.29,3294.86,No
2293-KES,Male,0,Yes,Yes,20,Yes,Yes,No,No internet service,No internet service,No internet service,No internet service,No internet service,No internet service,Month-to-month,No,Electronic check,18.73,378.52,No
5769-LHZ,Female,0,No,No,71,Yes,Yes,DSL,Yes,Yes,No,No,No,Yes,Two year,No,Bank transfer (automatic),56.48,4016.13,No
5796-MKG,Male,0,No,No,51,Yes,Yes,Fiber optic,Yes,No,No,Yes,Yes,No,Month-to-month,Yes,Electronic check,117.11,5974.27,No
7871-NNN,Male,0,No,No,28,Yes,Yes,Fiber optic,Yes,No,No,Yes,Yes,Yes,Month-to-month,No,Mailed check,110.76,3105.65,Yes
3972-OQU,Male,1,Yes,Yes,68,Yes,No,Fiber optic,Yes,No,Yes,No,Yes,No,Month-to-month,No,Electronic check,106.38,7224.85,No
4922-PTB,Male,0,Yes,No,38,Yes,No,Fiber optic,No,No,Yes,No,Yes,No,Month-to-month,No,Bank transfer (automatic),82.31,3121.69,Yes
5997-QWI,Female,0,No,No,26,Yes,No,DSL,No,Yes,Yes,No,No,Yes,Month-to-month,Yes,Bank transfer (automatic),78.81,2046.76,No
8032-RZP,Female,0,No,No,9,Yes,Yes,DSL,No,No,No,Yes,No,Yes,One year,Yes,Credit card (automatic),66.25,603.55,Yes
1992-SCW,Female,0,Yes,No,35,Yes,No,No,No internet service,No internet service,No internet service,No internet service,No internet service,No internet service,Two year,Yes,Credit card (automatic),24.93,868.93,No
9112-TFD,Male,1,No,Yes,15,Yes,No,Fiber optic,No,No,Yes,Yes,Yes,No,Month-to-month,No,Mailed check,83.28,1240.32,No
6287-UIK,Male,0,Yes,No,35,Yes,Yes,No,No internet service,No internet service,No internet service,No internet service,No internet service,No internet service,Month-to-month,Yes,Mailed check,24.2,841.28,No
3240-VLR,Female,0,No,No,33,Yes,No,Fiber optic,No,No,No,No,No,Yes,Two year,No,Electronic check,72.96,2412.83,No
2476-WOY,Female,0,No,No,36,Yes,No,DSL,No,Yes,No,Yes,No,Yes,Two year,Yes,Bank transfer (automatic),77.66,2801.35,No
7426-XRF,Male,1,Yes,Yes,71,Yes,Yes,DSL,Yes,Yes,No,Yes,No,Yes,Month-to-month,No,Mailed check,67.48,4793.01,Yes
1389-YUM,Female,0,Yes,No,67,No,No phone service,No,No internet service,No internet service,No internet service,No internet service,No internet service,No internet service,Month-to-month,Yes,Electronic check,21.42,1444.92,No
1999-ZXT,Male,0,Yes,Yes,58,Yes,Yes,DSL,Yes,No,No,Yes,Yes,Yes,Two year,No,Electronic check,53.1,3082.68,No
2855-AAA,Female,0,Yes,No,28,Yes,Yes,Fiber optic,Yes,Yes,No,Yes,No,No,Month-to-month,No,Electronic check,78.24,2185.5,Yes
9125-BDH,Male,0,No,Yes,30,Yes,Yes,No,No internet service,No internet service,No internet service,No internet service,No internet service,No internet service,Month-to-month,Yes,Bank transfer (automatic),20.67,622.1,No
9850-CGO,Female,0,Yes,No,65,Yes,Yes,No,No internet service,No internet service,No internet service,No internet service,No internet service,No internet service,Month-to-month,Yes,Credit card (automatic),19.36,1249.32,Yes
3763-DJV,Female,0,Yes,No,2,Yes,No,Fiber optic,Yes,No,Yes,No,No,No,Month-to-month,No,Electronic check,81.68,166.6,No
4663-EMC,Female,0,No,No,68,Yes,No,No,No internet service,No internet service,No internet service,No internet service,No internet service,No internet service,Month-to-month,Yes,Credit card (automatic),24.91,1702.66,Yes
5986-FPJ,Female,1,No,No,21,Yes,Yes,No,No internet service,No internet service,No internet service,No internet service,No internet service,No internet service,Two year,No,Mailed check,23.95,506.05,No
2481-GSQ,Female,0,Yes,No,72,Yes,Yes,No,No internet service,No internet service,No internet service,No internet service,No internet service,No internet service,Month-to-month,Yes,Mailed check,18.53,1336.85,No
8256-HVX,Female,0,No,Yes,52,Yes,No,DSL,Yes,Yes,Yes,Yes,Yes,No,Month-to-month,No,Mailed check,57.07,2969.21,No
4731-IYE,Male,0,No,Yes,47,Yes,No,DSL,Yes,Yes,No,No,No,No,Month-to-month,Yes,Credit card (automatic),50.77,2389.34,No
8262-JBL,Female,0,Yes,Yes,72,Yes,No,Fiber optic,No,No,No,No,No,Yes,One year,No,Bank transfer (automatic),78.84,5684.43,No
1451-KES,Male,0,No,No,46,Yes,No,Fiber optic,No,No,Yes,Yes,No,No,Two year,Yes,Electronic check,77.94,3576.11,Yes
4093-LHZ,Female,0,No,No,41,Yes,Yes,No,No internet service,No internet service,No internet service,No internet service,No internet service,No internet service,Month-to-month,No,Mailed check,22.07,895.81,No
1882-MKG,Male,0,Yes,No,3,Yes,No,DSL,Yes,No,No,No,No,No,One year,No,Credit card (automatic),51.18,144.27,No
5408-NNN,Male,0,No,Yes,41,Yes,Yes,Fiber optic,No,Yes,Yes,Yes,No,No,Month-to-month,Yes,Electronic check,118.56,4870.45,Yes
5068-OQU,Female,1,No,No,42,Yes,No,DSL,No,Yes,Yes,No,No,Yes,Month-to-month,No,Mailed check,51.81,2166.4,Yes
4277-PTB,Female,0,No,Yes,41,Yes,No,Fiber optic,Yes,Yes,Yes,Yes,Yes,Yes,Month-to-month,No,Bank transfer (automatic),112.4,4604.23,Yes
9566-QWI,Female,0,No,No,2,No,No phone service,Fiber optic,No,Yes,Yes,No,No,No,Two year,Yes,Mailed check,108.56,225.82,Yes
8951-RZP,Female,0,No,Yes,58,Yes,No,DSL,No,No,No,No,Yes,Yes,Month-to-month,No,Bank transfer (automatic),83.31,4840.01,Yes
5690-SCW,Male,0,No,No,10,Yes,Yes,Fiber optic,No,Yes,Yes,No,Yes,Yes,Month-to-month,No,Electronic check,115.81,1150.37,Yes
5595-TFD,Male,0,No,Yes,34,Yes,No,Fiber optic,No,Yes,No,No,No,No,Month-to-month,Yes,Electronic check,95.3,3245.13,No
5559-UIK,Male,0,Yes,No,49,No,No phone service,No,No internet service,No internet service,No internet service,No internet service,No internet service,No internet service,One year,Yes,Electronic check,24.96,1227.65,No
8291-VLR,Male,1,Yes,Yes,62,Yes,Yes,Fiber optic,Yes,Yes,No,Yes,No,No,Month-to-month,Yes,Credit card (automatic),114.24,7086.66,Yes
9160-WOY,Male,1,Yes,No,69,Yes,No,Fiber optic,Yes,Yes,Yes,No,No,Yes,Month-to-month,No,Bank transfer (automatic),93.43,6453.05,Yes
1112-XRF,Male,0,Yes,No,5,Yes,No,DSL,No,No,Yes,Yes,No,No,One year,No,Credit card (automatic),63.4,322.14,Yes
6131-YUM,Male,0,Yes,Yes,31,Yes,No,Fiber optic,Yes,No,Yes,No,Yes,No,Month-to-month,Yes,Electronic check,105.5,3279.36,Yes
4197-ZXT,Male,0,No,No,10,Yes,No,DSL,No,No,No,No,Yes,No,Two year,Yes,Mailed check,64.68,655.97,No
1139-AAA,Female,0,No,Yes,42,Yes,Yes,Fiber optic,No,Yes,No,Yes,Yes,No,Two year,Yes,Mailed check,113.89,4780.61,No
2424-BDH,Female,0,No,No,38,Yes,No,No,No internet service,No internet service,No internet service,No internet service,No internet service,No internet service,Month-to-month,Yes,Mailed check,18.98,713.92,No
3949-CGO,Male,0,No,Yes,12,Yes,No,DSL,No,No,Yes,No,Yes,No,Two year,Yes,Electronic check,82.98,1004.74,No
4168-DJV,Female,0,No,No,12,Yes,Yes,DSL,No,Yes,Yes,No,No,Yes,Two year,Yes,Electronic check,84.35,1007.94,No
9708-EMC,Female,1,No,No,38,Yes,No,DSL,No,No,No,No,No,No,Month-to-month,Yes,Mailed check,84.67,3207.51,No
7043-FPJ,Female,0,No,Yes,45,Yes,No,DSL,No,No,No,No,Yes,No,Two year,Yes,Credit card (automatic),71.81,3223.75,No
7989-GSQ,Female,0,Yes,No,33,Yes,No,Fiber optic,Yes,Yes,No,Yes,Yes,No,Month-to-month,No,Credit card (automatic),71.11,2348.18,No
8236-HVX,Male,0,Yes,Yes,66,Yes,Yes,DSL,Yes,No,No,No,No,No,Two year,No,Electronic check,76.58,5049.82,No
7261-IYE,Female,0,No,No,31,Yes,No,Fiber optic,Yes,No,No,Yes,No,Yes,Month-to-month,Yes,Bank transfer (automatic),106.98,3316.6,Yes
1887-JBL,Male,0,Yes,No,67,Yes,Yes,DSL,No,Yes,No,Yes,Yes,No,Two year,Yes,Bank transfer (automatic),50.44,3384.63,No
4104-KES,Male,0,No,No,64,Yes,No,Fiber optic,No,No,No,No,No,Yes,Month-to-month,Yes,Bank transfer (automatic),83.86,5360.49,No
1049-LHZ,Female,0,Yes,Yes,72,Yes,Yes,Fiber optic,No,Yes,No,Yes,No,No,Two year,No,Bank transfer (automatic),79.9,5742.83,No
4951-MKG,Male,0,Yes,No,6,No,No phone service,DSL,No,No,No,No,No,Yes,One year,Yes,Electronic check,81.69,495.32,No
4560-NNN,Male,0,Yes,No,2,Yes,No,Fiber optic,No,No,No,No,Yes,Yes,Month-to-month,No,Mailed check,86.91,176.92,No
1018-OQU,Female,0,No,No,71,Yes,No,DSL,No,Yes,No,No,No,Yes,One year,Yes,Electronic check,82.8,5875.62,No
5821-PTB,Female,0,No,No,68,Yes,No,Fiber optic,Yes,No,No,No,Yes,No,Month-to-month,No,Credit card (automatic),87.91,5971.3,No
7340-QWI,Female,0,No,Yes,48,Yes,Yes,DSL,No,No,Yes,No,Yes,Yes,Two year,Yes,Electronic check,59.15,2829.82,Yes
9058-RZP,Male,0,Yes,No,57,Yes,No,Fiber optic,No,No,No,No,Yes,No,Month-to-month,Yes,Bank transfer (automatic),86.11,4903.57,No
3606-SCW,Male,0,No,No,27,Yes,No,DSL,No,Yes,No,No,No,No,Month-to-month,Yes,Electronic check,78.32,2124.4,Yes
8846-TFD,Female,0,No,No,26,Yes,Yes,Fiber optic,No,Yes,No,No,No,No,One year,No,Bank transfer (automatic),80.18,2081.43,No
9643-UIK,Female,0,No,Yes,21,Yes,No,Fiber optic,Yes,No,No,Yes,No,No,Month-to-month,No,Mailed check,103.63,2182.21,Yes
7432-VLR,Female,1,Yes,Yes,70,Yes,Yes,Fiber optic,Yes,No,No,No,Yes,Yes,Month-to-month,Yes,Mailed check,73.84,5173.85,No
4765-WOY,Male,1,Yes,No,12,Yes,No,DSL,Yes,Yes,No,No,No,No,Month-to-month,Yes,Bank transfer (automatic),84.87,1010.38,No
3438-XRF,Female,0,Yes,No,21,Yes,Yes,Fiber optic,No,No,No,Yes,No,No,Month-to-month,No,Credit card (automatic),93.58,1960.17,Yes
7358-YUM,Male,0,No,Yes,4,Yes,No,Fiber optic,No,Yes,No,Yes,No,No,Two year,No,Bank transfer (automatic),76.09,311.54,No
9319-ZXT,Female,0,Yes,No,21,Yes,Yes,DSL,No,No,No,No,Yes,No,Month-to-month,No,Credit card (automatic),62.75,1315.23,No
6941-AAA,Male,1,Yes,No,52,Yes,No,Fiber optic,No,No,Yes,No,No,Yes,Two year,Yes,Credit card (automatic),73.86,3845.16,No
8644-BDH,Male,0,Yes,Yes,38,Yes,No,No,No internet service,No internet service,No internet service,No internet service,No internet service,No internet service,Month-to-month,Yes,Credit card (automatic),22.86,865.34,Yes
5855-CGO,Male,0,No,No,36,Yes,No,No,No internet service,No internet service,No internet service,No internet service,No internet service,No internet service,One year,No,Credit card (automatic),21.57,773.89,Yes
7547-DJV,Female,0,No,No,30,Yes,Yes,No,No internet service,No internet service,No internet service,No internet service,No internet service,No internet service,Month-to-month,Yes,Bank transfer (automatic),19.09,574.76,Yes
8196-EMC,Male,0,No,Yes,61,No,No phone service,No,No internet service,No internet service,No internet service,No internet service,No internet service,No internet service,Month-to-month,No,Electronic check,22.37,1359.28,No
6911-FPJ,Female,0,No,Yes,5,Yes,Yes,No,No internet service,No internet service,No internet service,No internet service,No internet service,No internet service,Month-to-month,No,Bank transfer (automatic),20.21,100.5,Yes
7481-GSQ,Female,0,Yes,No,33,Yes,No,No,No internet service,No internet service,No internet service,No internet service,No internet service,No internet service,Month-to-month,Yes,Electronic check,24.61,816.61,Yes
3761-HVX,Male,0,Yes,Yes,51,Yes,Yes,Fiber optic,Yes,No,No,No,No,Yes,One year,No,Electronic check,101.95,5189.73,No
5456-IYE,Male,0,Yes,No,29,Yes,Yes,Fiber optic,Yes,Yes,No,No,Yes,No,Month-to-month,No,Electronic check,89.77,2611.19,Yes
7361-JBL,Male,0,Yes,No,12,No,No phone service,No,No internet service,No internet service,No internet service,No internet service,No internet service,No internet service,Month-to-month,Yes,Credit card (automatic),19.19,230.01,Yes
6693-KES,Female,1,No,Yes,57,Yes,No,DSL,Yes,No,No,No,No,No,One year,Yes,Electronic check,72.67,4144.41,No
6788-LHZ,Male,0,No,Yes,52,Yes,Yes,No,No internet service,No internet service,No internet service,No internet service,No internet service,No internet service,Month-to-month,No,Bank transfer (automatic),21.44,1119.68,No
1201-MKG,Male,0,No,Yes,19,Yes,Yes,No,No internet service,No internet service,No internet service,No internet service,No internet service,No internet service,Two year,Yes,Electronic check,23.31,435.63,No
7160-NNN,Male,0,Yes,Yes,5,Yes,No,No,No internet service,No internet service,No internet service,No internet service,No internet service,No internet service,One year,No,Bank transfer (automatic),22.63,120.28,Yes
1517-OQU,Male,0,Yes,No,54,Yes,Yes,Fiber optic,Yes,Yes,Yes,Yes,No,No,Month-to-month,Yes,Credit card (automatic),100.34,5415.61,Yes
8737-PTB,Male,0,Yes,Yes,30,No,No phone service,Fiber optic,No,Yes,Yes,Yes,Yes,No,Month-to-month,No,Mailed check,105.8,3165.02,No
2988-QWI,Female,0,No,No,58,No,No phone service,DSL,Yes,No,No,No,Yes,No,Two year,No,Electronic check,58.58,3405.82,No
4802-RZP,Male,0,Yes,Yes,18,Yes,No,DSL,Yes,Yes,Yes,Yes,No,Yes,Month-to-month,Yes,Bank transfer (automatic),83.66,1511.79,No
6808-SCW,Male,0,Yes,No,69,Yes,Yes,No,No internet service,No internet service,No internet service,No internet service,No internet service,No internet service,Month-to-month,Yes,Credit card (automatic),24.57,1692.48,No
8162-TFD,Male,0,No,Yes,27,Yes,No,No,No internet service,No internet service,No internet service,No internet service,No internet service,No internet service,Month-to-month,Yes,Electronic check,23.09,630.41,No
7241-UIK,Female,0,No,Yes,12,Yes,Yes,No,No internet service,No internet service,No internet service,No internet service,No internet service,No internet service,One year,No,Bank transfer (automatic),19.06,231.59,No
9399-VLR,Female,0,Yes,Yes,51,Yes,No,DSL,No,No,No,No,No,Yes,Month-to-month,Yes,Electronic check,77.36,3951.22,No
6633-WOY,Female,0,Yes,No,60,No,No phone service,DSL,No,No,Yes,No,No,No,Two year,Yes,Mailed check,57.27,3445.53,No
6755-XRF,Male,0,Yes,No,40,Yes,No,No,No internet service,No internet service,No internet service,No internet service,No internet service,No internet service,Month-to-month,No,Electronic check,19.16,757.67,No
7309-YUM,Male,0,No,Yes,44,Yes,No,DSL,Yes,Yes,Yes,No,Yes,No,Month-to-month,Yes,Credit card (automatic),71.54,3153.37,Yes
5117-ZXT,Female,0,Yes,Yes,6,Yes,Yes,No,No internet service,No internet service,No internet service,No internet service,No internet service,No internet service,Month-to-month,Yes,Electronic check,23.47,132.14,Yes
9345-AAA,Male,0,No,No,13,No,No phone service,Fiber optic,No,Yes,No,No,No,No,Two year,Yes,Credit card (automatic),111.9,1458.22,No
2518-BDH,Male,0,No,No,35,Yes,Yes,Fiber optic,No,Yes,Yes,Yes,No,Yes,One year,Yes,Electronic check,75.84,2660.57,Yes
7163-CGO,Male,0,Yes,No,7,Yes,No,No,No internet service,No internet service,No internet service,No internet service,No internet service,No internet service,One year,Yes,Credit card (automatic),19.64,135.35,Yes
3600-DJV,Female,0,Yes,No,11,Yes,No,Fiber optic,No,No,Yes,Yes,Yes,No,Month-to-month,No,Bank transfer (automatic),113.96,1248.19,No
3195-EMC,Male,0,Yes,No,39,Yes,No,Fiber optic,Yes,No,No,Yes,No,Yes,One year,Yes,Electronic check,80.81,3146.08,No
4554-FPJ,Female,1,Yes,Yes,61,Yes,Yes,Fiber optic,Yes,Yes,No,No,Yes,No,Month-to-month,No,Electronic check,98.85,6026.18,No
3849-GSQ,Male,0,Yes,No,13,Yes,No,Fiber optic,No,No,Yes,No,Yes,No,Two year,No,Electronic check,79.08,1032.79,No
2742-HVX,Female,0,No,No,48,Yes,Yes,Fiber optic,No,No,No,No,No,No,One year,No,Credit card (automatic),76.6,3686.59,No
2306-IYE,Female,0,No,No,50,Yes,No,DSL,No,No,No,No,No,No,One year,No,Mailed check,53.85,2702.16,No
4849-JBL,Male,0,Yes,No,61,Yes,Yes,DSL,No,No,No,No,No,Yes,Two year,Yes,Bank transfer (automatic),53.36,3249.28,No
8519-KES,Female,0,No,No,4,Yes,No,DSL,No,No,No,No,No,Yes,Month-to-month,No,Credit card (automatic),52.02,200.89,No
5195-LHZ,Female,0,Yes,Yes,66,Yes,No,DSL,Yes,Yes,Yes,No,Yes,Yes,Month-to-month,Yes,Bank transfer (automatic),47.98,3159.88,No
6178-MKG,Male,0,No,Yes,0,No,No phone service,Fiber optic,No,No,No,Yes,Yes,No,Month-to-month,No,Electronic check,73.48, ,No
3555-NNN,Male,0,No,No,48,Yes,No,Fiber optic,Yes,Yes,No,No,No,No,Month-to-month,Yes,Bank transfer (automatic),85.43,4102.21,Yes
3305-OQU,Male,0,No,Yes,16,Yes,Yes,DSL,Yes,No,No,No,No,No,Two year,Yes,Bank transfer (automatic),57.38,919.92,No
8619-PTB,Female,0,Yes,No,72,Yes,Yes,DSL,No,No,No,No,No,Yes,Month-to-month,No,Electronic check,75.98,5478.56,Yes
3642-QWI,Female,0,No,Yes,34,Yes,Yes,No,No internet service,No internet service,No internet service,No internet service,No internet service,No internet service,Month-to-month,Yes,Credit card (automatic),23.86,809.15,No
7409-RZP,Female,0,No,Yes,66,Yes,Yes,DSL,No,Yes,Yes,No,No,No,Month-to-month,No,Electronic check,50.16,3317.87,Yes
5757-SCW,Female,0,Yes,No,12,Yes,No,DSL,No,Yes,No,Yes,No,Yes,Month-to-month,No,Bank transfer (automatic),76.5,911.18,No
3994-TFD,Male,1,No,No,36,Yes,No,DSL,Yes,Yes,No,Yes,Yes,No,One year,No,Credit card (automatic),54.98,1985.91,Yes
9751-UIK,Female,0,No,No,37,Yes,Yes,Fiber optic,Yes,No,Yes,Yes,No,No,Month-to-month,No,Electronic check,94.28,3485.54,Yes
2271-VLR,Female,0,Yes,No,5,Yes,Yes,Fiber optic,No,No,No,Yes,Yes,Yes,Two year,No,Credit card (automatic),74.19,377.85,No
2813-WOY,Female,0,Yes,No,62,Yes,No,No,No internet service,No internet service,No internet service,No internet service,No internet service,No internet service,Month-to-month,No,Bank transfer (automatic),20.94,1294.58,No
9801-XRF,Female,0,No,No,48,Yes,No,DSL,No,Yes,No,No,No,No,Month-to-month,No,Electronic check,46.17,2220.94,Yes
3461-YUM,Male,0,Yes,Yes,8,No,No phone service,DSL,No,No,No,No,No,Yes,One year,No,Bank transfer (automatic),44.28,361.34,Yes
5120-ZXT,Male,1,Yes,No,35,Yes,Yes,Fiber optic,Yes,No,No,No,No,Yes,Month-to-month,Yes,Mailed check,115.45,4033.17,No
7124-AAA,Female,0,Yes,No,22,Yes,Yes,No,No internet service,No internet service,No internet service,No internet service,No internet service,No internet service,Month-to-month,Yes,Electronic check,23.64,512.33,No
9475-BDH,Female,1,Yes,No,56,Yes,No,Fiber optic,Yes,No,No,Yes,Yes,Yes,Month-to-month,No,Credit card (automatic),80.37,4505.3,No
5396-CGO,Female,0,Yes,Yes,49,No,No phone service,No,No internet service,No internet service,No internet service,No internet service,No internet service,No internet service,Month-to-month,Yes,Mailed check,20.17,992.1,No
1816-DJV,Male,1,Yes,No,58,Yes,Yes,Fiber optic,No,No,Yes,No,No,Yes,Month-to-month,Yes,Credit card (automatic),76.25,4416.01,No
8304-EMC,Male,0,Yes,Yes,6,Yes,No,Fiber optic,No,Yes,Yes,No,Yes,No,Month-to-month,Yes,Credit card (automatic),77.35,474.08,Yes
8331-FPJ,Female,0,No,Yes,46,Yes,Yes,Fiber optic,Yes,No,No,Yes,No,No,Month-to-month,No,Bank transfer (automatic),98.38,4518.29,No
1082-GSQ,Female,0,Yes,Yes,55,Yes,Yes,DSL,No,No,No,No,No,Yes,Month-to-month,Yes,Mailed check,67.63,3719.56,No
2920-HVX,Male,0,Yes,Yes,7,No,No phone service,DSL,No,Yes,No,Yes,No,No,Month-to-month,No,Credit card (automatic),67.11,464.38,Yes
8817-IYE,Male,0,Yes,No,35,Yes,No,Fiber optic,Yes,No,Yes,No,Yes,No,Month-to-month,Yes,Bank transfer (automatic),71.8,2504.67,No
3093-JBL,Male,0,Yes,No,41,Yes,Yes,Fiber optic,No,Yes,Yes,No,No,Yes,Month-to-month,Yes,Electronic check,103.42,4239.22,Yes
8071-KES,Female,0,Yes,No,38,Yes,Yes,DSL,Yes,No,Yes,Yes,No,No,Month-to-month,Yes,Bank transfer (automatic),45.05,1721.86,No
8967-LHZ,Female,1,Yes,No,64,No,No phone service,DSL,Yes,Yes,Yes,No,No,Yes,Month-to-month,No,Electronic check,84.61,5424.21,No
9367-MKG,Female,0,No,No,43,Yes,No,Fiber optic,No,No,No,No,No,Yes,Two year,No,Credit card (automatic),110.5,4748.99,No
6285-NNN,Male,0,Yes,No,45,Yes,No,Fiber optic,No,No,Yes,No,No,Yes,One year,Yes,Mailed check,115.07,5178.17,Yes
5937-OQU,Male,0,Yes,No,12,Yes,Yes,No,No internet service,No internet service,No internet service,No internet service,No internet service,No internet service,Two year,Yes,Electronic check,23.62,291.51,No
1369-PTB,Female,0,No,No,36,Yes,Yes,No,No internet service,No internet service,No internet service,No internet service,No internet service,No internet service,Month-to-month,Yes,Electronic check,20.4,742.65,Yes
2818-QWI,Female,0,Yes,No,13,No,No phone service,No,No internet service,No internet service,No internet service,No internet service,No internet service,No internet service,One year,No,Bank transfer (automatic),19.57,259.98,No
3101-RZP,Female,1,No,No,12,Yes,Yes,Fiber optic,No,Yes,No,No,Yes,Yes,One year,Yes,Electronic check,93.98,1122.93,No
4490-SCW,Female,0,No,No,11,Yes,No,No,No internet service,No internet service,No internet service,No internet service,No internet service,No internet service,Month-to-month,No,Mailed check,23.62,257.26,Yes
2779-TFD,Female,1,Yes,Yes,54,No,No phone service,No,No internet service,No internet service,No internet service,No internet service,No internet service,No internet service,Month-to-month,Yes,Electronic check,21.8,1178.66,No
8674-UIK,Male,0,No,Yes,27,No,No phone service,DSL,No,No,No,Yes,No,Yes,Month-to-month,No,Bank transfer (automatic),56.31,1527.47,Yes
2364-VLR,Female,0,No,No,21,Yes,No,Fiber optic,No,No,No,Yes,Yes,No,Month-to-month,No,Electronic check,82.74,1736.36,Yes
8294-WOY,Female,0,Yes,Yes,18,Yes,Yes,DSL,No,No,No,No,No,Yes,Month-to-month,No,Credit card (automatic),63.88,1152.32,No
4676-XRF,Male,0,No,Yes,29,Yes,No,DSL,No,Yes,No,No,No,No,Month-to-month,No,Bank transfer (automatic),60.36,1748.65,No
3426-YUM,Female,0,No,Yes,53,Yes,Yes,DSL,Yes,No,No,No,Yes,Yes,Two year,No,Electronic check,69.66,3693.76,Yes
9264-ZXT,Female,1,No,No,14,Yes,No,Fiber optic,Yes,No,No,Yes,No,Yes,Two year,No,Bank transfer (automatic),70.62,978.97,No
9089-AAA,Female,0,No,No,29,Yes,Yes,DSL,No,Yes,Yes,Yes,No,No,Month-to-month,Yes,Mailed check,69.93,2025.4,No
3962-BDH,Male,0,No,No,28,Yes,Yes,DSL,No,Yes,No,No,Yes,Yes,Month-to-month,Yes,Electronic check,63.48,1782.77,No
1859-CGO,Male,0,Yes,No,31,No,No phone service,DSL,No,No,No,No,Yes,No,Month-to-month,Yes,Mailed check,76.81,2371.6,Yes
5138-DJV,Female,0,Yes,No,29,Yes,No,DSL,Yes,Yes,No,No,No,No,One year,Yes,Electronic check,55.77,1623.68,No
3424-EMC,Male,0,Yes,Yes,15,Yes,No,DSL,Yes,No,Yes,No,Yes,Yes,One year,No,Electronic check,76.17,1152.26,Yes
5017-FPJ,Female,1,Yes,No,35,Yes,Yes,Fiber optic,No,No,Yes,Yes,No,No,Month-to-month,Yes,Electronic check,116.62,4081.47,Yes
9560-GSQ,Male,1,No,Yes,47,No,No phone service,Fiber optic,No,Yes,No,No,No,Yes,Two year,Yes,Mailed check,92.12,4323.07,No
9342-HVX,Male,0,Yes,No,27,Yes,No,DSL,Yes,No,No,Yes,Yes,No,Month-to-month,No,Credit card (automatic),58.98,1599.49,Yes
2134-IYE,Male,1,No,Yes,61,Yes,No,DSL,No,Yes,Yes,No,No,Yes,Two year,No,Bank transfer (automatic),79.08,4829.75,No
6166-JBL,Female,0,Yes,No,55,Yes,No,Fiber optic,No,Yes,No,Yes,No,Yes,Month-to-month,Yes,Credit card (automatic),81.48,4490.98,Yes
6119-KES,Male,0,Yes,No,55,Yes,No,Fiber optic,No,No,Yes,Yes,Yes,Yes,Month-to-month,No,Bank transfer (automatic),105.72,5809.52,No
6694-LHZ,Male,0,No,No,16,Yes,No,DSL,No,Yes,No,Yes,No,No,Month-to-month,Yes,Credit card (automatic),67.48,1073.42,Yes
7136-MKG,Male,0,Yes,No,61,Yes,No,Fiber optic,No,No,No,Yes,No,No,Month-to-month,No,Bank transfer (automatic),91.03,5545.51,No
6485-NNN,Male,0,No,No,20,Yes,Yes,No,No internet service,No internet service,No internet service,No internet service,No internet service,No internet service,One year,No,Credit card (automatic),19.55,389.88,No
5164-OQU,Female,0,Yes,No,36,Yes,No,DSL,No,No,Yes,Yes,No,No,Two year,Yes,Credit card (automatic),44.55,1608.34,No
3346-PTB,Female,0,Yes,No,33,Yes,No,DSL,No,No,Yes,No,No,No,Month-to-month,No,Bank transfer (automatic),66.07,2173.18,No
6039-QWI,Female,0,Yes,No,28,Yes,Yes,Fiber optic,No,No,No,No,Yes,Yes,Two year,No,Electronic check,72.82,2037.49,No
5897-RZP,Female,0,Yes,No,67,Yes,No,DSL,No,Yes,No,No,Yes,No,Month-to-month,No,Credit card (automatic),48.37,3235.77,No
9252-SCW,Male,1,Yes,No,59,Yes,No,Fiber optic,No,Yes,No,No,No,No,Month-to-month,Yes,Mailed check,99.47,5866.65,No
6041-TFD,Male,0,No,Yes,10,Yes,Yes,DSL,No,No,No,No,No,No,Month-to-month,No,Credit card (automatic),53.87,529.73,Yes
4901-UIK,Male,0,No,Yes,59,Yes,Yes,DSL,Yes,No,No,No,No,No,Month-to-month,Yes,Credit card (automatic),72.26,4261.09,No
2337-VLR,Female,0,Yes,Yes,33,Yes,Yes,DSL,No,Yes,No,Yes,No,Yes,Two year,No,Mailed check,50.07,1643.77,No
2184-WOY,Female,0,Yes,No,32,Yes,No,No,No internet service,No internet service,No internet service,No internet service,No internet service,No internet service,Month-to-month,No,Credit card (automatic),18.73,604.77,No
5426-XRF,Male,1,No,No,9,Yes,No,Fiber optic,No,No,Yes,No,No,Yes,One year,Yes,Electronic check,95.54,850.74,Yes
2551-YUM,Female,1,Yes,Yes,59,Yes,Yes,Fiber optic,Yes,No,Yes,Yes,Yes,No,Month-to-month,Yes,Mailed check,81.63,4812.95,No
2629-ZXT,Female,0,Yes,No,25,Yes,Yes,Fiber optic,Yes,Yes,No,No,No,No,Two year,Yes,Electronic check,90.82,2263.08,No
2526-AAA,Male,0,No,No,24,Yes,Yes,No,No internet service,No internet service,No internet service,No internet service,No internet service,No internet service,Month-to-month,Yes,Electronic check,18.99,460.03,Yes
2361-BDH,Male,0,No,No,1,No,No phone service,Fiber optic,Yes,Yes,No,Yes,Yes,Yes,Two year,Yes,Electronic check,84.27,77.11,No
5370-CGO,Female,0,No,No,2,Yes,No,No,No internet service,No internet service,No internet service,No internet service,No internet service,No internet service,One year,No,Bank transfer (automatic),18.65,40.34,No
6283-DJV,Male,0,No,Yes,31,Yes,No,No,No internet service,No internet service,No internet service,No internet service,No internet service,No internet service,One year,Yes,Bank transfer (automatic),23.72,737.64,No
8610-EMC,Male,0,Yes,No,0,Yes,No,No,No internet service,No internet service,No internet service,No internet service,No internet service,No internet service,One year,Yes,Mailed check,18.28, ,Yes
2993-FPJ,Male,1,Yes,Yes,23,Yes,No,No,No internet service,No internet service,No internet service,No internet service,No internet service,No internet service,Month-to-month,Yes,Bank transfer (automatic),24.73,570.48,Yes
1869-GSQ,Male,1,Yes,No,49,Yes,Yes,Fiber optic,Yes,Yes,Yes,No,No,Yes,Month-to-month,No,Electronic check,83.27,4075.55,Yes
2014-HVX,Female,0,No,Yes,42,Yes,No,DSL,Yes,No,Yes,No,No,Yes,Two year,No,Bank transfer (automatic),47.2,1990.16,No
1602-IYE,Male,0,Yes,Yes,43,Yes,No,Fiber optic,No,No,No,No,No,No,Month-to-month,Yes,Credit card (automatic),111.69,4796.46,No
1690-JBL,Female,1,No,No,32,No,No phone service,DSL,Yes,No,No,Yes,No,No,Month-to-month,No,Credit card (automatic),71.4,2282.13,No
9685-KES,Female,0,No,No,37,Yes,No,Fiber optic,Yes,Yes,No,No,Yes,No,Month-to-month,Yes,Credit card (automatic),111.57,4132.65,Yes
1489-LHZ,Male,0,Yes,No,51,Yes,Yes,Fiber optic,No,No,Yes,No,Yes,No,Two year,Yes,Bank transfer (automatic),96.63,4922.64,No
7864-MKG,Male,0,Yes,No,34,Yes,Yes,No,No internet service,No internet service,No internet service,No internet service,No internet service,No internet service,Month-to-month,Yes,Mailed check,19.99,681.8,No
8240-NNN,Male,0,Yes,No,16,Yes,No,DSL,No,No,Yes,No,No,No,Month-to-month,Yes,Electronic check,48.04,772.94,Yes
8786-OQU,Male,0,Yes,Yes,57,Yes,No,DSL,No,Yes,Yes,No,No,Yes,One year,No,Electronic check,66.43,3787.53,Yes
9024-PTB,Male,0,Yes,No,47,Yes,Yes,DSL,No,No,No,No,No,Yes,Month-to-month,Yes,Electronic check,70.54,3311.85,No
1294-QWI,Male,1,Yes,No,42,Yes,Yes,DSL,Yes,No,No,No,No,No,One year,Yes,Electronic check,62.32,2623.18,No
6488-RZP,Female,0,No,No,47,Yes,No,Fiber optic,No,Yes,Yes,No,No,Yes,Two year,Yes,Bank transfer (automatic),86.2,4043.55,Yes
5027-SCW,Female,0,No,No,43,Yes,No,Fiber optic,No,No,Yes,No,Yes,No,Two year,No,Bank transfer (automatic),111.38,4783.91,No
3912-TFD,Female,0,No,No,32,Yes,Yes,No,No internet service,No internet service,No internet service,No internet service,No internet service,No internet service,Two year,Yes,Mailed check,22.57,719.66,No
5744-UIK,Female,0,No,No,1,Yes,No,Fiber optic,No,No,No,Yes,No,Yes,One year,No,Bank transfer (automatic),77.38,76.66,No
2873-VLR,Female,1,Yes,No,9,Yes,No,Fiber optic,No,No,No,No,Yes,Yes,Month-to-month,Yes,Mailed check,114.73,1023.04,Yes
4258-WOY,Male,0,Yes,No,27,Yes,No,Fiber optic,No,No,No,Yes,No,Yes,Month-to-month,Yes,Mailed check,78.33,2118.77,Yes
3817-XRF,Male,0,Yes,No,46,Yes,Yes,No,No internet service,No internet service,No internet service,No internet service,No internet service,No internet service,Month-to-month,Yes,Electronic check,24.27,1109.99,Yes
9636-YUM,Male,1,Yes,Yes,7,Yes,Yes,Fiber optic,Yes,No,No,Yes,Yes,No,One year,No,Mailed check,72.04,512.11,No
4641-ZXT,Male,0,No,Yes,22,Yes,Yes,Fiber optic,No,No,No,No,No,Yes,Month-to-month,No,Mailed check,117.33,2577.37,Yes
5458-AAA,Male,0,No,No,47,Yes,No,Fiber optic,No,No,No,No,No,Yes,One year,No,Electronic check,94.41,4432.72,Yes
6307-BDH,Female,0,Yes,Yes,62,No,No phone service,Fiber optic,Yes,No,No,No,Yes,Yes,Month-to-month,Yes,Electronic check,76.0,4704.45,No
9933-CGO,Female,0,Yes,No,36,Yes,No,DSL,No,Yes,No,No,Yes,Yes,Month-to-month,No,Bank transfer (automatic),48.44,1748.89,Yes
3041-DJV,Female,1,Yes,Yes,11,Yes,No,No,No internet service,No internet service,No internet service,No internet service,No internet service,No internet service,Month-to-month,Yes,Bank transfer (automatic),21.07,240.39,No
1679-EMC,Male,0,Yes,No,64,No,No phone service,DSL,No,Yes,Yes,No,No,No,Month-to-month,Yes,Electronic check,61.36,3932.78,No
6738-FPJ,Female,0,No,No,14,Yes,Yes,Fiber optic,No,No,No,No,No,No,Month-to-month,Yes,Bank transfer (automatic),98.32,1383.73,Yes
6668-GSQ,Male,0,No,Yes,9,Yes,Yes,No,No internet service,No internet service,No internet service,No internet service,No internet service,No internet service,One year,Yes,Credit card (automatic),20.66,188.71,Yes
8697-HVX,Male,0,No,No,41,Yes,No,Fiber optic,Yes,Yes,No,No,No,No,Month-to-month,No,Bank transfer (automatic),94.82,3884.53,Yes
9033-IYE,Female,1,No,No,25,No,No phone service,Fiber optic,No,Yes,No,No,Yes,No,One year,No,Mailed check,99.46,2491.48,No
1062-JBL,Female,0,Yes,Yes,48,Yes,Yes,No,No internet service,No internet service,No internet service,No internet service,No internet service,No internet service,Month-to-month,No,Mailed check,24.07,1149.29,No
8829-KES,Male,0,No,Yes,22,Yes,No,Fiber optic,No,Yes,Yes,No,No,Yes,Month-to-month,No,Electronic check,116.75,2558.65,No
8352-LHZ,Female,0,No,No,63,Yes,No,Fiber optic,No,Yes,No,No,No,No,Month-to-month,Yes,Credit card (automatic),113.05,7119.37,Yes
7915-MKG,Male,0,Yes,No,16,Yes,Yes,DSL,No,No,No,No,No,No,Month-to-month,Yes,Credit card (automatic),47.35,759.35,No
9326-NNN,Male,1,Yes,No,33,Yes,No,Fiber optic,Yes,No,Yes,No,Yes,No,Month-to-month,Yes,Mailed check,84.69,2797.98,Yes
4644-OQU,Male,0,No,No,56,Yes,No,Fiber optic,No,Yes,No,Yes,Yes,No,One year,Yes,Electronic check,76.33,4273.16,Yes
5970-PTB,Male,1,Yes,No,3,Yes,Yes,Fiber optic,Yes,Yes,Yes,No,No,No,Two year,Yes,Credit card (automatic),98.77,303.37,No
9003-QWI,Male,0,No,No,70,Yes,Yes,Fiber optic,No,No,Yes,No,No,Yes,One year,Yes,Bank transfer (automatic),104.93,7351.43,No
4278-RZP,Male,0,Yes,No,68,Yes,No,No,No internet service,No internet service,No internet service,No internet service,No internet service,No internet service,One year,No,Credit card (automatic),23.05,1557.54,No
8296-SCW,Female,1,No,Yes,67,Yes,Yes,DSL,No,No,No,No,Yes,No,One year,Yes,Credit card (automatic),62.66,4202.2,No
4074-TFD,Male,0,No,No,49,Yes,Yes,Fiber optic,No,No,Yes,Yes,No,No,Two year,No,Electronic check,99.63,4886.28,No
9312-UIK,Female,0,No,No,66,Yes,No,Fiber optic,No,No,Yes,No,No,No,Two year,Yes,Electronic check,83.65,5526.32,Yes
8552-VLR,Female,0,No,Yes,67,Yes,Yes,DSL,No,No,No,No,No,Yes,Month-to-month,No,Mailed check,71.62,4804.16,No
2637-WOY,Female,0,No,Yes,58,Yes,No,DSL,No,No,No,No,Yes,Yes,Month-to-month,Yes,Mailed check,50.35,2913.9,No
6103-XRF,Male,0,No,Yes,62,Yes,Yes,Fiber optic,No,Yes,No,Yes,No,No,Two year,Yes,Electronic check,74.97,4642.33,No
1644-YUM,Female,0,Yes,No,66,Yes,Yes,No,No internet service,No internet service,No internet service,No internet service,No internet service,No internet service,Month-to-month,Yes,Bank transfer (automatic),20.77,1371.71,No
3032-ZXT,Female,0,Yes,No,25,Yes,Yes,No,No internet service,No internet service,No internet service,No internet service,No internet service,No internet service,Two year,Yes,Bank transfer (automatic),23.54,584.88,No
3761-AAA,Male,0,Yes,No,0,Yes,No,DSL,Yes,No,No,No,Yes,No,Two year,Yes,Mailed check,54.78, ,No
3068-BDH,Male,0,Yes,No,67,Yes,Yes,DSL,Yes,No,Yes,No,No,Yes,Month-to-month,Yes,Mailed check,52.15,3495.95,No
1241-CGO,Male,0,No,No,17,Yes,No,DSL,No,No,Yes,No,No,Yes,Month-to-month,No,Mailed check,81.13,1378.51,Yes
3668-DJV,Male,0,No,No,11,Yes,Yes,DSL,No,No,No,Yes,Yes,No,Month-to-month,No,Credit card (automatic),67.34,736.24,Yes
1802-EMC,Male,0,Yes,Yes,37,Yes,No,Fiber optic,No,No,No,No,Yes,No,Month-to-month,No,Mailed check,79.53,2946.28,Yes
6059-FPJ,Male,0,Yes,Yes,41,Yes,Yes,DSL,No,Yes,No,No,No,Yes,Month-to-month,No,Bank transfer (automatic),51.66,2117.22,No
1195-GSQ,Female,1,Yes,Yes,35,Yes,No,DSL,No,No,No,No,No,Yes,Month-to-month,No,Credit card (automatic),48.83,1715.56,No
3187-HVX,Male,0,Yes,No,15,Yes,No,No,No internet service,No internet service,No internet service,No internet service,No internet service,No internet service,Month-to-month,Yes,Bank transfer (automatic),19.09,277.23,No
3330-IYE,Male,1,Yes,No,64,Yes,No,Fiber optic,No,Yes,Yes,Yes,No,No,Two year,Yes,Mailed check,109.14,6979.6,No
5841-JBL,Female,0,No,No,66,Yes,No,No,No internet service,No internet service,No internet service,No internet service,No internet service,No internet service,Month-to-month,No,Mailed check,23.67,1552.23,Yes
4606-KES,Female,0,No,No,38,Yes,No,DSL,No,Yes,Yes,No,Yes,Yes,One year,No,Electronic check,83.1,3156.17,No
9468-LHZ,Female,0,No,Yes,58,Yes,No,Fiber optic,No,No,No,No,No,No,Month-to-month,No,Credit card (automatic),84.5,4895.13,No
1060-MKG,Male,0,Yes,No,37,Yes,Yes,No,No internet service,No internet service,No internet service,No internet service,No internet service,No internet service,Month-to-month,Yes,Credit card (automatic),22.12,812.85,No
4927-NNN,Female,0,Yes,Yes,15,Yes,No,Fiber optic,No,No,Yes,No,Yes,No,Month-to-month,Yes,Credit card (automatic),96.19,1446.7,Yes
7296-OQU,Male,1,No,No,10,Yes,No,Fiber optic,No,No,Yes,No,No,No,Month-to-month,No,Mailed check,74.98,755.58,Yes
3591-PTB,Male,0,Yes,No,27,Yes,No,DSL,Yes,No,No,No,No,No,Month-to-month,Yes,Bank transfer (automatic),65.5,1763.63,Yes
9758-QWI,Male,0,Yes,No,1,Yes,Yes,No,No internet service,No internet service,No internet service,No internet service,No internet service,No internet service,One year,No,Credit card (automatic),19.68,21.97,No
7121-RZP,Male,1,Yes,No,19,Yes,No,Fiber optic,Yes,No,Yes,Yes,No,No,Two year,Yes,Bank transfer (automatic),81.87,1557.13,No
2200-SCW,Female,0,No,Yes,71,Yes,No,No,No internet service,No internet service,No internet service,No internet service,No internet service,No internet service,One year,Yes,Credit card (automatic),23.79,1679.18,No
3854-TFD,Female,0,No,No,37,No,No phone service,Fiber optic,Yes,No,Yes,Yes,Yes,Yes,Month-to-month,No,Mailed check,84.55,3137.12,Yes
8024-UIK,Female,0,No,Yes,55,Yes,Yes,Fiber optic,No,Yes,Yes,No,No,Yes,Two year,Yes,Electronic check,108.0,5936.8,No
7972-VLR,Male,1,Yes,No,38,Yes,Yes,Fiber optic,No,No,No,Yes,No,Yes,One year,No,Credit card (automatic),73.08,2773.23,No
1136-WOY,Female,0,No,No,30,Yes,Yes,Fiber optic,No,No,No,No,No,Yes,One year,No,Mailed check,96.4,2893.75,Yes
2029-XRF,Female,0,No,No,22,Yes,Yes,No,No internet service,No internet service,No internet service,No internet service,No internet service,No internet service,Two year,No,Bank transfer (automatic),22.61,494.67,No
3594-YUM,Female,0,Yes,No,33,Yes,No,No,No internet service,No internet service,No internet service,No internet service,No internet service,No internet service,Month-to-month,Yes,Mailed check,23.57,773.75,Yes
8206-ZXT,Male,0,No,No,16,Yes,Yes,DSL,No,No,Yes,Yes,No,No,Month-to-month,Yes,Mailed check,75.34,1210.16,No
1661-AAA,Female,0,No,Yes,23,Yes,Yes,No,No internet service,No internet service,No internet service,No internet service,No internet service,No internet service,Month-to-month,No,Electronic check,20.0,464.77,No
3472-BDH,Male,0,No,No,34,Yes,Yes,DSL,No,Yes,No,Yes,No,No,Two year,Yes,Bank transfer (automatic),70.47,2399.69,No
1086-CGO,Female,0,No,Yes,22,Yes,Yes,DSL,No,No,Yes,Yes,Yes,No,One year,Yes,Electronic check,51.4,1137.94,Yes
7219-DJV,Male,0,Yes,No,7,Yes,No,Fiber optic,Yes,No,No,No,No,Yes,Two year,Yes,Mailed check,77.78,544.4,Yes
9143-EMC,Female,0,No,Yes,53,Yes,Yes,Fiber optic,No,Yes,No,Yes,Yes,No,One year,No,Mailed check,79.49,4216.02,No
7968-FPJ,Male,0,Yes,No,20,Yes,Yes,DSL,Yes,No,No,No,No,Yes,Month-to-month,Yes,Bank transfer (automatic),52.5,1059.9,Yes
3773-GSQ,Male,0,No,Yes,18,Yes,No,DSL,Yes,No,No,No,No,No,Month-to-month,Yes,Bank transfer (automatic),50.29,900.01,No
2700-HVX,Female,0,No,Yes,30,Yes,No,Fiber optic,No,Yes,No,Yes,No,Yes,Two year,Yes,Credit card (automatic),86.16,2591.72,Yes
3700-IYE,Male,0,No,No,49,Yes,No,No,No internet service,No internet service,No internet service,No internet service,No internet service,No internet service,Two year,No,Bank transfer (automatic),23.06,1124.12,No
7815-JBL,Male,1,Yes,No,70,Yes,Yes,DSL,No,No,No,Yes,Yes,Yes,Month-to-month,No,Credit card (automatic),76.19,5332.29,No
2647-KES,Male,0,No,Yes,23,Yes,Yes,DSL,No,No,Yes,No,No,Yes,Month-to-month,Yes,Electronic check,58.2,1336.82,No
7038-LHZ,Male,0,Yes,No,45,Yes,No,Fiber optic,No,Yes,Yes,No,Yes,Yes,Month-to-month,Yes,Mailed check,105.45,4750.23,No
6164-MKG,Female,0,Yes,No,7,Yes,No,DSL,No,No,Yes,No,No,No,Month-to-month,Yes,Credit card (automatic),75.6,532.96,No
6520-NNN,Male,0,No,Yes,2,Yes,Yes,DSL,No,No,No,No,No,Yes,Month-to-month,Yes,Electronic check,59.87,125.13,No
4687-OQU,Male,0,Yes,No,33,Yes,Yes,DSL,Yes,No,Yes,No,No,No,Month-to-month,No,Bank transfer (automatic),84.79,2799.05,Yes
1596-PTB,Male,0,Yes,No,56,Yes,No,DSL,No,No,No,No,No,Yes,One year,No,Electronic check,66.66,3724.48,Yes
5545-QWI,Male,0,Yes,Yes,57,Yes,No,Fiber optic,No,No,No,No,No,Yes,Month-to-month,Yes,Mailed check,104.18,5940.14,No
9676-RZP,Female,0,Yes,No,34,Yes,No,No,No internet service,No internet service,No internet service,No internet service,No internet service,No internet service,Two year,No,Mailed check,18.93,638.76,No
9837-SCW,Male,0,Yes,No,20,Yes,No,Fiber optic,No,No,No,Yes,Yes,No,Two year,Yes,Credit card (automatic),97.51,1948.89,No
5757-TFD,Male,1,No,Yes,64,Yes,No,DSL,No,Yes,Yes,No,Yes,No,Month-to-month,Yes,Bank transfer (automatic),74.04,4730.89,Yes
5384-UIK,Female,0,No,No,65,Yes,No,DSL,Yes,Yes,No,No,Yes,Yes,Month-to-month,Yes,Electronic check,65.8,4271.11,No
9912-VLR,Male,0,Yes,No,56,No,No phone service,No,No internet service,No internet service,No internet service,No internet service,No internet service,No internet service,One year,No,Mailed check,23.98,1341.75,No
5733-WOY,Male,0,Yes,No,41,Yes,No,DSL,No,Yes,No,Yes,No,No,Two year,Yes,Mailed check,47.03,1932.23,No
8081-XRF,Female,0,Yes,No,42,Yes,Yes,No,No internet service,No internet service,No internet service,No internet service,No internet service,No internet service,Month-to-month,No,Mailed check,24.24,1015.15,No
9690-YUM,Female,0,No,Yes,25,Yes,Yes,No,No internet service,No internet service,No internet service,No internet service,No internet service,No internet service,One year,No,Credit card (automatic),23.45,584.13,No
8117-ZXT,Male,0,Yes,No,66,Yes,No,Fiber optic,No,Yes,No,No,No,No,Two year,Yes,Credit card (automatic),70.17,4634.08,No
5729-AAA,Female,0,Yes,No,25,Yes,No,DSL,No,Yes,No,Yes,Yes,No,One year,No,Mailed check,47.36,1178.09,No
2673-BDH,Female,0,Yes,No,7,Yes,No,No,No internet service,No internet service,No internet service,No internet service,No internet service,No internet service,One year,Yes,Bank transfer (automatic),18.96,124.93,Yes
9306-CGO,Female,0,Yes,Yes,46,Yes,Yes,No,No internet service,No internet service,No internet service,No internet service,No internet service,No internet service,Two year,No,Mailed check,21.02,974.59,No
8178-DJV,Female,0,No,No,36,Yes,No,Fiber optic,No,Yes,Yes,No,No,No,One year,No,Electronic check,76.68,2756.8,No
3294-EMC,Male,1,Yes,No,71,Yes,No,DSL,No,No,No,No,No,Yes,Month-to-month,Yes,Mailed check,45.67,3239.85,No
4630-FPJ,Female,0,Yes,No,17,Yes,Yes,Fiber optic,Yes,No,No,Yes,No,No,Two year,No,Credit card (automatic),110.16,1878.77,No
1146-GSQ,Male,0,Yes,No,35,Yes,No,No,No internet service,No internet service,No internet service,No internet service,No internet service,No internet service,Month-to-month,Yes,Mailed check,19.7,684.06,No
4453-HVX,Male,0,No,No,1,No,No phone service,Fiber optic,Yes,No,No,No,Yes,Yes,Two year,Yes,Mailed check,99.43,106.29,Yes
5507-IYE,Male,1,No,Yes,2,Yes,Yes,Fiber optic,Yes,Yes,No,No,Yes,No,One year,No,Electronic check,98.71,200.35,Yes
6783-JBL,Female,0,Yes,No,33,Yes,Yes,Fiber optic,No,No,No,No,Yes,Yes,One year,Yes,Bank transfer (automatic),109.16,3607.82,No
8751-KES,Male,1,Yes,No,45,Yes,Yes,Fiber optic,No,Yes,No,No,Yes,No,One year,Yes,Mailed check,96.38,4337.4,No
6628-LHZ,Female,0,No,No,61,Yes,No,No,No internet service,No internet service,No internet service,No internet service,No internet service,No internet service,One year,No,Bank transfer (automatic),24.81,1504.74,No
9328-MKG,Female,0,Yes,No,69,Yes,Yes,Fiber optic,No,Yes,No,Yes,No,Yes,Month-to-month,No,Credit card (automatic),95.87,6620.02,Yes
4360-NNN,Male,0,No,No,56,Yes,No,Fiber optic,Yes,Yes,No,No,No,No,Two year,Yes,Electronic check,102.84,5755.24,No
4005-OQU,Male,0,Yes,No,9,Yes,Yes,Fiber optic,No,Yes,No,Yes,No,Yes,One year,No,Credit card (automatic),114.18,1030.4,Yes
4552-PTB,Male,0,Yes,No,17,Yes,No,No,No internet service,No internet service,No internet service,No internet service,No internet service,No internet service,One year,No,Electronic check,23.11,384.77,No
1018-QWI,Male,0,No,No,32,Yes,No,Fiber optic,Yes,Yes,No,No,No,No,One year,Yes,Credit card (automatic),105.56,3381.61,Yes
3242-RZP,Male,0,No,Yes,6,Yes,Yes,Fiber optic,No,No,Yes,Yes,Yes,No,Month-to-month,Yes,Bank transfer (automatic),72.83,430.06,Yes
7318-SCW,Male,0,No,No,44,Yes,Yes,Fiber optic,No,Yes,No,Yes,Yes,No,Two year,Yes,Mailed check,74.11,3254.35,No
6097-TFD,Male,0,No,No,28,Yes,No,DSL,Yes,No,Yes,No,Yes,Yes,Month-to-month,Yes,Mailed check,55.26,1544.34,Yes
9640-UIK,Female,0,Yes,No,37,No,No phone service,No,No internet service,No internet service,No internet service,No internet service,No internet service,No internet service,Month-to-month,Yes,Electronic check,22.05,824.78,Yes
2948-VLR,Female,0,No,No,38,No,No phone service,No,No internet service,No internet service,No internet service,No internet service,No internet service,No internet service,Month-to-month,Yes,Bank transfer (automatic),24.22,917.64,No
6618-WOY,Male,0,No,No,24,Yes,No,No,No internet service,No internet service,No internet service,No internet service,No internet service,No internet service,Month-to-month,No,Credit card (automatic),18.84,448.36,Yes
5236-XRF,Male,0,No,No,16,Yes,No,Fiber optic,Yes,Yes,Yes,No,No,No,Two year,No,Bank transfer (automatic),76.93,1226.43,No
7901-YUM,Female,0,Yes,Yes,60,Yes,Yes,No,No internet service,No internet service,No internet service,No internet service,No internet service,No internet service,Two year,Yes,Electronic check,21.82,1313.09,No
2920-ZXT,Female,0,Yes,No,50,Yes,No,DSL,No,No,Yes,No,No,No,Two year,Yes,Bank transfer (automatic),49.66,2491.37,No
5188-AAA,Female,1,Yes,Yes,36,Yes,Yes,DSL,Yes,No,No,No,No,No,Month-to-month,No,Electronic check,63.22,2274.27,No
1238-BDH,Male,0,No,No,66,Yes,No,DSL,No,No,No,Yes,No,No,One year,No,Electronic check,81.04,5350.14,No
1204-CGO,Male,0,Yes,No,23,Yes,No,Fiber optic,Yes,Yes,Yes,Yes,Yes,No,Month-to-month,Yes,Bank transfer (automatic),106.41,2453.61,No
6552-DJV,Male,0,Yes,Yes,48,Yes,No,Fiber optic,No,No,No,Yes,No,No,One year,Yes,Electronic check,106.4,5108.01,No
5927-EMC,Male,0,No,No,20,Yes,No,No,No internet service,No internet service,No internet service,No internet service,No internet service,No internet service,Month-to-month,No,Mailed check,21.07,424.6,No
5390-FPJ,Male,0,Yes,No,56,Yes,No,No,No internet service,No internet service,No internet service,No internet service,No internet service,No internet service,One year,No,Mailed check,22.8,1281.34,No
3687-GSQ,Female,1,No,No,40,Yes,No,Fiber optic,No,No,No,No,Yes,No,One year,Yes,Electronic check,105.92,4244.76,Yes
5951-HVX,Female,0,No,No,16,Yes,No,Fiber optic,No,No,No,No,No,No,Two year,Yes,Credit card (automatic),70.98,1131.26,No
7160-IYE,Female,0,Yes,Yes,20,No,No phone service,No,No internet service,No internet service,No internet service,No internet service,No internet service,No internet service,Two year,No,Credit card (automatic),23.75,465.96,No
6388-JBL,Male,0,Yes,No,67,Yes,No,Fiber optic,Yes,Yes,No,No,Yes,Yes,One year,No,Mailed check,113.48,7612.59,Yes
6126-KES,Female,0,No,Yes,63,Yes,Yes,No,No internet service,No internet service,No internet service,No internet service,No internet service,No internet service,Month-to-month,Yes,Mailed check,19.07,1211.39,No
1816-LHZ,Male,0,No,No,43,Yes,Yes,No,No internet service,No internet service,No internet service,No internet service,No internet service,No internet service,Month-to-month,No,Electronic check,23.93,1036.89,Yes
1192-MKG,Male,0,No,No,27,Yes,No,No,No internet service,No internet service,No internet service,No internet service,No internet service,No internet service,Two year,No,Mailed check,20.67,554.31,No
2776-NNN,Female,0,Yes,No,35,Yes,Yes,No,No internet service,No internet service,No internet service,No internet service,No internet service,No internet service,Month-to-month,Yes,Mailed check,20.4,713.62,No
4645-OQU,Male,0,Yes,No,36,Yes,Yes,No,No internet service,No internet service,No internet service,No internet service,No internet service,No internet service,Month-to-month,No,Credit card (automatic),22.33,809.21,Yes
7314-PTB,Male,0,No,No,43,Yes,Yes,No,No internet service,No internet service,No internet service,No internet service,No internet service,No internet service,Month-to-month,Yes,Bank transfer (automatic),23.73,1014.04,No
9442-QWI,Female,0,Yes,No,49,Yes,Yes,No,No internet service,No internet service,No internet service,No internet service,No internet service,No internet service,Month-to-month,Yes,Electronic check,20.93,1033.77,Yes
2788-RZP,Female,0,No,Yes,54,No,No phone service,DSL,Yes,No,No,Yes,No,No,Month-to-month,Yes,Electronic check,69.95,3784.18,No
8374-SCW,Male,0,No,Yes,9,Yes,No,Fiber optic,No,No,No,No,No,Yes,Two year,Yes,Electronic check,110.4,997.63,Yes
4700-TFD,Female,0,No,No,37,Yes,No,DSL,Yes,No,Yes,No,No,No,Two year,No,Electronic check,76.14,2824.39,No
4893-UIK,Female,0,No,No,48,Yes,No,No,No internet service,No internet service,No internet service,No internet service,No internet service,No internet service,Month-to-month,Yes,Electronic check,20.11,966.37,Yes
7811-VLR,Male,0,Yes,Yes,71,Yes,No,No,No internet service,No internet service,No internet service,No internet service,No internet service,No internet service,Two year,Yes,Mailed check,23.02,1626.8,No
3679-WOY,Male,0,Yes,No,1,Yes,No,DSL,Yes,No,No,No,No,Yes,Two year,Yes,Bank transfer (automatic),70.14,64.93,No
4904-XRF,Female,0,No,No,43,Yes,No,DSL,No,No,Yes,No,No,Yes,Month-to-month,Yes,Credit card (automatic),72.32,3111.57,No
8260-YUM,Male,0,Yes,No,34,Yes,Yes,No,No internet service,No internet service,No internet service,No internet service,No internet service,No internet service,Month-to-month,Yes,Mailed check,21.11,727.14,Yes
1504-ZXT,Male,0,No,No,20,Yes,No,Fiber optic,No,No,No,No,No,Yes,Month-to-month,No,Credit card (automatic),70.99,1410.13,Yes
7773-AAA,Female,1,No,Yes,56,Yes,No,Fiber optic,Yes,No,Yes,Yes,No,Yes,Month-to-month,Yes,Electronic check,86.62,4853.88,No
4816-BDH,Male,0,No,No,22,No,No phone service,Fiber optic,No,No,Yes,Yes,Yes,No,Month-to-month,Yes,Electronic check,105.96,2336.44,Yes
1717-CGO,Female,0,No,No,31,Yes,Yes,No,No internet service,No internet service,No internet service,No internet service,No internet service,No internet service,Month-to-month,No,Mailed check,23.48,735.05,Yes
5434-DJV,Female,0,No,No,70,Yes,No,Fiber optic,No,No,No,No,No,Yes,Month-to-month,No,Mailed check,112.41,7877.65,No
1658-EMC,Male,0,Yes,No,32,Yes,No,Fiber optic,Yes,Yes,Yes,Yes,No,No,Month-to-month,No,Electronic check,81.25,2592.12,Yes
6057-FPJ,Male,0,Yes,Yes,16,Yes,No,Fiber optic,No,No,Yes,No,Yes,Yes,Month-to-month,No,Electronic check,101.75,1621.54,No
5008-GSQ,Female,0,Yes,No,71,Yes,Yes,DSL,No,No,No,Yes,No,No,Month-to-month,Yes,Electronic check,52.25,3702.2,No
5994-HVX,Male,0,Yes,Yes,41,Yes,Yes,No,No internet service,No internet service,No internet service,No internet service,No internet service,No internet service,Two year,No,Electronic check,19.4,802.76,No
5234-IYE,Male,0,Yes,No,16,Yes,Yes,Fiber optic,Yes,No,No,No,Yes,No,Month-to-month,Yes,Electronic check,104.15,1659.03,Yes
4764-JBL,Male,0,No,No,47,Yes,Yes,Fiber optic,Yes,Yes,Yes,No,No,Yes,One year,No,Mailed check,78.47,3678.73,No
5637-KES,Female,0,No,No,47,Yes,Yes,DSL,Yes,No,No,No,Yes,No,Month-to-month,Yes,Electronic check,45.32,2120.42,No
3104-LHZ,Male,0,No,No,56,Yes,No,DSL,No,Yes,Yes,No,No,No,Month-to-month,No,Mailed check,68.86,3854.37,No
7801-MKG,Female,0,Yes,No,60,No,No phone service,DSL,No,No,No,No,No,No,Two year,No,Electronic check,45.4,2726.25,No
9575-NNN,Female,1,Yes,No,43,Yes,Yes,No,No internet service,No internet service,No internet service,No internet service,No internet service,No internet service,Two year,Yes,Mailed check,21.87,934.97,No
3607-OQU,Male,0,No,Yes,22,Yes,No,DSL,No,No,No,Yes,Yes,No,Month-to-month,Yes,Bank transfer (automatic),77.0,1689.79,Yes
9385-PTB,Male,0,No,No,52,Yes,Yes,DSL,No,No,No,No,Yes,Yes,Two year,Yes,Credit card (automatic),45.81,2374.46,No
4719-QWI,Male,0,No,No,32,Yes,Yes,Fiber optic,Yes,Yes,Yes,No,Yes,No,Month-to-month,No,Credit card (automatic),102.66,3284.33,Yes
3581-RZP,Female,0,No,No,55,Yes,Yes,Fiber optic,Yes,No,No,No,Yes,Yes,Month-to-month,Yes,Bank transfer (automatic),73.55,4045.23,Yes
3565-SCW,Female,0,No,No,27,Yes,No,Fiber optic,No,No,Yes,No,Yes,Yes,Two year,No,Credit card (automatic),100.36,2713.09,No
3763-TFD,Male,1,No,No,22,Yes,Yes,Fiber optic,Yes,No,No,No,No,No,Month-to-month,Yes,Mailed check,112.46,2475.05,Yes
7328-UIK,Female,0,Yes,No,62,Yes,Yes,DSL,Yes,No,Yes,No,No,No,Month-to-month,No,Bank transfer (automatic),61.61,3815.2,No
6991-VLR,Male,0,Yes,Yes,6,Yes,Yes,Fiber optic,Yes,No,No,Yes,No,No,Two year,Yes,Credit card (automatic),88.43,538.15,Yes
4406-WOY,Female,0,No,No,1,No,No phone service,No,No internet service,No internet service,No internet service,No internet service,No internet service,No internet service,Month-to-month,Yes,Bank transfer (automatic),23.8,20.58,No
9923-XRF,Male,0,Yes,Yes,64,Yes,Yes,Fiber optic,No,No,Yes,Yes,No,No,One year,Yes,Electronic check,100.59,6441.77,No
5780-YUM,Male,0,No,No,3,Yes,No,No,No internet service,No internet service,No internet service,No internet service,No internet service,No internet service,Month-to-month,No,Credit card (automatic),21.29,68.12,No
5177-ZXT,Male,1,Yes,No,7,Yes,No,DSL,Yes,Yes,Yes,Yes,Yes,No,Month-to-month,No,Mailed check,69.79,480.74,Yes
7476-AAA,Male,0,Yes,No,48,Yes,No,Fiber optic,No,No,No,Yes,Yes,No,Month-to-month,No,Electronic check,84.68,4065.3,No
3604-BDH,Male,0,Yes,No,28,Yes,No,DSL,No,No,Yes,Yes,No,Yes,Month-to-month,Yes,Credit card (automatic),81.4,2277.52,No
9181-CGO,Female,1,Yes,No,54,Yes,No,Fiber optic,Yes,Yes,Yes,No,Yes,No,Month-to-month,No,Mailed check,70.31,3804.33,No
3382-DJV,Female,0,No,No,36,Yes,Yes,No,No internet service,No internet service,No internet service,No internet service,No internet service,No internet service,Month-to-month,Yes,Bank transfer (automatic),20.06,720.03,No
1531-EMC,Male,0,Yes,No,5,Yes,No,No,No internet service,No internet service,No internet service,No internet service,No internet service,No internet service,Two year,No,Credit card (automatic),23.91,111.81,No
7079-FPJ,Female,0,No,Yes,23,Yes,Yes,DSL,No,Yes,No,No,No,No,Two year,No,Electronic check,52.16,1207.26,No
1634-GSQ,Male,0,Yes,No,39,Yes,Yes,No,No internet service,No internet service,No internet service,No internet service,No internet service,No internet service,Two year,Yes,Bank transfer (automatic),19.84,781.62,No
1002-HVX,Female,0,Yes,No,11,Yes,No,Fiber optic,No,Yes,No,Yes,No,No,Month-to-month,No,Electronic check,97.38,1075.7,Yes
9397-IYE,Female,0,Yes,No,63,Yes,No,Fiber optic,No,No,No,No,Yes,No,Month-to-month,No,Bank transfer (automatic),102.96,6488.07,Yes
6951-JBL,Male,0,No,No,45,Yes,Yes,Fiber optic,Yes,Yes,No,No,No,No,Month-to-month,Yes,Mailed check,72.04,3248.13,Yes
6626-KES,Male,0,Yes,No,13,No,No phone service,Fiber optic,Yes,No,Yes,Yes,Yes,No,Month-to-month,Yes,Credit card (automatic),110.38,1428.06,Yes
8739-LHZ,Male,0,No,No,26,No,No phone service,No,No internet service,No internet service,No internet service,No internet service,No internet service,No internet service,Month-to-month,Yes,Credit card (automatic),22.09,577.91,Yes
7003-MKG,Male,0,Yes,Yes,36,No,No phone service,DSL,No,Yes,Yes,No,Yes,No,Month-to-month,No,Bank transfer (automatic),45.96,1647.85,Yes
3890-NNN,Male,0,Yes,No,61,No,No phone service,DSL,Yes,No,No,No,Yes,No,One year,No,Bank transfer (automatic),66.1,4037.35,No
7239-OQU,Female,0,No,No,66,Yes,No,DSL,Yes,Yes,No,Yes,Yes,No,Two year,Yes,Electronic check,50.72,3340.26,No
9026-PTB,Female,0,No,Yes,13,Yes,No,Fiber optic,Yes,Yes,Yes,Yes,No,Yes,Month-to-month,Yes,Mailed check,76.87,1003.88,No
4306-QWI,Male,0,No,Yes,38,Yes,Yes,No,No internet service,No internet service,No internet service,No internet service,No internet service,No internet service,Month-to-month,No,Electronic check,22.04,829.88,Yes
1897-RZP,Male,1,Yes,No,4,Yes,No,Fiber optic,No,No,No,Yes,No,Yes,Month-to-month,Yes,Electronic check,104.44,423.54,Yes
1670-SCW,Male,0,Yes,No,25,Yes,No,Fiber optic,No,Yes,No,No,Yes,No,Two year,Yes,Bank transfer (automatic),83.94,2091.66,No
8291-TFD,Male,0,Yes,No,52,Yes,Yes,Fiber optic,Yes,Yes,Yes,No,No,No,One year,Yes,Electronic check,114.31,5942.83,No
2505-UIK,Female,0,No,Yes,62,Yes,Yes,Fiber optic,Yes,No,No,No,Yes,No,Month-to-month,No,Electronic check,90.53,5620.18,No
7460-VLR,Female,0,Yes,No,10,Yes,No,Fiber optic,Yes,No,No,No,No,Yes,Month-to-month,Yes,Electronic check,87.83,883.08,Yes
6167-WOY,Male,0,No,No,32,Yes,Yes,Fiber optic,No,Yes,No,No,Yes,No,Two year,No,Electronic check,98.09,3146.04,Yes
6255-XRF,Female,0,Yes,No,40,Yes,No,No,No internet service,No internet service,No internet service,No internet service,No internet service,No internet service,Two year,No,Electronic check,23.55,945.09,No
1249-YUM,Female,0,No,No,39,Yes,No,DSL,No,No,No,No,Yes,No,One year,No,Electronic check,47.27,1841.17,Yes
7457-ZXT,Female,0,Yes,No,45,Yes,No,DSL,No,No,Yes,No,Yes,No,Month-to-month,No,Mailed check,78.78,3542.05,Yes
2892-AAA,Female,1,Yes,No,3,Yes,Yes,Fiber optic,Yes,No,Yes,No,Yes,No,One year,Yes,Electronic check,94.35,275.95,Yes
4439-BDH,Male,0,Yes,No,10,Yes,Yes,Fiber optic,No,No,No,No,No,Yes,One year,Yes,Mailed check,95.42,953.02,No
3854-CGO,Male,0,Yes,No,26,Yes,No,Fiber optic,No,No,No,No,No,Yes,One year,Yes,Electronic check,110.53,2881.78,No
4792-DJV,Male,0,No,No,7,Yes,No,DSL,No,No,Yes,No,Yes,No,Two year,No,Electronic check,66.88,473.53,No
6330-EMC,Male,0,No,No,20,Yes,Yes,DSL,No,Yes,No,No,No,Yes,Month-to-month,Yes,Credit card (automatic),62.31,1236.93,Yes
8871-FPJ,Female,0,No,No,4,Yes,No,Fiber optic,Yes,No,No,No,Yes,Yes,Month-to-month,Yes,Electronic check,110.35,435.23,Yes
9235-GSQ,Male,0,Yes,Yes,61,Yes,No,No,No internet service,No internet service,No internet service,No internet service,No internet service,No internet service,Month-to-month,Yes,Electronic check,24.76,1513.67,Yes
4612-HVX,Female,0,No,No,31,Yes,Yes,Fiber optic,No,No,No,Yes,No,Yes,Month-to-month,No,Bank transfer (automatic),106.58,3298.38,Yes
3618-IYE,Female,0,Yes,No,57,Yes,No,DSL,Yes,No,Yes,Yes,Yes,No,Two year,No,Electronic check,81.51,4644.23,No
5678-JBL,Female,0,No,No,71,Yes,No,No,No internet service,No internet service,No internet service,No internet service,No internet service,No internet service,Month-to-month,Yes,Bank transfer (automatic),23.5,1676.95,Yes
4163-KES,Male,0,Yes,No,26,Yes,No,Fiber optic,Yes,No,Yes,Yes,No,No,Month-to-month,Yes,Mailed check,108.52,2830.07,No
3942-LHZ,Male,0,Yes,Yes,25,Yes,Yes,No,No internet service,No internet service,No internet service,No internet service,No internet service,No internet service,Two year,No,Bank transfer (automatic),19.74,488.76,No
9411-MKG,Male,0,No,No,39,Yes,Yes,No,No internet service,No internet service,No internet service,No internet service,No internet service,No internet service,Two year,No,Electronic check,24.51,957.57,No
2925-NNN,Male,0,Yes,No,28,Yes,No,DSL,Yes,No,No,No,Yes,No,Month-to-month,Yes,Bank transfer (automatic),48.68,1367.07,No
3972-OQU,Female,0,No,Yes,72,Yes,Yes,No,No internet service,No internet service,No internet service,No internet service,No internet service,No internet service,One year,Yes,Credit card (automatic),21.84,1566.83,No
1990-PTB,Male,0,Yes,No,6,Yes,No,Fiber optic,No,Yes,Yes,Yes,No,Yes,Month-to-month,Yes,Credit card (automatic),70.63,415.56,Yes
2812-QWI,Male,0,No,Yes,20,Yes,Yes,Fiber optic,No,No,Yes,Yes,Yes,Yes,Month-to-month,Yes,Bank transfer (automatic),87.78,1752.15,Yes
9995-RZP,Female,0,No,No,66,No,No phone service,Fiber optic,No,No,No,Yes,No,Yes,Two year,Yes,Electronic check,103.46,6837.52,No
1489-SCW,Female,0,No,Yes,9,Yes,Yes,Fiber optic,No,Yes,Yes,Yes,Yes,No,Month-to-month,No,Credit card (automatic),71.71,652.2,Yes
6876-TFD,Male,0,No,No,61,Yes,No,Fiber optic,No,No,No,No,No,No,Two year,No,Credit card (automatic),73.51,4476.37,No
4645-UIK,Male,0,Yes,No,7,Yes,Yes,DSL,No,No,No,No,No,No,Month-to-month,Yes,Electronic check,65.88,468.68,No
8081-VLR,Male,0,Yes,No,3,Yes,Yes,Fiber optic,Yes,Yes,No,No,Yes,Yes,Month-to-month,Yes,Credit card (automatic),72.87,221.85,No
3891-WOY,Male,0,Yes,Yes,28,Yes,Yes,Fiber optic,Yes,No,No,No,No,Yes,Month-to-month,No,Electronic check,84.91,2377.36,No
4516-XRF,Male,0,No,No,11,Yes,Yes,Fiber optic,No,No,No,Yes,No,Yes,Two year,No,Mailed check,107.11,1178.88,No
4340-YUM,Female,0,No,No,50,Yes,Yes,Fiber optic,No,No,No,No,Yes,Yes,One year,No,Credit card (automatic),85.59,4284.29,No
7410-ZXT,Female,0,Yes,No,18,Yes,No,No,No internet service,No internet service,No internet service,No internet service,No internet service,No internet service,Two year,Yes,Credit card (automatic),20.92,376.59,No
1053-AAA,Female,0,No,No,30,Yes,No,DSL,No,Yes,No,No,Yes,No,Month-to-month,Yes,Mailed check,75.54,2266.69,No
3575-BDH,Female,0,No,Yes,25,Yes,No,DSL,No,No,Yes,Yes,No,No,Month-to-month,No,Credit card (automatic),50.09,1248.85,No
1615-CGO,Male,0,Yes,No,5,Yes,Yes,Fiber optic,No,No,No,No,No,No,Two year,No,Electronic check,110.79,559.08,No
6944-DJV,Male,0,No,No,28,Yes,Yes,DSL,No,Yes,Yes,Yes,No,No,Month-to-month,Yes,Bank transfer (automatic),44.41,1240.09,Yes
8404-EMC,Male,0,No,Yes,16,Yes,No,Fiber optic,No,Yes,No,No,No,Yes,Month-to-month,No,Mailed check,81.54,1312.22,Yes
1954-FPJ,Female,0,Yes,No,19,Yes,No,Fiber optic,No,No,No,No,No,No,One year,Yes,Mailed check,89.77,1710.92,Yes
2629-GSQ,Male,1,Yes,No,41,Yes,Yes,DSL,Yes,No,No,No,No,Yes,Month-to-month,Yes,Electronic check,52.8,2164.43,No
7859-HVX,Female,0,Yes,Yes,46,Yes,No,DSL,No,No,Yes,Yes,Yes,Yes,Two year,No,Electronic check,78.17,3597.32,No
9841-IYE,Female,0,No,Yes,69,Yes,No,Fiber optic,Yes,No,No,No,Yes,No,Two year,No,Bank transfer (automatic),115.28,7963.19,No
4278-JBL,Male,0,Yes,No,1,Yes,Yes,DSL,No,Yes,No,Yes,Yes,Yes,One year,No,Bank transfer (automatic),55.9,55.85,Yes
6455-KES,Male,0,No,No,36,Yes,No,No,No internet service,No internet service,No internet service,No internet service,No internet service,No internet service,Month-to-month,Yes,Bank transfer (automatic),19.11,693.45,Yes
4801-LHZ,Female,0,Yes,No,18,Yes,No,DSL,Yes,No,No,No,Yes,Yes,Month-to-month,Yes,Mailed check,77.19,1383.13,No
3561-MKG,Female,0,No,No,40,Yes,Yes,Fiber optic,Yes,Yes,No,Yes,No,No,One year,Yes,Bank transfer (automatic),118.47,4734.7,No
7539-NNN,Male,1,No,No,15,Yes,Yes,Fiber optic,Yes,Yes,Yes,No,No,Yes,Month-to-month,No,Mailed check,99.35,1482.84,Yes
1370-OQU,Female,0,No,No,59,Yes,No,Fiber optic,Yes,No,No,No,No,No,Two year,Yes,Bank transfer (automatic),118.04,6962.06,No
1857-PTB,Female,0,Yes,No,56,Yes,No,DSL,No,No,No,Yes,No,Yes,Month-to-month,Yes,Electronic check,44.93,2524.7,Yes
5886-QWI,Male,0,Yes,No,63,Yes,No,No,No internet service,No internet service,No internet service,No internet service,No internet service,No internet service,Month-to-month,Yes,Mailed check,23.48,1470.41,No
8485-RZP,Female,0,Yes,No,4,Yes,Yes,Fiber optic,No,No,Yes,No,Yes,No,One year,No,Electronic check,94.54,382.9,Yes
1383-SCW,Female,1,Yes,No,17,Yes,No,Fiber optic,No,No,No,Yes,No,No,Month-to-month,Yes,Credit card (automatic),89.31,1525.19,Yes
5334-TFD,Female,0,Yes,No,71,Yes,No,No,No internet service,No internet service,No internet service,No internet service,No internet service,No internet service,One year,Yes,Credit card (automatic),22.19,1575.98,No
5290-UIK,Male,0,No,No,12,Yes,No,DSL,Yes,Yes,No,No,Yes,No,Two year,Yes,Mailed check,53.87,650.81,No
3725-VLR,Male,0,No,Yes,35,Yes,No,DSL,Yes,No,No,No,No,Yes,Month-to-month,Yes,Mailed check,63.45,2229.07,No
7204-WOY,Female,0,Yes,Yes,18,Yes,Yes,No,No internet service,No internet service,No internet service,No internet service,No internet service,No internet service,Month-to-month,Yes,Mailed check,21.65,392.3,No
7111-XRF,Female,0,No,No,30,Yes,No,Fiber optic,No,No,Yes,No,No,Yes,Month-to-month,Yes,Electronic check,107.09,3221.08,No
5251-YUM,Female,1,Yes,No,22,Yes,No,DSL,Yes,No,Yes,No,No,Yes,One year,Yes,Electronic check,66.99,1468.96,No
1922-ZXT,Female,0,Yes,No,31,Yes,Yes,Fiber optic,No,Yes,Yes,No,No,No,Two year,Yes,Credit card (automatic),97.06,2999.22,No
3915-AAA,Male,0,No,No,10,No,No phone service,DSL,No,No,Yes,No,Yes,No,Two year,No,Mailed check,45.44,447.88,No
8957-BDH,Male,1,No,Yes,65,No,No phone service,No,No internet service,No internet service,No internet service,No internet service,No internet service,No internet service,Month-to-month,Yes,Credit card (automatic),23.94,1564.86,No
4046-CGO,Female,0,Yes,Yes,4,Yes,No,Fiber optic,No,Yes,Yes,Yes,No,No,Month-to-month,No,Electronic check,91.58,365.99,Yes
2230-DJV,Female,0,No,No,12,Yes,No,Fiber optic,No,No,No,No,Yes,Yes,Two year,Yes,Bank transfer (automatic),112.76,1352.45,No
8647-EMC,Female,0,No,Yes,63,No,No phone service,No,No internet service,No internet service,No internet service,No internet service,No internet service,No internet service,Month-to-month,No,Electronic check,23.97,1517.07,No
5933-FPJ,Female,0,Yes,No,34,Yes,No,Fiber optic,No,No,Yes,No,No,No,Month-to-month,Yes,Bank transfer (automatic),98.86,3367.54,Yes
4940-GSQ,Female,0,Yes,No,28,Yes,No,Fiber optic,No,No,No,No,No,No,Month-to-month,No,Bank transfer (automatic),70.6,1975.88,No
7483-HVX,Male,1,No,No,22,Yes,No,Fiber optic,No,Yes,No,Yes,No,No,Two year,No,Credit card (automatic),90.99,2006.62,Yes
1203-IYE,Male,0,No,No,15,Yes,Yes,DSL,No,No,No,No,No,No,Month-to-month,Yes,Electronic check,54.79,822.03,No
1160-JBL,Male,0,Yes,Yes,25,Yes,Yes,DSL,Yes,Yes,Yes,No,No,No,Month-to-month,No,Bank transfer (automatic),51.0,1271.61,No
9960-KES,Female,0,Yes,Yes,2,Yes,No,DSL,No,Yes,Yes,Yes,No,No,Two year,Yes,Electronic check,65.92,130.36,Yes
4748-LHZ,Male,0,No,No,22,Yes,Yes,DSL,Yes,No,No,No,Yes,Yes,Two year,No,Credit card (automatic),59.08,1303.59,No
7718-MKG,Female,0,No,No,56,Yes,No,No,No internet service,No internet service,No internet service,No internet service,No internet service,No internet service,Month-to-month,Yes,Mailed check,23.25,1297.26,No
3581-NNN,Female,0,No,No,8,Yes,Yes,DSL,No,No,No,No,No,No,Month-to-month,Yes,Electronic check,54.1,426.06,Yes
2093-OQU,Male,0,Yes,Yes,50,Yes,Yes,DSL,Yes,Yes,Yes,Yes,No,No,One year,No,Bank transfer (automatic),66.78,3333.9,No
5500-PTB,Female,0,No,No,32,Yes,Yes,DSL,Yes,Yes,No,No,No,Yes,Month-to-month,Yes,Mailed check,64.7,2078.19,Yes
9799-QWI,Male,0,No,Yes,23,Yes,No,DSL,No,Yes,Yes,Yes,No,No,One year,Yes,Electronic check,60.74,1399.27,No
6710-RZP,Male,0,No,Yes,49,Yes,Yes,Fiber optic,No,No,No,Yes,Yes,No,Two year,No,Mailed check,112.01,5484.82,No
3875-SCW,Male,0,No,No,51,Yes,No,No,No internet service,No internet service,No internet service,No internet service,No internet service,No internet service,Month-to-month,Yes,Credit card (automatic),22.33,1141.04,No
4191-TFD,Male,0,No,No,70,Yes,No,No,No internet service,No internet service,No internet service,No internet service,No internet service,No internet service,Two year,No,Electronic check,23.46,1649.12,No
2837-UIK,Female,1,No,No,37,Yes,No,Fiber optic,Yes,Yes,No,No,Yes,No,Two year,Yes,Credit card (automatic),109.48,4048.81,Yes
1689-VLR,Male,0,No,Yes,43,Yes,No,Fiber optic,No,No,No,No,No,Yes,Month-to-month,No,Credit card (automatic),77.22,3314.17,Yes
4759-WOY,Male,0,No,No,55,Yes,No,Fiber optic,No,No,No,Yes,No,Yes,Two year,No,Mailed check,73.59,4042.5,No
3103-XRF,Male,0,No,No,65,Yes,Yes,Fiber optic,No,Yes,No,No,Yes,No,Month-to-month,Yes,Mailed check,74.15,4824.57,No
1365-YUM,Female,0,No,No,44,Yes,No,Fiber optic,No,No,Yes,No,No,No,Two year,Yes,Mailed check,92.17,4050.17,No
9092-ZXT,Male,0,No,No,51,Yes,No,No,No internet service,No internet service,No internet service,No internet service,No internet service,No internet service,One year,Yes,Bank transfer (automatic),20.86,1059.93,No
5172-AAA,Female,0,Yes,No,0,Yes,No,Fiber optic,No,No,No,Yes,No,No,Month-to-month,No,Electronic check,116.3, ,No
7033-BDH,Male,0,Yes,Yes,63,Yes,No,DSL,No,No,No,No,No,No,Month-to-month,Yes,Electronic check,61.55,3886.01,No
3378-CGO,Female,0,Yes,Yes,7,Yes,Yes,Fiber optic,No,No,No,No,Yes,Yes,Month-to-month,Yes,Mailed check,77.14,542.17,Yes
2205-DJV,Male,1,Yes,No,42,Yes,No,DSL,No,No,No,No,No,No,Month-to-month,Yes,Mailed check,50.74,2123.28,No
5988-EMC,Female,0,Yes,No,7,Yes,No,DSL,Yes,No,Yes,No,No,No,Two year,Yes,Bank transfer (automatic),57.89,411.06,Yes
6669-FPJ,Female,0,No,No,28,Yes,Yes,DSL,No,Yes,Yes,Yes,No,No,Month-to-month,No,Electronic check,78.85,2202.33,Yes
3735-GSQ,Female,0,Yes,No,12,Yes,Yes,DSL,No,No,No,Yes,No,Yes,Two year,Yes,Bank transfer (automatic),72.29,867.06,No
9490-HVX,Female,0,Yes,Yes,0,Yes,Yes,No,No internet service,No internet service,No internet service,No internet service,No internet service,No internet service,Month-to-month,Yes,Electronic check,23.45, ,No
1956-IYE,Female,0,No,No,28,Yes,Yes,DSL,No,No,No,Yes,No,No,Month-to-month,No,Mailed check,56.9,1583.44,Yes
7623-JBL,Female,0,Yes,Yes,49,Yes,No,No,No internet service,No internet service,No internet service,No internet service,No internet service,No internet service,Month-to-month,No,Electronic check,21.64,1069.5,No
2474-KES,Male,0,No,Yes,36,Yes,Yes,DSL,No,No,No,No,No,No,One year,No,Credit card (automatic),80.84,2916.82,No
5460-LHZ,Male,0,Yes,No,0,Yes,No,DSL,No,Yes,Yes,Yes,Yes,No,Month-to-month,Yes,Mailed check,71.71, ,No
8002-MKG,Male,0,Yes,Yes,68,Yes,No,DSL,Yes,No,No,No,No,No,Month-to-month,No,Electronic check,72.8,4960.09,No
7396-NNN,Female,0,No,No,47,Yes,No,DSL,No,No,No,No,Yes,Yes,Two year,Yes,Electronic check,49.91,2348.53,No
3828-OQU,Female,0,No,No,54,Yes,No,Fiber optic,No,No,No,No,No,Yes,Two year,No,Credit card (automatic),101.3,5475.51,No
3850-PTB,Female,0,No,Yes,65,Yes,Yes,Fiber optic,Yes,Yes,No,No,No,Yes,Month-to-month,Yes,Credit card (automatic),100.8,6544.4,Yes
3964-QWI,Male,1,Yes,Yes,62,Yes,Yes,Fiber optic,No,No,No,No,Yes,No,Month-to-month,Yes,Bank transfer (automatic),107.34,6652.24,Yes
5594-RZP,Male,0,Yes,No,21,Yes,Yes,Fiber optic,Yes,No,Yes,No,No,Yes,Month-to-month,No,Bank transfer (automatic),102.53,2149.93,No
7644-SCW,Female,0,No,No,10,Yes,Yes,DSL,No,Yes,Yes,No,Yes,No,One year,No,Electronic check,72.91,721.22,No
3850-TFD,Female,0,Yes,No,28,Yes,No,Fiber optic,Yes,No,Yes,No,No,Yes,One year,Yes,Bank transfer (automatic),109.31,3057.47,Yes
1165-UIK,Male,0,Yes,No,2,Yes,Yes,No,No internet service,No internet service,No internet service,No internet service,No internet service,No internet service,Month-to-month,Yes,Electronic check,23.35,49.63,Yes
1919-VLR,Male,0,Yes,Yes,44,Yes,No,Fiber optic,No,No,No,Yes,Yes,No,One year,Yes,Credit card (automatic),103.4,4543.55,Yes
9305-WOY,Male,0,No,No,2,Yes,No,Fiber optic,No,No,No,No,Yes,Yes,One year,No,Mailed check,90.37,176.39,Yes
4504-XRF,Male,0,No,No,67,Yes,Yes,No,No internet service,No internet service,No internet service,No internet service,No internet service,No internet service,Two year,No,Credit card (automatic),19.08,1274.88,No
1991-YUM,Female,0,Yes,No,13,Yes,Yes,Fiber optic,No,Yes,No,Yes,No,Yes,Two year,Yes,Mailed check,85.5,1120.37,No
7047-ZXT,Female,0,Yes,No,64,Yes,No,Fiber optic,No,No,No,Yes,Yes,No,Two year,Yes,Electronic check,104.12,6669.33,No
4839-AAA,Female,0,No,Yes,56,No,No phone service,No,No internet service,No internet service,No internet service,No internet service,No internet service,No internet service,Month-to-month,No,Credit card (automatic),24.9,1387.04,Yes
2258-BDH,Female,0,Yes,Yes,14,Yes,No,DSL,No,No,No,Yes,No,No,One year,No,Credit card (automatic),52.45,742.56,No
8609-CGO,Female,0,No,No,59,Yes,No,DSL,No,Yes,No,Yes,Yes,Yes,One year,No,Electronic check,50.25,2970.48,Yes
9706-DJV,Male,0,No,No,53,Yes,Yes,Fiber optic,Yes,No,No,No,No,No,Two year,Yes,Electronic check,93.73,4966.01,No
5804-EMC,Female,1,No,Yes,1,Yes,Yes,Fiber optic,Yes,No,No,No,No,No,Month-to-month,Yes,Electronic check,109.17,104.14,Yes
1067-FPJ,Female,1,Yes,No,63,Yes,Yes,DSL,Yes,No,No,No,Yes,No,Month-to-month,Yes,Bank transfer (automatic),46.58,2931.15,No
6660-GSQ,Female,0,No,No,27,Yes,Yes,DSL,No,Yes,Yes,No,No,Yes,Month-to-month,No,Electronic check,79.18,2137.66,No
5478-HVX,Female,0,Yes,No,66,Yes,No,Fiber optic,No,Yes,No,No,No,No,One year,Yes,Credit card (automatic),78.61,5191.66,No
9210-IYE,Female,0,Yes,No,2,Yes,No,Fiber optic,No,No,Yes,No,No,No,Month-to-month,Yes,Credit card (automatic),96.54,200.66,Yes
4521-JBL,Male,0,Yes,Yes,52,Yes,Yes,No,No internet service,No internet service,No internet service,No internet service,No internet service,No internet service,Month-to-month,No,Bank transfer (automatic),22.24,1148.06,No
1572-KES,Male,1,Yes,Yes,25,Yes,Yes,DSL,No,No,Yes,No,Yes,No,Month-to-month,Yes,Credit card (automatic),57.99,1447.34,No
8082-LHZ,Female,0,Yes,No,3,Yes,No,No,No internet service,No internet service,No internet service,No internet service,No internet service,No internet service,Two year,No,Electronic check,21.77,67.01,Yes
8832-MKG,Male,0,No,Yes,15,Yes,No,DSL,Yes,No,Yes,Yes,Yes,No,Month-to-month,Yes,Electronic check,60.1,904.6,Yes
6395-NNN,Female,1,Yes,No,71,Yes,No,No,No internet service,No internet service,No internet service,No internet service,No internet service,No internet service,Month-to-month,Yes,Mailed check,24.48,1735.4,No
3258-OQU,Male,0,No,Yes,53,Yes,No,DSL,Yes,No,No,No,No,Yes,Two year,No,Credit card (automatic),44.98,2380.24,No
7039-PTB,Female,0,Yes,Yes,15,No,No phone service,DSL,No,No,No,No,Yes,No,Month-to-month,Yes,Bank transfer (automatic),79.6,1193.32,No
1650-QWI,Female,0,Yes,Yes,30,Yes,Yes,Fiber optic,No,Yes,No,Yes,No,No,Month-to-month,Yes,Bank transfer (automatic),73.76,2209.87,Yes
6741-RZP,Male,0,Yes,No,1,Yes,No,Fiber optic,No,No,Yes,Yes,No,Yes,One year,Yes,Credit card (automatic),96.53,99.31,Yes
7838-SCW,Female,0,No,No,72,Yes,No,No,No internet service,No internet service,No internet service,No internet service,No internet service,No internet service,Month-to-month,Yes,Bank transfer (automatic),24.99,1792.17,No
3587-TFD,Female,0,No,No,44,Yes,No,No,No internet service,No internet service,No internet service,No internet service,No internet service,No internet service,One year,No,Mailed check,19.65,859.02,No
8876-UIK,Female,0,No,No,53,No,No phone service,DSL,No,Yes,Yes,No,No,No,Month-to-month,Yes,Credit card (automatic),61.5,3250.88,No
4262-VLR,Female,0,No,No,58,Yes,Yes,Fiber optic,No,No,No,No,No,No,One year,Yes,Bank transfer (automatic),91.96,5328.56,No
2338-WOY,Female,1,No,Yes,58,Yes,No,No,No internet service,No internet service,No internet service,No internet service,No internet service,No internet service,Month-to-month,Yes,Credit card (automatic),22.8,1326.59,Yes
5996-XRF,Male,0,Yes,No,21,Yes,Yes,No,No internet service,No internet service,No internet service,No internet service,No internet service,No internet service,Month-to-month,No,Bank transfer (automatic),20.36,418.61,Yes
6780-YUM,Male,0,No,No,33,Yes,No,Fiber optic,Yes,No,No,No,No,No,Month-to-month,No,Electronic check,110.2,3638.22,No
3827-ZXT,Male,0,No,Yes,72,Yes,Yes,Fiber optic,Yes,No,No,Yes,Yes,No,Month-to-month,No,Electronic check,80.26,5777.0,Yes
6232-AAA,Female,0,Yes,Yes,55,Yes,No,Fiber optic,Yes,No,Yes,No,No,Yes,Two year,Yes,Mailed check,118.55,6526.16,No
3217-BDH,Female,0,Yes,No,33,Yes,Yes,DSL,Yes,No,Yes,Yes,No,Yes,Month-to-month,No,Bank transfer (automatic),78.47,2596.19,No
4539-CGO,Female,1,No,No,25,Yes,No,DSL,Yes,No,Yes,No,No,No,Month-to-month,Yes,Bank transfer (automatic),45.39,1143.62,No
8845-DJV,Female,0,No,No,70,Yes,No,Fiber optic,Yes,No,Yes,No,Yes,No,Two year,No,Bank transfer (automatic),104.15,7289.28,No
5383-EMC,Male,0,No,No,44,Yes,Yes,Fiber optic,Yes,Yes,Yes,No,Yes,Yes,Month-to-month,No,Electronic check,77.36,3412.67,Yes
3961-FPJ,Female,0,Yes,Yes,20,Yes,No,No,No internet service,No internet service,No internet service,No internet service,No internet service,No internet service,Month-to-month,Yes,Credit card (automatic),23.74,467.17,Yes
4226-GSQ,Male,1,No,No,42,Yes,Yes,DSL,Yes,Yes,Yes,No,No,Yes,Month-to-month,No,Electronic check,59.52,2491.79,No
7837-HVX,Female,0,Yes,Yes,38,No,No phone service,No,No internet service,No internet service,No internet service,No internet service,No internet service,No internet service,Month-to-month,No,Bank transfer (automatic),19.97,754.41,Yes
8031-IYE,Female,1,Yes,Yes,12,Yes,Yes,No,No internet service,No internet service,No internet service,No internet service,No internet service,No internet service,Month-to-month,Yes,Electronic check,18.88,233.26,No
4716-JBL,Female,0,Yes,No,41,Yes,No,No,No internet service,No internet service,No internet service,No internet service,No internet service,No internet service,Month-to-month,No,Bank transfer (automatic),20.09,815.09,No
4414-KES,Female,0,Yes,Yes,44,Yes,No,Fiber optic,Yes,Yes,No,Yes,No,No,Month-to-month,No,Mailed check,72.79,3199.01,Yes
2448-LHZ,Female,1,No,No,50,Yes,Yes,Fiber optic,Yes,Yes,No,No,No,Yes,Month-to-month,No,Electronic check,118.27,5921.91,No
1570-MKG,Female,0,No,Yes,16,Yes,Yes,Fiber optic,No,No,No,Yes,Yes,No,Month-to-month,Yes,Electronic check,82.83,1326.49,No
3904-NNN,Female,0,No,Yes,62,Yes,Yes,DSL,Yes,Yes,Yes,No,No,Yes,One year,No,Mailed check,56.35,3484.45,No
3505-OQU,Male,0,No,Yes,6,No,No phone service,DSL,No,No,Yes,Yes,No,No,Month-to-month,Yes,Mailed check,58.48,346.56,Yes
1917-PTB,Male,0,No,No,54,Yes,No,Fiber optic,Yes,No,No,No,Yes,Yes,One year,No,Mailed check,90.7,4900.74,No
7982-QWI,Female,0,No,No,3,Yes,Yes,Fiber optic,No,Yes,Yes,No,Yes,No,Two year,Yes,Bank transfer (automatic),86.22,249.05,Yes
8427-RZP,Female,0,Yes,No,30,Yes,Yes,Fiber optic,No,No,Yes,No,Yes,No,Month-to-month,No,Bank transfer (automatic),98.42,2952.36,No
7336-SCW,Male,0,No,No,55,Yes,No,Fiber optic,No,No,No,No,No,Yes,Month-to-month,No,Credit card (automatic),99.74,5495.59,No
2678-TFD,Male,0,Yes,No,3,Yes,No,No,No internet service,No internet service,No internet service,No internet service,No internet service,No internet service,One year,Yes,Electronic check,18.56,52.35,No
1615-UIK,Male,0,Yes,Yes,39,Yes,Yes,No,No internet service,No internet service,No internet service,No internet service,No internet service,No internet service,Month-to-month,Yes,Electronic check,22.05,854.54,No
8086-VLR,Female,0,Yes,No,46,Yes,Yes,Fiber optic,No,No,No,Yes,Yes,No,Month-to-month,Yes,Electronic check,112.49,5166.19,No
5749-WOY,Male,0,Yes,No,49,No,No phone service,DSL,Yes,Yes,Yes,No,No,No,Month-to-month,No,Electronic check,50.42,2461.1,No
4505-XRF,Male,0,Yes,No,22,Yes,Yes,Fiber optic,No,No,No,Yes,No,No,Month-to-month,Yes,Electronic check,86.1,1900.42,Yes
5529-YUM,Female,0,No,No,50,Yes,No,DSL,No,No,No,No,No,No,Month-to-month,Yes,Bank transfer (automatic),68.89,3440.01,No
2135-ZXT,Male,0,Yes,No,37,Yes,Yes,DSL,Yes,No,No,No,Yes,No,One year,Yes,Electronic check,69.62,2566.56,No
9566-AAA,Female,0,Yes,No,8,No,No phone service,Fiber optic,No,Yes,No,No,No,No,Month-to-month,Yes,Mailed check,73.61,590.37,Yes
8226-BDH,Male,0,No,No,60,Yes,Yes,DSL,No,Yes,No,No,Yes,No,Month-to-month,No,Bank transfer (automatic),61.47,3682.46,No
6162-CGO,Male,1,Yes,Yes,20,Yes,Yes,No,No internet service,No internet service,No internet service,No internet service,No internet service,No internet service,Two year,No,Bank transfer (automatic),18.51,362.24,No
1206-DJV,Male,0,No,No,8,Yes,No,Fiber optic,No,No,No,No,Yes,No,Month-to-month,Yes,Mailed check,115.26,920.11,Yes
5875-EMC,Male,0,No,No,24,Yes,Yes,Fiber optic,No,Yes,No,No,Yes,Yes,Month-to-month,Yes,Credit card (automatic),103.0,2464.09,Yes
2319-FPJ,Female,0,Yes,Yes,35,Yes,No,DSL,No,No,No,No,Yes,No,Month-to-month,Yes,Electronic check,48.09,1675.1,No
2141-GSQ,Male,0,No,Yes,42,Yes,No,DSL,Yes,Yes,No,Yes,No,No,Month-to-month,Yes,Credit card (automatic),70.76,2971.08,No
5627-HVX,Male,0,Yes,No,27,Yes,No,No,No internet service,No internet service,No internet service,No internet service,No internet service,No internet service,Month-to-month,Yes,Electronic check,18.92,503.37,No
8389-IYE,Male,0,No,No,63,Yes,No,DSL,Yes,No,No,No,Yes,No,Two year,Yes,Mailed check,46.31,2918.21,No
3690-JBL,Male,0,No,Yes,44,No,No phone service,Fiber optic,Yes,No,No,No,No,No,Month-to-month,Yes,Electronic check,80.49,3545.62,Yes
8323-KES,Male,0,Yes,No,55,Yes,No,DSL,No,No,Yes,Yes,No,No,Month-to-month,No,Credit card (automatic),83.89,4608.74,Yes
4255-LHZ,Male,0,Yes,No,47,Yes,Yes,Fiber optic,Yes,No,Yes,Yes,Yes,No,Two year,Yes,Bank transfer (automatic),98.23,4621.85,Yes
9281-MKG,Male,0,No,No,7,Yes,No,Fiber optic,No,No,Yes,Yes,No,Yes,Month-to-month,No,Bank transfer (automatic),85.86,595.42,Yes
6213-NNN,Male,0,Yes,No,13,Yes,No,DSL,No,No,No,No,No,No,Month-to-month,No,Credit card (automatic),46.69,614.26,No
5108-OQU,Female,0,Yes,No,14,Yes,No,Fiber optic,No,Yes,Yes,No,Yes,No,Month-to-month,Yes,Bank transfer (automatic),70.76,982.04,Yes
4020-PTB,Male,0,No,No,38,Yes,Yes,No,No internet service,No internet service,No internet service,No internet service,No internet service,No internet service,One year,Yes,Credit card (automatic),24.29,930.7,Yes
2857-QWI,Female,0,Yes,Yes,24,Yes,No,DSL,No,Yes,Yes,Yes,Yes,No,One year,No,Mailed check,63.7,1524.63,No
9996-RZP,Female,0,No,No,62,Yes,Yes,DSL,Yes,No,Yes,No,No,Yes,Two year,Yes,Bank transfer (automatic),47.74,2962.64,No
3789-SCW,Female,0,Yes,Yes,58,Yes,Yes,Fiber optic,Yes,No,Yes,No,No,Yes,Two year,Yes,Electronic check,96.58,5596.42,No
4875-TFD,Male,0,No,Yes,28,Yes,No,DSL,Yes,No,No,No,No,No,Month-to-month,Yes,Electronic check,46.67,1302.89,No
8605-UIK,Male,0,Yes,No,2,Yes,No,Fiber optic,Yes,No,Yes,No,No,No,Month-to-month,No,Mailed check,89.76,177.31,Yes
9135-VLR,Male,0,Yes,Yes,38,Yes,No,Fiber optic,No,No,Yes,No,Yes,No,Two year,No,Electronic check,114.4,4346.01,No
7055-WOY,Female,1,No,No,21,Yes,No,DSL,Yes,No,Yes,No,Yes,Yes,Two year,Yes,Mailed check,81.98,1713.17,No
4882-XRF,Male,0,No,No,40,Yes,Yes,Fiber optic,Yes,Yes,No,No,Yes,No,Month-to-month,No,Mailed check,116.43,4647.98,Yes
8175-YUM,Male,0,No,Yes,19,Yes,No,No,No internet service,No internet service,No internet service,No internet service,No internet service,No internet service,One year,Yes,Electronic check,19.21,371.67,No
8129-ZXT,Female,1,Yes,Yes,18,Yes,Yes,No,No internet service,No internet service,No internet service,No internet service,No internet service,No internet service,Month-to-month,Yes,Credit card (automatic),19.49,351.68,Yes
6021-AAA,Female,0,No,No,12,Yes,No,Fiber optic,Yes,Yes,Yes,Yes,Yes,No,Month-to-month,Yes,Credit card (automatic),111.48,1330.65,Yes
5735-BDH,Female,0,No,No,18,Yes,No,DSL,No,No,No,Yes,No,No,Month-to-month,No,Electronic check,48.2,863.79,Yes
3387-CGO,Male,0,No,No,65,Yes,No,Fiber optic,Yes,Yes,No,No,No,No,One year,Yes,Mailed check,70.6,4580.66,Yes
7582-DJV,Male,0,No,Yes,64,Yes,Yes,DSL,Yes,Yes,Yes,Yes,No,Yes,Month-to-month,Yes,Bank transfer (automatic),72.66,4643.48,No
6866-EMC,Female,0,No,No,2,Yes,No,Fiber optic,No,Yes,No,Yes,No,No,One year,No,Mailed check,91.63,181.15,No
3566-FPJ,Male,1,No,Yes,23,Yes,No,No,No internet service,No internet service,No internet service,No internet service,No internet service,No internet service,Month-to-month,Yes,Credit card (automatic),23.67,545.77,No
1975-GSQ,Female,0,No,No,37,Yes,No,No,No internet service,No internet service,No internet service,No internet service,No internet service,No internet service,Two year,Yes,Credit card (automatic),19.3,717.14,No
8212-HVX,Female,0,No,Yes,1,Yes,Yes,DSL,Yes,No,Yes,No,No,No,Month-to-month,No,Electronic check,61.92,64.2,No
2262-IYE,Female,0,Yes,No,55,Yes,No,Fiber optic,Yes,Yes,No,Yes,Yes,Yes,Month-to-month,No,Mailed check,109.82,6033.42,Yes
6047-JBL,Female,0,Yes,No,36,Yes,No,DSL,No,No,No,No,Yes,Yes,Month-to-month,No,Mailed check,54.61,1963.2,Yes
8382-KES,Female,0,Yes,No,3,Yes,Yes,DSL,No,No,No,No,No,Yes,One year,No,Electronic check,63.32,192.89,Yes
7231-LHZ,Female,0,No,No,43,No,No phone service,DSL,No,Yes,No,No,No,No,Month-to-month,No,Credit card (automatic),69.51,2987.91,Yes
4327-MKG,Male,0,Yes,No,44,Yes,No,DSL,No,Yes,No,No,Yes,No,Month-to-month,No,Electronic check,73.52,3237.54,No
6630-NNN,Female,0,Yes,Yes,46,No,No phone service,Fiber optic,No,No,No,No,No,No,Two year,No,Electronic check,95.47,4395.3,No
3259-OQU,Male,0,Yes,No,25,Yes,Yes,Fiber optic,Yes,No,No,No,Yes,No,Month-to-month,Yes,Electronic check,105.24,2627.39,Yes
2257-PTB,Male,0,No,Yes,8,Yes,No,Fiber optic,No,No,Yes,Yes,No,Yes,Month-to-month,Yes,Mailed check,106.71,848.95,Yes
1464-QWI,Female,1,No,No,47,Yes,No,Fiber optic,Yes,No,No,Yes,Yes,No,Two year,No,Mailed check,110.63,5198.8,No
4294-RZP,Male,0,No,No,30,Yes,No,Fiber optic,No,No,Yes,No,No,No,One year,Yes,Credit card (automatic),114.27,3427.07,Yes
7774-SCW,Female,0,Yes,Yes,54,Yes,Yes,No,No internet service,No internet service,No internet service,No internet service,No internet service,No internet service,Month-to-month,No,Electronic check,22.99,1249.7,No
8431-TFD,Male,0,No,No,0,Yes,Yes,Fiber optic,No,No,Yes,Yes,Yes,Yes,Two year,Yes,Credit card (automatic),113.74, ,No
2230-UIK,Male,0,Yes,No,58,Yes,Yes,Fiber optic,No,No,Yes,No,No,No,One year,No,Mailed check,72.96,4240.06,Yes
4805-VLR,Female,0,No,No,10,Yes,No,Fiber optic,No,No,No,No,No,No,One year,No,Electronic check,76.34,758.62,Yes
7419-WOY,Male,0,Yes,No,1,No,No phone service,DSL,No,No,No,Yes,Yes,No,Month-to-month,Yes,Credit card (automatic),60.58,51.75,Yes
6750-XRF,Male,0,No,No,45,Yes,Yes,Fiber optic,No,No,Yes,No,No,No,One year,No,Credit card (automatic),78.11,3518.47,No
4856-YUM,Male,0,Yes,No,0,Yes,No,Fiber optic,Yes,Yes,No,Yes,No,No,Month-to-month,Yes,Bank transfer (automatic),86.45, ,Yes
4135-ZXT,Male,0,No,No,69,Yes,No,DSL,No,No,No,Yes,Yes,No,Month-to-month,Yes,Electronic check,80.23,5526.44,No
7953-AAA,Female,0,Yes,No,70,Yes,Yes,No,No internet service,No internet service,No internet service,No internet service,No internet service,No internet service,Month-to-month,No,Bank transfer (automatic),19.08,1335.08,No
7034-BDH,Male,0,Yes,No,65,No,No phone service,Fiber optic,No,Yes,Yes,No,No,No,Month-to-month,No,Electronic check,100.99,6566.73,Yes
5589-CGO,Female,0,No,Yes,1,No,No phone service,Fiber optic,Yes,No,Yes,Yes,No,No,Two year,Yes,Electronic check,81.16,74.77,Yes
2546-DJV,Female,0,Yes,No,68,Yes,No,Fiber optic,No,No,Yes,No,No,No,Two year,No,Bank transfer (automatic),93.98,6386.51,No
7065-EMC,Female,0,No,No,12,Yes,No,No,No internet service,No internet service,No internet service,No internet service,No internet service,No internet service,One year,Yes,Electronic check,20.92,260.78,No
2094-FPJ,Female,0,No,No,18,Yes,No,Fiber optic,No,Yes,No,No,No,No,Month-to-month,Yes,Electronic check,112.14,2012.63,Yes
3411-GSQ,Male,0,No,No,46,Yes,No,DSL,No,Yes,No,No,Yes,Yes,Month-to-month,No,Mailed check,66.1,3031.05,No
3617-HVX,Male,0,Yes,No,0,Yes,No,Fiber optic,No,No,Yes,No,No,No,One year,Yes,Electronic check,110.05, ,No
9954-IYE,Male,0,No,Yes,17,Yes,Yes,Fiber optic,No,No,No,Yes,No,No,Month-to-month,Yes,Bank transfer (automatic),90.18,1526.51,Yes
5145-JBL,Female,0,No,Yes,31,Yes,Yes,DSL,Yes,Yes,No,No,Yes,Yes,One year,Yes,Bank transfer (automatic),71.13,2198.17,No
3775-KES,Male,1,Yes,No,71,Yes,No,No,No internet service,No internet service,No internet service,No internet service,No internet service,No internet service,Two year,No,Electronic check,24.39,1729.2,No
7628-LHZ,Male,0,Yes,No,10,Yes,Yes,Fiber optic,No,No,No,No,No,No,Two year,No,Mailed check,77.25,778.65,No
4155-MKG,Female,0,Yes,No,19,Yes,Yes,Fiber optic,No,Yes,No,No,No,No,Two year,Yes,Electronic check,97.31,1848.92,No
4970-NNN,Female,1,Yes,No,7,Yes,No,Fiber optic,Yes,Yes,No,No,Yes,No,Two year,No,Mailed check,100.81,711.18,No
8972-OQU,Male,0,No,No,37,Yes,No,DSL,No,No,Yes,No,No,No,Month-to-month,Yes,Credit card (automatic),69.31,2573.07,Yes
9775-PTB,Male,0,No,No,5,Yes,Yes,Fiber optic,No,Yes,Yes,No,Yes,No,Month-to-month,No,Mailed check,96.88,475.46,Yes
6415-QWI,Male,0,No,No,1,No,No phone service,Fiber optic,No,No,No,Yes,No,No,One year,Yes,Electronic check,108.74,105.97,No
5331-RZP,Male,0,No,No,72,Yes,Yes,Fiber optic,No,No,No,Yes,Yes,No,One year,Yes,Electronic check,72.86,5246.41,No
2942-SCW,Male,0,Yes,No,54,Yes,No,Fiber optic,Yes,Yes,Yes,No,Yes,No,Month-to-month,Yes,Mailed check,102.32,5525.24,Yes
7026-TFD,Female,0,Yes,No,2,Yes,No,DSL,Yes,Yes,No,Yes,Yes,No,Month-to-month,No,Electronic check,80.34,167.07,Yes
9301-UIK,Male,0,No,No,65,Yes,Yes,Fiber optic,Yes,No,Yes,Yes,No,No,One year,Yes,Electronic check,114.6,7445.81,No
1191-VLR,Female,0,No,No,71,Yes,No,DSL,Yes,No,Yes,Yes,No,No,Month-to-month,Yes,Bank transfer (automatic),51.28,3631.3,No
1861-WOY,Male,0,No,No,72,Yes,No,Fiber optic,Yes,No,Yes,No,No,Yes,One year,No,Electronic check,99.33,7151.44,No
7711-XRF,Male,0,Yes,No,25,Yes,No,No,No internet service,No internet service,No internet service,No internet service,No internet service,No internet service,Month-to-month,Yes,Electronic check,20.14,503.96,Yes
1649-YUM,Male,0,No,No,47,Yes,Yes,Fiber optic,No,No,No,No,No,No,Month-to-month,Yes,Bank transfer (automatic),105.24,4949.48,No
5134-ZXT,Male,0,Yes,Yes,7,Yes,No,Fiber optic,Yes,No,No,Yes,No,Yes,One year,No,Credit card (automatic),73.87,519.9,Yes
8587-AAA,Female,1,Yes,No,66,Yes,Yes,No,No internet service,No internet service,No internet service,No internet service,No internet service,No internet service,One year,Yes,Credit card (automatic),19.09,1269.47,No
9828-BDH,Male,1,No,No,68,Yes,No,No,No internet service,No internet service,No internet service,No internet service,No internet service,No internet service,One year,No,Bank transfer (automatic),22.79,1555.98,No
2036-CGO,Male,0,Yes,No,29,Yes,Yes,Fiber optic,No,No,No,No,No,Yes,Month-to-month,Yes,Electronic check,96.72,2807.66,Yes
5131-DJV,Male,0,No,No,26,Yes,No,No,No internet service,No internet service,No internet service,No internet service,No internet service,No internet service,Month-to-month,Yes,Credit card (automatic),24.3,640.47,No
3148-EMC,Male,0,Yes,No,42,Yes,No,No,No internet service,No internet service,No internet service,No internet service,No internet service,No internet service,Month-to-month,Yes,Bank transfer (automatic),18.44,765.25,Yes
6457-FPJ,Female,0,No,Yes,4,Yes,Yes,Fiber optic,No,Yes,No,No,No,Yes,Two year,Yes,Credit card (automatic),104.2,417.96,No
7079-GSQ,Male,0,No,No,19,No,No phone service,Fiber optic,Yes,No,No,No,No,No,Two year,No,Electronic check,104.82,1988.84,No
3430-HVX,Male,0,Yes,No,51,Yes,Yes,No,No internet service,No internet service,No internet service,No internet service,No internet service,No internet service,One year,No,Mailed check,23.85,1225.55,No
2879-IYE,Female,0,No,No,20,Yes,Yes,Fiber optic,No,No,Yes,Yes,No,Yes,Month-to-month,Yes,Mailed check,107.56,2146.46,Yes
8542-JBL,Male,0,No,Yes,2,Yes,No,DSL,Yes,No,Yes,No,Yes,No,Month-to-month,Yes,Bank transfer (automatic),65.28,125.23,No
3011-KES,Male,0,No,Yes,40,Yes,No,Fiber optic,Yes,Yes,No,Yes,No,No,Two year,No,Electronic check,83.99,3350.23,No
4373-LHZ,Male,0,Yes,Yes,63,Yes,Yes,DSL,No,No,No,Yes,No,No,Month-to-month,Yes,Mailed check,60.16,3783.36,Yes
8357-MKG,Female,0,Yes,No,67,Yes,No,No,No internet service,No internet service,No internet service,No internet service,No internet service,No internet service,Month-to-month,Yes,Credit card (automatic),21.78,1455.98,Yes
2289-NNN,Male,0,Yes,No,70,Yes,Yes,No,No internet service,No internet service,No internet service,No internet service,No internet service,No internet service,One year,Yes,Bank transfer (automatic),18.28,1276.86,No
2447-OQU,Male,0,No,No,23,Yes,Yes,No,No internet service,No internet service,No internet service,No internet service,No internet service,No internet service,Two year,No,Bank transfer (automatic),18.86,424.72,No
4199-PTB,Male,0,Yes,Yes,51,Yes,No,DSL,No,No,Yes,No,Yes,Yes,One year,No,Electronic check,66.23,3384.73,No
7381-QWI,Female,0,Yes,Yes,1,Yes,Yes,Fiber optic,No,Yes,No,No,No,Yes,Month-to-month,Yes,Electronic check,118.55,114.09,Yes
8522-RZP,Female,0,Yes,Yes,43,No,No phone service,Fiber optic,No,No,Yes,Yes,Yes,Yes,One year,No,Bank transfer (automatic),88.35,3802.01,No
7059-SCW,Male,0,Yes,No,40,Yes,Yes,Fiber optic,No,Yes,No,Yes,No,No,One year,Yes,Mailed check,108.94,4364.96,Yes
4183-TFD,Male,0,No,Yes,69,Yes,No,No,No internet service,No internet service,No internet service,No internet service,No internet service,No internet service,One year,No,Credit card (automatic),20.83,1444.47,No
6462-UIK,Female,0,Yes,No,6,Yes,Yes,Fiber optic,No,Yes,No,Yes,No,Yes,Month-to-month,Yes,Credit card (automatic),76.07,454.21,Yes
4216-VLR,Female,0,Yes,No,37,Yes,No,DSL,No,No,Yes,No,Yes,No,One year,No,Bank transfer (automatic),78.52,2903.24,Yes
4136-WOY,Female,0,Yes,No,44,No,No phone service,Fiber optic,No,No,No,No,No,No,Month-to-month,Yes,Electronic check,102.05,4490.91,No
4318-XRF,Male,0,No,No,8,Yes,No,Fiber optic,Yes,No,No,No,Yes,Yes,Month-to-month,Yes,Electronic check,76.47,605.32,Yes
3782-YUM,Female,0,No,No,52,Yes,No,Fiber optic,Yes,No,No,Yes,No,Yes,Month-to-month,No,Mailed check,91.26,4747.04,No
8657-ZXT,Female,0,No,No,27,Yes,No,No,No internet service,No internet service,No internet service,No internet service,No internet service,No internet service,Month-to-month,Yes,Electronic check,19.77,543.67,Yes
5920-AAA,Female,0,Yes,No,18,Yes,Yes,No,No internet service,No internet service,No internet service,No internet service,No internet service,No internet service,One year,Yes,Bank transfer (automatic),22.75,410.58,Yes
7324-BDH,Male,0,Yes,Yes,67,Yes,Yes,Fiber optic,No,No,Yes,No,Yes,No,Month-to-month,Yes,Electronic check,92.65,6209.88,No
7327-CGO,Female,0,Yes,No,3,Yes,No,Fiber optic,Yes,Yes,Yes,Yes,No,No,Month-to-month,Yes,Credit card (automatic),84.55,244.43,No
9417-DJV,Female,0,No,No,12,Yes,Yes,Fiber optic,Yes,Yes,No,Yes,No,Yes,One year,Yes,Credit card (automatic),97.13,1162.92,No
1776-EMC,Male,0,No,No,10,Yes,No,DSL,No,No,Yes,No,No,Yes,Month-to-month,No,Bank transfer (automatic),81.12,807.23,Yes
6208-FPJ,Female,1,No,No,1,Yes,No,Fiber optic,No,No,No,Yes,No,Yes,Two year,No,Electronic check,90.24,89.55,No
1687-GSQ,Female,0,No,Yes,69,Yes,No,No,No internet service,No internet service,No internet service,No internet service,No internet service,No internet service,Month-to-month,Yes,Electronic check,24.77,1710.96,Yes
1529-HVX,Male,0,Yes,No,11,No,No phone service,Fiber optic,No,No,No,No,No,No,Month-to-month,No,Electronic check,104.7,1144.5,Yes
6067-IYE,Female,0,Yes,No,36,Yes,Yes,DSL,Yes,No,No,No,Yes,Yes,Two year,Yes,Electronic check,68.71,2466.04,No
9080-JBL,Male,0,Yes,No,55,Yes,No,DSL,No,No,No,Yes,No,No,Two year,No,Electronic check,46.45,2552.19,No
6518-KES,Female,0,Yes,No,51,No,No phone service,Fiber optic,No,No,No,No,No,No,Two year,Yes,Bank transfer (automatic),109.49,5590.88,No
3153-LHZ,Male,0,No,Yes,72,Yes,No,Fiber optic,No,No,No,No,No,No,Month-to-month,Yes,Bank transfer (automatic),102.79,7392.8,Yes
7094-MKG,Female,0,No,No,3,Yes,Yes,Fiber optic,Yes,Yes,No,No,No,Yes,Two year,Yes,Electronic check,76.19,226.21,Yes
7974-NNN,Male,0,Yes,No,3,Yes,Yes,DSL,Yes,No,No,No,No,Yes,Month-to-month,Yes,Bank transfer (automatic),44.43,134.77,No
5774-OQU,Female,0,No,No,48,Yes,Yes,No,No internet service,No internet service,No internet service,No internet service,No internet service,No internet service,Month-to-month,No,Electronic check,24.57,1172.59,No
8692-PTB,Female,0,No,No,51,No,No phone service,DSL,No,Yes,No,Yes,Yes,Yes,Month-to-month,Yes,Electronic check,52.14,2652.61,No
4103-QWI,Male,0,No,No,33,Yes,Yes,Fiber optic,No,No,No,No,No,No,One year,Yes,Credit card (automatic),90.57,2990.53,No
3440-RZP,Male,0,No,Yes,21,Yes,No,Fiber optic,No,No,No,No,No,Yes,One year,Yes,Credit card (automatic),90.42,1899.98,No
5135-SCW,Female,0,No,No,12,Yes,No,Fiber optic,No,Yes,No,No,No,No,Month-to-month,No,Bank transfer (automatic),74.19,895.34,Yes
8124-TFD,Male,0,Yes,No,62,Yes,Yes,Fiber optic,Yes,Yes,Yes,No,No,No,One year,Yes,Electronic check,109.2,6765.67,No
6201-UIK,Female,0,No,Yes,14,Yes,No,Fiber optic,No,No,No,Yes,No,Yes,Month-to-month,No,Electronic check,99.43,1393.29,Yes
1844-VLR,Male,0,Yes,No,39,Yes,No,Fiber optic,No,Yes,Yes,No,No,No,Two year,Yes,Bank transfer (automatic),96.09,3755.29,No
1446-WOY,Female,0,No,No,37,Yes,No,Fiber optic,No,Yes,No,No,No,No,Month-to-month,No,Credit card (automatic),112.07,4145.18,No
4915-XRF,Male,0,Yes,No,54,No,No phone service,Fiber optic,Yes,No,No,No,No,Yes,One year,Yes,Credit card (automatic),114.38,6173.94,No
4109-YUM,Female,0,Yes,No,43,Yes,Yes,DSL,No,Yes,No,No,No,No,Month-to-month,Yes,Bank transfer (automatic),49.28,2125.56,Yes
2234-ZXT,Female,0,Yes,No,65,Yes,Yes,DSL,Yes,Yes,No,Yes,Yes,Yes,Month-to-month,No,Mailed check,72.19,4697.96,No
7587-AAA,Female,0,Yes,No,65,Yes,No,Fiber optic,No,Yes,Yes,No,No,No,One year,Yes,Electronic check,83.08,5396.63,Yes
1226-BDH,Female,0,Yes,Yes,42,Yes,No,Fiber optic,Yes,No,Yes,No,Yes,No,Month-to-month,Yes,Electronic check,108.05,4533.42,No
5143-CGO,Male,0,No,No,71,Yes,No,No,No internet service,No internet service,No internet service,No internet service,No internet service,No internet service,Two year,No,Electronic check,19.04,1354.54,No
8185-DJV,Male,0,Yes,Yes,37,Yes,Yes,Fiber optic,No,No,Yes,No,Yes,No,Month-to-month,Yes,Mailed check,79.16,2924.21,No
6558-EMC,Male,0,No,No,28,No,No phone service,Fiber optic,No,Yes,Yes,Yes,No,No,Two year,No,Bank transfer (automatic),80.38,2249.21,No
1186-FPJ,Female,0,Yes,Yes,55,Yes,No,Fiber optic,No,Yes,No,No,Yes,Yes,Month-to-month,Yes,Electronic check,100.37,5520.18,Yes
3535-GSQ,Female,0,Yes,No,5,Yes,Yes,Fiber optic,No,Yes,Yes,No,No,No,One year,No,Credit card (automatic),102.56,519.27,Yes
2932-HVX,Male,0,Yes,No,8,Yes,No,Fiber optic,No,Yes,No,No,Yes,Yes,Two year,Yes,Electronic check,114.78,927.07,No
3032-IYE,Male,0,Yes,No,21,Yes,No,DSL,Yes,No,No,Yes,Yes,No,Month-to-month,Yes,Bank transfer (automatic),47.04,988.54,No
2252-JBL,Female,0,Yes,Yes,45,Yes,No,Fiber optic,No,Yes,Yes,Yes,No,No,One year,No,Mailed check,103.36,4653.12,No
6509-KES,Male,0,Yes,Yes,30,Yes,No,Fiber optic,No,No,Yes,No,No,No,Month-to-month,No,Bank transfer (automatic),70.61,2115.85,Yes
6074-LHZ,Male,0,Yes,No,20,Yes,No,DSL,No,Yes,No,No,No,Yes,Month-to-month,Yes,Credit card (automatic),64.88,1295.6,Yes
2881-MKG,Male,0,No,No,37,Yes,No,Fiber optic,Yes,No,No,No,Yes,No,Month-to-month,Yes,Bank transfer (automatic),92.45,3424.67,No
1269-NNN,Female,0,Yes,Yes,51,Yes,Yes,Fiber optic,Yes,No,No,No,No,Yes,Month-to-month,No,Bank transfer (automatic),72.2,3691.65,Yes
2630-OQU,Female,0,No,Yes,18,Yes,Yes,DSL,Yes,Yes,Yes,No,No,No,Two year,Yes,Electronic check,51.66,921.03,No
5405-PTB,Female,0,No,No,9,Yes,Yes,No,No internet service,No internet service,No internet service,No internet service,No internet service,No internet service,One year,Yes,Electronic check,23.66,218.35,No
7139-QWI,Male,0,No,No,45,Yes,Yes,DSL,No,No,Yes,No,Yes,Yes,Two year,Yes,Bank transfer (automatic),56.47,2538.69,No
2574-RZP,Female,0,No,Yes,65,Yes,No,Fiber optic,No,Yes,No,No,No,No,Month-to-month,Yes,Credit card (automatic),93.5,6075.74,Yes
2695-SCW,Female,0,Yes,Yes,37,Yes,Yes,Fiber optic,No,Yes,No,No,No,Yes,Month-to-month,Yes,Mailed check,89.22,3297.62,No
4258-TFD,Male,0,No,No,61,Yes,No,DSL,No,No,No,No,Yes,No,Two year,No,Credit card (automatic),51.61,3149.03,No
4262-UIK,Female,0,Yes,No,71,Yes,No,Fiber optic,No,Yes,Yes,No,Yes,Yes,Two year,Yes,Credit card (automatic),115.87,8228.48,No
2445-VLR,Female,0,Yes,No,45,Yes,No,DSL,Yes,Yes,No,Yes,No,No,Two year,No,Electronic check,46.17,2080.95,No
7263-WOY,Male,0,No,Yes,34,Yes,Yes,Fiber optic,Yes,Yes,No,No,No,No,One year,Yes,Mailed check,92.53,3148.23,No
9411-XRF,Male,0,No,No,42,Yes,No,Fiber optic,No,No,Yes,Yes,Yes,No,Month-to-month,No,Bank transfer (automatic),86.4,3634.29,No
1052-YUM,Male,1,No,No,29,No,No phone service,Fiber optic,No,No,Yes,Yes,No,No,Two year,Yes,Mailed check,102.5,2974.96,No
6570-ZXT,Female,0,Yes,No,72,Yes,No,DSL,No,Yes,Yes,No,No,No,Month-to-month,Yes,Electronic check,70.53,5087.77,No
8579-AAA,Male,0,Yes,Yes,62,Yes,Yes,DSL,Yes,No,No,Yes,Yes,No,One year,Yes,Credit card (automatic),72.56,4495.13,No
2666-BDH,Male,0,No,Yes,29,Yes,No,DSL,Yes,No,Yes,No,No,Yes,Month-to-month,Yes,Bank transfer (automatic),64.47,1872.27,No
7901-CGO,Female,0,No,No,28,Yes,No,DSL,No,No,No,Yes,Yes,No,Month-to-month,Yes,Bank transfer (automatic),48.54,1351.36,No
3785-DJV,Male,0,Yes,No,65,Yes,Yes,Fiber optic,Yes,Yes,No,No,Yes,No,Two year,Yes,Bank transfer (automatic),94.53,6142.2,No
1719-EMC,Female,0,Yes,No,71,Yes,Yes,No,No internet service,No internet service,No internet service,No internet service,No internet service,No internet service,One year,No,Credit card (automatic),24.18,1709.25,No
9597-FPJ,Female,1,No,No,21,Yes,Yes,Fiber optic,No,No,No,No,No,No,Month-to-month,Yes,Bank transfer (automatic),86.03,1808.08,Yes
7855-GSQ,Female,0,No,No,34,Yes,No,Fiber optic,No,No,Yes,No,Yes,No,Month-to-month,No,Electronic check,113.2,3856.66,No
3294-HVX,Female,0,Yes,No,41,Yes,Yes,Fiber optic,No,No,No,No,Yes,Yes,Month-to-month,No,Credit card (automatic),104.26,4278.35,No
9263-IYE,Female,0,No,Yes,23,Yes,No,No,No internet service,No internet service,No internet service,No internet service,No internet service,No internet service,One year,Yes,Electronic check,24.65,576.79,No
5482-JBL,Male,0,No,No,25,Yes,Yes,Fiber optic,Yes,No,Yes,No,Yes,Yes,Two year,Yes,Credit card (automatic),93.8,2351.51,No
1698-KES,Female,0,No,No,30,Yes,No,DSL,Yes,Yes,No,No,No,No,Month-to-month,Yes,Mailed check,55.43,1670.54,Yes
8243-LHZ,Male,0,No,No,1,Yes,Yes,Fiber optic,Yes,No,No,Yes,No,No,Month-to-month,Yes,Credit card (automatic),73.57,78.09,Yes
6918-MKG,Male,0,Yes,No,38,Yes,No,DSL,No,Yes,Yes,No,No,No,One year,No,Mailed check,44.34,1679.52,No
1348-NNN,Female,0,No,No,11,Yes,Yes,Fiber optic,No,No,No,No,No,No,Two year,No,Bank transfer (automatic),114.08,1252.88,Yes
6374-OQU,Female,0,Yes,No,72,Yes,No,DSL,No,No,Yes,No,Yes,No,Two year,No,Mailed check,67.14,4837.93,No
8869-PTB,Male,1,No,No,43,No,No phone service,Fiber optic,No,No,No,No,No,Yes,One year,Yes,Bank transfer (automatic),75.23,3236.86,Yes
1307-QWI,Male,0,No,No,42,Yes,Yes,Fiber optic,No,No,Yes,No,No,No,Month-to-month,Yes,Credit card (automatic),87.12,3660.05,Yes
4416-RZP,Female,0,No,No,66,Yes,No,DSL,No,No,Yes,Yes,No,Yes,Month-to-month,Yes,Credit card (automatic),68.0,4482.43,No
5820-SCW,Female,0,Yes,No,37,Yes,No,Fiber optic,No,Yes,No,No,No,No,Month-to-month,No,Electronic check,114.95,4262.09,Yes
4558-TFD,Male,0,No,Yes,65,Yes,No,Fiber optic,No,Yes,Yes,Yes,No,No,Two year,No,Credit card (automatic),106.14,6890.07,No
5478-UIK,Female,1,No,No,39,No,No phone service,Fiber optic,No,No,No,Yes,No,Yes,Month-to-month,Yes,Mailed check,90.42,3535.39,Yes
7531-VLR,Male,0,No,No,21,Yes,Yes,DSL,No,No,No,Yes,No,No,Month-to-month,Yes,Bank transfer (automatic),45.63,953.05,No
5620-WOY,Male,0,Yes,No,62,Yes,Yes,Fiber optic,No,Yes,No,No,No,No,Month-to-month,Yes,Electronic check,101.27,6278.74,Yes
3985-XRF,Female,0,Yes,No,58,Yes,No,No,No internet service,No internet service,No internet service,No internet service,No internet service,No internet service,Month-to-month,Yes,Bank transfer (automatic),20.71,1200.86,No
9112-YUM,Female,0,No,No,18,Yes,No,No,No internet service,No internet service,No internet service,No internet service,No internet service,No internet service,Month-to-month,No,Credit card (automatic),18.72,328.06,Yes
9467-ZXT,Female,0,Yes,No,19,Yes,Yes,Fiber optic,No,No,Yes,No,No,Yes,Two year,No,Electronic check,110.48,2105.63,No
3547-AAA,Male,0,No,No,72,Yes,Yes,Fiber optic,Yes,No,No,No,Yes,No,Two year,Yes,Mailed check,115.65,8318.45,No
1336-BDH,Female,0,Yes,No,42,Yes,No,No,No internet service,No internet service,No internet service,No internet service,No internet service,No internet service,Month-to-month,No,Credit card (automatic),21.8,907.87,Yes
3979-CGO,Female,0,No,No,57,No,No phone service,Fiber optic,Yes,Yes,No,No,Yes,No,Month-to-month,No,Electronic check,75.65,4305.93,No
4968-DJV,Male,0,Yes,Yes,53,Yes,Yes,Fiber optic,No,Yes,Yes,Yes,No,Yes,Month-to-month,No,Credit card (automatic),89.62,4751.21,No
1910-EMC,Female,1,Yes,Yes,39,Yes,No,DSL,No,No,No,Yes,No,No,Month-to-month,No,Electronic check,47.17,1839.79,Yes
2996-FPJ,Male,1,Yes,No,26,Yes,No,Fiber optic,No,Yes,No,Yes,No,Yes,One year,No,Mailed check,109.09,2842.38,No
4129-GSQ,Male,0,No,No,12,No,No phone service,No,No internet service,No internet service,No internet service,No internet service,No internet service,No internet service,Two year,No,Bank transfer (automatic),21.9,263.66,No
6447-HVX,Female,0,No,No,46,Yes,Yes,DSL,Yes,Yes,No,Yes,No,No,Month-to-month,No,Mailed check,60.13,2766.33,No
7129-IYE,Male,0,No,No,71,Yes,No,DSL,Yes,No,No,No,Yes,No,Month-to-month,Yes,Mailed check,73.93,5242.99,Yes
6850-JBL,Male,0,No,No,22,Yes,No,DSL,Yes,No,Yes,Yes,No,Yes,Two year,No,Bank transfer (automatic),78.31,1718.56,No
5204-KES,Female,1,Yes,No,58,Yes,No,Fiber optic,No,No,No,No,No,No,Two year,Yes,Credit card (automatic),108.17,6273.29,No
8446-LHZ,Female,0,No,No,6,Yes,Yes,No,No internet service,No internet service,No internet service,No internet service,No internet service,No internet service,Two year,Yes,Bank transfer (automatic),23.79,149.41,No
9519-MKG,Female,0,No,Yes,49,Yes,No,DSL,Yes,No,No,No,No,No,Two year,Yes,Bank transfer (automatic),79.59,3898.52,No
1314-NNN,Male,0,Yes,No,65,Yes,Yes,Fiber optic,No,No,No,Yes,No,Yes,Two year,Yes,Bank transfer (automatic),92.83,6031.27,Yes
2134-OQU,Female,0,No,No,2,Yes,No,No,No internet service,No internet service,No internet service,No internet service,No internet service,No internet service,Month-to-month,No,Mailed check,22.7,50.44,Yes
5876-PTB,Male,0,No,No,38,Yes,Yes,DSL,No,Yes,No,No,No,No,Month-to-month,Yes,Electronic check,68.21,2596.73,Yes
9102-QWI,Male,0,No,No,6,Yes,No,Fiber optic,Yes,No,No,No,Yes,No,One year,No,Credit card (automatic),76.23,463.88,No
9347-RZP,Female,0,No,No,67,Yes,Yes,Fiber optic,Yes,No,No,Yes,No,No,Two year,No,Electronic check,81.65,5476.94,No
6592-SCW,Male,0,No,No,54,Yes,Yes,DSL,Yes,No,Yes,No,Yes,No,Month-to-month,Yes,Bank transfer (automatic),51.04,2753.37,No
2724-TFD,Female,0,No,No,7,Yes,No,Fiber optic,Yes,Yes,No,Yes,No,Yes,One year,No,Bank transfer (automatic),101.65,706.66,Yes
4343-UIK,Male,0,No,No,31,Yes,No,No,No internet service,No internet service,No internet service,No internet service,No internet service,No internet service,Month-to-month,Yes,Bank transfer (automatic),24.08,754.16,No
1886-VLR,Male,0,Yes,No,18,Yes,No,No,No internet service,No internet service,No internet service,No internet service,No internet service,No internet service,Two year,Yes,Credit card (automatic),23.37,424.72,No
1721-WOY,Female,0,No,No,11,Yes,Yes,DSL,No,Yes,No,No,No,No,Month-to-month,No,Mailed check,59.47,644.61,No
8678-XRF,Female,0,Yes,No,56,Yes,Yes,DSL,No,Yes,Yes,No,No,No,Month-to-month,Yes,Electronic check,70.98,3971.91,No
4357-YUM,Male,0,No,No,9,Yes,No,No,No internet service,No internet service,No internet service,No internet service,No internet service,No internet service,Two year,No,Credit card (automatic),21.02,190.76,No
1870-ZXT,Male,0,No,Yes,20,Yes,No,Fiber optic,Yes,Yes,No,No,No,Yes,Month-to-month,No,Credit card (automatic),83.38,1675.9,Yes
7751-AAA,Male,0,Yes,Yes,19,Yes,No,DSL,No,No,No,No,No,No,Month-to-month,No,Bank transfer (automatic),80.64,1526.85,Yes
1497-BDH,Female,1,Yes,Yes,3,Yes,Yes,Fiber optic,No,No,Yes,No,No,No,Month-to-month,No,Credit card (automatic),79.98,234.38,Yes
2756-CGO,Female,0,No,No,18,Yes,Yes,DSL,No,No,No,No,No,No,Month-to-month,Yes,Credit card (automatic),70.01,1264.29,Yes
2117-DJV,Female,1,Yes,Yes,28,Yes,No,No,No internet service,No internet service,No internet service,No internet service,No internet service,No internet service,Two year,Yes,Credit card (automatic),23.32,655.66,No
3828-EMC,Male,0,Yes,Yes,70,Yes,Yes,Fiber optic,No,No,No,Yes,No,No,One year,Yes,Electronic check,100.15,7012.18,No
2647-FPJ,Female,0,No,No,63,Yes,Yes,No,No internet service,No internet service,No internet service,No internet service,No internet service,No internet service,Two year,No,Bank transfer (automatic),19.06,1199.19,No
7992-GSQ,Female,0,No,No,71,Yes,No,Fiber optic,No,Yes,Yes,No,No,Yes,Month-to-month,Yes,Electronic check,83.14,5910.52,No
7771-HVX,Male,0,No,No,10,Yes,No,No,No internet service,No internet service,No internet service,No internet service,No internet service,No internet service,Two year,No,Electronic check,18.35,181.19,Yes
1142-IYE,Male,0,No,Yes,32,Yes,Yes,No,No internet service,No internet service,No internet service,No internet service,No internet service,No internet service,Two year,Yes,Electronic check,23.37,748.19,No
3761-JBL,Female,0,No,No,24,Yes,No,No,No internet service,No internet service,No internet service,No internet service,No internet service,No internet service,Month-to-month,No,Bank transfer (automatic),19.5,458.81,No
4435-KES,Female,0,Yes,Yes,32,Yes,Yes,No,No internet service,No internet service,No internet service,No internet service,No internet service,No internet service,Two year,Yes,Credit card (automatic),24.03,761.11,No
7622-LHZ,Male,0,No,No,25,Yes,Yes,Fiber optic,Yes,Yes,No,Yes,No,Yes,Two year,No,Bank transfer (automatic),78.07,1961.12,No
8069-MKG,Female,1,No,No,35,No,No phone service,Fiber optic,No,No,Yes,Yes,No,No,One year,No,Bank transfer (automatic),88.13,3076.26,Yes
5512-NNN,Female,0,No,No,10,Yes,Yes,Fiber optic,No,No,No,Yes,Yes,No,Month-to-month,No,Electronic check,76.93,772.27,No
2848-OQU,Female,1,No,No,29,Yes,No,Fiber optic,Yes,Yes,No,Yes,No,No,Month-to-month,No,Electronic check,95.97,2773.41,Yes
3696-PTB,Male,0,Yes,No,56,Yes,No,DSL,No,No,No,No,Yes,No,One year,Yes,Mailed check,68.35,3836.76,No
2717-QWI,Male,0,No,No,9,Yes,No,No,No internet service,No internet service,No internet service,No internet service,No internet service,No internet service,One year,Yes,Mailed check,19.79,177.86,No
4072-RZP,Female,0,No,Yes,24,Yes,No,DSL,No,No,Yes,Yes,Yes,Yes,One year,Yes,Bank transfer (automatic),60.7,1461.98,Yes
3786-SCW,Female,1,No,Yes,67,Yes,No,DSL,Yes,Yes,Yes,No,No,No,Month-to-month,Yes,Mailed check,48.8,3264.47,No
4791-TFD,Male,0,Yes,No,56,Yes,Yes,Fiber optic,Yes,No,Yes,Yes,No,No,One year,Yes,Mailed check,108.41,6077.12,No
4871-UIK,Male,0,No,No,33,Yes,Yes,No,No internet service,No internet service,No internet service,No internet service,No internet service,No internet service,Month-to-month,Yes,Credit card (automatic),23.56,777.0,Yes
2806-VLR,Male,0,Yes,No,53,Yes,No,DSL,No,No,Yes,No,Yes,No,Month-to-month,Yes,Credit card (automatic),54.6,2901.05,No
2504-WOY,Male,0,No,No,50,No,No phone service,DSL,Yes,No,Yes,Yes,Yes,Yes,Month-to-month,Yes,Credit card (automatic),54.83,2733.98,Yes
4308-XRF,Male,0,Yes,No,5,Yes,No,No,No internet service,No internet service,No internet service,No internet service,No internet service,No internet service,One year,No,Electronic check,22.37,112.21,No
8117-YUM,Male,0,No,Yes,58,Yes,No,No,No internet service,No internet service,No internet service,No internet service,No internet service,No internet service,Two year,Yes,Electronic check,22.36,1293.09,No
6048-ZXT,Female,0,No,No,53,Yes,No,DSL,Yes,No,No,No,Yes,Yes,Month-to-month,No,Electronic check,74.07,3918.04,Yes
9263-AAA,Female,0,Yes,No,16,Yes,Yes,No,No internet service,No internet service,No internet service,No internet service,No internet service,No internet service,Two year,Yes,Credit card (automatic),18.9,298.48,No
2690-BDH,Female,1,No,Yes,25,Yes,No,DSL,No,No,No,No,No,No,Month-to-month,Yes,Mailed check,71.55,1782.83,No
4303-CGO,Male,0,Yes,No,8,Yes,No,DSL,Yes,No,Yes,No,No,No,One year,Yes,Bank transfer (automatic),74.16,591.22,No
4113-DJV,Male,0,No,Yes,1,Yes,No,DSL,Yes,No,Yes,No,No,No,Month-to-month,Yes,Electronic check,55.44,59.0,Yes
8850-EMC,Male,1,No,No,19,Yes,No,Fiber optic,No,No,No,No,No,No,Month-to-month,No,Bank transfer (automatic),82.59,1559.84,Yes
7416-FPJ,Female,0,Yes,Yes,5,Yes,Yes,Fiber optic,Yes,No,Yes,Yes,Yes,Yes,Month-to-month,Yes,Bank transfer (automatic),102.4,521.1,Yes
2504-GSQ,Female,0,No,Yes,54,Yes,No,DSL,No,No,Yes,No,No,Yes,Month-to-month,No,Bank transfer (automatic),48.78,2635.39,Yes
9924-HVX,Female,0,No,Yes,47,Yes,No,No,No internet service,No internet service,No internet service,No internet service,No internet service,No internet service,Two year,No,Electronic check,21.91,1039.49,No
4924-IYE,Female,0,Yes,Yes,57,Yes,Yes,DSL,Yes,No,No,No,No,Yes,One year,No,Electronic check,64.58,3690.45,No
9615-JBL,Male,0,No,No,41,No,No phone service,DSL,Yes,Yes,No,No,No,Yes,Month-to-month,Yes,Bank transfer (automatic),71.57,2935.64,Yes
5485-KES,Male,0,No,No,20,Yes,No,Fiber optic,Yes,Yes,No,No,No,No,Two year,Yes,Bank transfer (automatic),99.55,1981.47,No
9100-LHZ,Female,0,Yes,No,5,Yes,Yes,Fiber optic,No,No,No,No,Yes,Yes,One year,No,Mailed check,109.7,554.0,No
9684-MKG,Female,0,No,No,29,Yes,No,DSL,Yes,No,No,No,No,No,Month-to-month,No,Mailed check,46.5,1357.37,Yes
1191-NNN,Male,0,No,No,22,Yes,No,DSL,Yes,Yes,No,No,Yes,Yes,Month-to-month,No,Electronic check,70.51,1559.0,No
9690-OQU,Female,0,Yes,No,35,Yes,No,No,No internet service,No internet service,No internet service,No internet service,No internet service,No internet service,Two year,Yes,Mailed check,23.09,812.5,No
5917-PTB,Male,0,Yes,No,2,Yes,No,DSL,No,No,No,No,No,No,One year,No,Electronic check,76.49,143.87,Yes
6831-QWI,Female,0,Yes,No,33,Yes,Yes,DSL,Yes,No,Yes,Yes,Yes,No,One year,Yes,Credit card (automatic),59.18,1949.33,No
5322-RZP,Female,0,No,Yes,29,Yes,Yes,Fiber optic,No,No,Yes,No,Yes,No,One year,No,Electronic check,84.26,2444.43,No
7999-SCW,Female,0,No,No,41,Yes,Yes,Fiber optic,No,Yes,No,No,Yes,Yes,Two year,Yes,Credit card (automatic),102.4,4207.74,No
8282-TFD,Female,0,No,Yes,20,Yes,No,DSL,No,No,Yes,Yes,No,No,Month-to-month,Yes,Electronic check,65.12,1299.26,No
2874-UIK,Male,1,No,Yes,3,No,No phone service,No,No internet service,No internet service,No internet service,No internet service,No internet service,No internet service,One year,Yes,Electronic check,20.79,71.39,No
5763-VLR,Female,1,Yes,No,48,Yes,Yes,No,No internet service,No internet service,No internet service,No internet service,No internet service,No internet service,Two year,No,Bank transfer (automatic),23.28,1117.05,No
9464-WOY,Female,0,No,No,47,No,No phone service,Fiber optic,No,Yes,No,No,Yes,Yes,One year,Yes,Bank transfer (automatic),93.45,4383.1,Yes
2051-XRF,Female,0,No,No,50,Yes,Yes,DSL,No,No,No,No,No,Yes,Month-to-month,Yes,Credit card (automatic),62.78,3130.8,No
8538-YUM,Female,0,No,No,23,Yes,Yes,Fiber optic,No,No,Yes,No,No,No,Month-to-month,Yes,Bank transfer (automatic),87.48,2005.97,No
8411-ZXT,Female,0,Yes,Yes,45,Yes,Yes,Fiber optic,No,No,No,Yes,No,Yes,Two year,No,Bank transfer (automatic),72.39,3264.9,No
7320-AAA,Male,0,No,No,26,Yes,Yes,No,No internet service,No internet service,No internet service,No internet service,No internet service,No internet service,Two year,Yes,Electronic check,23.88,619.46,No
3105-BDH,Male,0,Yes,No,50,Yes,No,No,No internet service,No internet service,No internet service,No internet service,No internet service,No internet service,Month-to-month,Yes,Credit card (automatic),20.56,1034.37,No
1307-CGO,Male,0,Yes,No,19,Yes,No,Fiber optic,Yes,No,No,Yes,No,Yes,Month-to-month,No,Bank transfer (automatic),91.28,1733.35,Yes
8737-DJV,Female,0,No,Yes,70,Yes,Yes,Fiber optic,No,No,Yes,No,No,No,Month-to-month,Yes,Electronic check,75.76,5304.54,No
4359-EMC,Female,1,Yes,No,17,Yes,No,DSL,No,Yes,No,Yes,No,No,Month-to-month,No,Bank transfer (automatic),69.16,1178.36,No
4176-FPJ,Female,0,Yes,No,7,Yes,No,Fiber optic,No,Yes,No,No,No,No,One year,No,Credit card (automatic),98.98,693.19,No
2251-GSQ,Female,0,No,No,26,Yes,No,No,No internet service,No internet service,No internet service,No internet service,No internet service,No internet service,Month-to-month,Yes,Mailed check,20.3,528.47,No
6366-HVX,Male,0,No,Yes,13,Yes,Yes,Fiber optic,Yes,No,Yes,Yes,No,No,Month-to-month,Yes,Mailed check,87.46,1137.11,No
2517-IYE,Male,0,No,Yes,17,Yes,Yes,No,No internet service,No internet service,No internet service,No internet service,No internet service,No internet service,Month-to-month,Yes,Credit card (automatic),23.31,394.53,No
7226-JBL,Male,0,No,No,64,Yes,No,No,No internet service,No internet service,No internet service,No internet service,No internet service,No internet service,One year,No,Credit card (automatic),21.86,1406.96,No
6305-KES,Female,0,Yes,Yes,30,Yes,No,DSL,Yes,No,No,No,Yes,No,Month-to-month,No,Credit card (automatic),54.25,1622.28,No
6869-LHZ,Female,0,Yes,No,19,No,No phone service,No,No internet service,No internet service,No internet service,No internet service,No internet service,No internet service,Month-to-month,No,Electronic check,22.06,428.59,Yes
9039-MKG,Male,0,No,No,69,Yes,Yes,Fiber optic,Yes,No,No,No,Yes,No,Month-to-month,Yes,Mailed check,112.65,7778.38,Yes
5891-NNN,Female,0,No,No,44,Yes,Yes,Fiber optic,No,Yes,Yes,Yes,No,No,Month-to-month,Yes,Mailed check,118.59,5219.03,Yes
5992-OQU,Male,0,No,No,0,Yes,Yes,DSL,No,Yes,No,No,No,No,One year,No,Bank transfer (automatic),47.71, ,Yes
2961-PTB,Male,0,No,Yes,18,Yes,Yes,DSL,No,No,No,No,Yes,No,One year,Yes,Credit card (automatic),62.36,1117.35,No
3863-QWI,Male,0,Yes,No,38,Yes,Yes,DSL,No,No,No,No,No,No,Month-to-month,Yes,Electronic check,62.32,2362.48,No
7603-RZP,Male,0,Yes,Yes,26,Yes,No,DSL,No,No,Yes,Yes,No,Yes,Month-to-month,Yes,Electronic check,82.7,2154.59,Yes
5567-SCW,Female,0,Yes,Yes,55,Yes,No,Fiber optic,No,No,No,No,No,Yes,Month-to-month,Yes,Electronic check,114.86,6308.69,Yes
7513-TFD,Female,0,No,Yes,15,Yes,Yes,No,No internet service,No internet service,No internet service,No internet service,No internet service,No internet service,Month-to-month,Yes,Bank transfer (automatic),21.28,317.93,No
5005-UIK,Female,0,Yes,No,6,Yes,No,No,No internet service,No internet service,No internet service,No internet service,No internet service,No internet service,Two year,No,Mailed check,20.06,115.55,No
1183-VLR,Male,1,No,No,19,Yes,Yes,DSL,Yes,No,Yes,Yes,No,No,Month-to-month,Yes,Mailed check,70.44,1330.07,Yes
8755-WOY,Female,1,Yes,Yes,30,Yes,No,No,No internet service,No internet service,No internet service,No internet service,No internet service,No internet service,Month-to-month,No,Mailed check,19.06,581.15,Yes
4358-XRF,Male,0,No,No,24,Yes,No,Fiber optic,Yes,No,Yes,No,No,No,Two year,Yes,Electronic check,79.92,1914.74,No
7615-YUM,Male,0,No,Yes,0,Yes,Yes,Fiber optic,Yes,Yes,Yes,Yes,No,No,Month-to-month,Yes,Electronic check,110.07, ,Yes
7797-ZXT,Male,0,No,Yes,16,Yes,Yes,No,No internet service,No internet service,No internet service,No internet service,No internet service,No internet service,Month-to-month,Yes,Credit card (automatic),23.9,377.8,No
9728-AAA,Female,0,No,No,26,Yes,Yes,No,No internet service,No internet service,No internet service,No internet service,No internet service,No internet service,Month-to-month,Yes,Bank transfer (automatic),24.36,624.61,Yes
8678-BDH,Female,0,No,Yes,23,Yes,No,Fiber optic,No,Yes,Yes,No,Yes,Yes,One year,No,Bank transfer (automatic),106.35,2453.52,No
6698-CGO,Male,0,Yes,No,61,Yes,No,DSL,No,No,No,Yes,No,No,Month-to-month,No,Electronic check,50.84,3092.38,Yes
2273-DJV,Male,0,Yes,No,51,Yes,No,DSL,Yes,No,Yes,No,No,Yes,Month-to-month,No,Electronic check,55.96,2844.42,Yes
7653-EMC,Male,0,No,Yes,50,Yes,Yes,DSL,Yes,No,Yes,No,Yes,No,Month-to-month,No,Electronic check,62.98,3144.92,No
2096-FPJ,Female,1,Yes,Yes,65,Yes,No,Fiber optic,No,No,No,No,No,Yes,One year,Yes,Credit card (automatic),85.59,5561.93,No
9002-GSQ,Male,0,Yes,No,56,Yes,No,Fiber optic,No,No,Yes,Yes,Yes,No,One year,Yes,Mailed check,96.04,5380.24,No
5247-HVX,Male,0,Yes,No,54,Yes,No,Fiber optic,No,Yes,No,No,No,Yes,Month-to-month,No,Electronic check,74.62,4030.88,Yes
6314-IYE,Female,0,Yes,No,52,Yes,Yes,DSL,No,No,No,No,Yes,No,One year,No,Mailed check,83.04,4314.88,No
4354-JBL,Male,0,Yes,No,18,Yes,No,Fiber optic,No,No,No,No,No,Yes,Month-to-month,No,Electronic check,117.75,2123.06,No
1270-KES,Male,0,No,No,12,Yes,No,No,No internet service,No internet service,No internet service,No internet service,No internet service,No internet service,Month-to-month,No,Mailed check,18.74,223.3,No
2186-LHZ,Female,0,No,No,28,Yes,Yes,No,No internet service,No internet service,No internet service,No internet service,No internet service,No internet service,Month-to-month,Yes,Bank transfer (automatic),18.52,520.31,No
7305-MKG,Female,0,No,No,5,Yes,Yes,DSL,Yes,Yes,Yes,No,No,No,Month-to-month,No,Credit card (automatic),63.97,327.08,No
3398-NNN,Male,0,Yes,Yes,72,Yes,No,Fiber optic,Yes,No,Yes,No,Yes,No,Month-to-month,Yes,Bank transfer (automatic),76.99,5551.86,Yes
7995-OQU,Female,0,No,Yes,0,Yes,No,DSL,No,Yes,Yes,Yes,No,Yes,Two year,Yes,Mailed check,49.69, ,No
8299-PTB,Male,0,No,No,23,Yes,No,DSL,No,Yes,Yes,No,No,Yes,Two year,Yes,Bank transfer (automatic),59.07,1365.44,No
5182-QWI,Male,0,No,No,5,Yes,No,Fiber optic,Yes,No,No,No,Yes,Yes,Month-to-month,No,Electronic check,116.72,586.49,Yes
3230-RZP,Male,0,Yes,No,47,Yes,Yes,DSL,No,Yes,Yes,No,No,No,Month-to-month,Yes,Credit card (automatic),82.41,3863.4,No
7511-SCW,Male,0,Yes,No,19,Yes,No,Fiber optic,No,No,No,No,No,Yes,Month-to-month,No,Mailed check,115.23,2185.2,No
1128-TFD,Female,0,No,No,66,Yes,No,No,No internet service,No internet service,No internet service,No internet service,No internet service,No internet service,Month-to-month,Yes,Credit card (automatic),19.39,1272.34,No
4672-UIK,Female,0,No,Yes,54,Yes,No,DSL,No,Yes,No,Yes,No,No,Month-to-month,Yes,Bank transfer (automatic),47.49,2569.01,No
5765-VLR,Male,0,No,No,17,Yes,No,Fiber optic,No,No,No,No,Yes,No,Two year,Yes,Electronic check,75.37,1275.08,No
4970-WOY,Female,0,Yes,No,20,Yes,No,No,No internet service,No internet service,No internet service,No internet service,No internet service,No internet service,Two year,Yes,Electronic check,22.23,439.98,No
8545-XRF,Male,0,No,Yes,63,Yes,Yes,DSL,No,No,No,Yes,No,No,One year,No,Mailed check,57.91,3645.73,No
6552-YUM,Male,0,Yes,No,36,Yes,No,No,No internet service,No internet service,No internet service,No internet service,No internet service,No internet service,Month-to-month,Yes,Bank transfer (automatic),24.16,867.41,Yes
1627-ZXT,Female,0,Yes,No,18,Yes,Yes,Fiber optic,No,No,No,Yes,No,Yes,Month-to-month,Yes,Electronic check,102.12,1831.76,Yes
7589-AAA,Female,0,Yes,Yes,55,Yes,Yes,DSL,No,No,Yes,No,No,Yes,Month-to-month,Yes,Electronic check,84.92,4674.71,No
3044-BDH,Male,0,Yes,Yes,61,Yes,No,Fiber optic,Yes,No,No,Yes,No,No,Month-to-month,Yes,Bank transfer (automatic),114.28,6968.22,No
3341-CGO,Male,0,Yes,Yes,17,Yes,No,Fiber optic,Yes,No,Yes,No,No,No,Month-to-month,No,Electronic check,97.82,1664.31,Yes
6884-DJV,Female,1,Yes,No,29,Yes,No,No,No internet service,No internet service,No internet service,No internet service,No internet service,No internet service,One year,No,Mailed check,23.86,684.59,No
9185-EMC,Male,1,Yes,No,55,Yes,Yes,No,No internet service,No internet service,No internet service,No internet service,No internet service,No internet service,One year,Yes,Bank transfer (automatic),19.33,1053.34,No
1249-FPJ,Male,0,Yes,No,41,Yes,Yes,No,No internet service,No internet service,No internet service,No internet service,No internet service,No internet service,One year,No,Mailed check,24.06,988.58,No
3925-GSQ,Male,0,Yes,Yes,52,Yes,Yes,DSL,No,No,No,Yes,No,No,Month-to-month,Yes,Credit card (automatic),73.35,3818.95,No
6043-HVX,Female,1,Yes,No,49,Yes,Yes,Fiber optic,No,No,No,No,Yes,Yes,Month-to-month,Yes,Credit card (automatic),88.88,4358.08,No
1974-IYE,Female,0,Yes,No,3,No,No phone service,Fiber optic,No,Yes,No,Yes,Yes,Yes,Two year,Yes,Credit card (automatic),109.34,318.35,Yes
8192-JBL,Male,0,Yes,Yes,62,Yes,No,Fiber optic,Yes,No,Yes,No,No,Yes,One year,Yes,Credit card (automatic),102.04,6323.27,No
3672-KES,Male,0,Yes,Yes,66,Yes,Yes,DSL,No,No,No,No,No,Yes,Two year,Yes,Credit card (automatic),47.56,3147.17,No
8279-LHZ,Female,1,Yes,No,55,No,No phone service,Fiber optic,No,Yes,Yes,No,No,No,Month-to-month,No,Electronic check,117.72,6478.44,No
8531-MKG,Male,1,Yes,No,48,Yes,No,Fiber optic,Yes,Yes,Yes,No,No,No,Two year,No,Mailed check,83.22,4000.23,No
9662-NNN,Male,0,No,No,21,Yes,Yes,No,No internet service,No internet service,No internet service,No internet service,No internet service,No internet service,One year,Yes,Bank transfer (automatic),21.94,451.11,Yes
2987-OQU,Female,0,No,No,11,Yes,Yes,DSL,Yes,No,No,No,Yes,Yes,Month-to-month,Yes,Bank transfer (automatic),79.64,874.54,No
1090-PTB,Male,0,No,Yes,48,Yes,No,Fiber optic,Yes,No,Yes,No,No,No,Month-to-month,Yes,Electronic check,84.07,4043.91,No
9721-QWI,Male,0,No,Yes,12,Yes,No,Fiber optic,No,No,No,Yes,No,No,Month-to-month,Yes,Mailed check,81.26,968.82,No
5059-RZP,Female,0,No,Yes,32,Yes,Yes,No,No internet service,No internet service,No internet service,No internet service,No internet service,No internet service,Month-to-month,No,Credit card (automatic),22.0,710.68,Yes
3773-SCW,Female,0,Yes,Yes,46,Yes,No,No,No internet service,No internet service,No internet service,No internet service,No internet service,No internet service,Month-to-month,Yes,Credit card (automatic),20.62,939.24,No
9383-TFD,Male,0,No,No,63,Yes,No,Fiber optic,No,No,Yes,Yes,No,Yes,Month-to-month,Yes,Bank transfer (automatic),103.73,6530.09,No
8409-UIK,Female,1,No,No,16,Yes,No,No,No internet service,No internet service,No internet service,No internet service,No internet service,No internet service,Month-to-month,Yes,Electronic check,20.42,321.16,Yes
5440-VLR,Female,0,No,Yes,33,No,No phone service,Fiber optic,No,Yes,No,No,Yes,No,Two year,Yes,Mailed check,118.23,3891.88,No
8347-WOY,Male,0,Yes,No,67,Yes,No,No,No internet service,No internet service,No internet service,No internet service,No internet service,No internet service,Month-to-month,Yes,Electronic check,20.16,1354.54,Yes
2008-XRF,Male,1,No,Yes,38,Yes,Yes,DSL,No,No,No,No,Yes,Yes,Two year,Yes,Bank transfer (automatic),70.13,2671.38,No
4783-YUM,Male,1,No,Yes,71,Yes,No,No,No internet service,No internet service,No internet service,No internet service,No internet service,No internet service,Two year,Yes,Electronic check,20.08,1422.19,No
7646-ZXT,Male,0,No,Yes,0,No,No phone service,DSL,No,No,Yes,No,No,Yes,Month-to-month,Yes,Credit card (automatic),62.92, ,Yes
5298-AAA,Female,0,No,Yes,4,Yes,No,Fiber optic,No,No,Yes,No,Yes,Yes,Month-to-month,Yes,Electronic check,84.2,338.81,Yes
5668-BDH,Female,1,No,Yes,39,Yes,No,Fiber optic,No,No,No,Yes,Yes,Yes,One year,No,Mailed check,90.27,3514.78,Yes
5287-CGO,Female,0,No,No,62,Yes,No,DSL,Yes,No,Yes,No,No,Yes,Two year,No,Bank transfer (automatic),69.91,4327.93,No
3052-DJV,Female,1,Yes,No,0,Yes,No,Fiber optic,No,Yes,Yes,No,No,No,Two year,No,Electronic check,104.41, ,No
7009-EMC,Male,1,Yes,No,34,Yes,No,Fiber optic,Yes,No,No,No,Yes,No,One year,No,Credit card (automatic),81.49,2768.83,No
2716-FPJ,Male,1,Yes,No,16,Yes,No,Fiber optic,No,No,No,Yes,No,Yes,Two year,Yes,Credit card (automatic),113.83,1814.61,Yes
1310-GSQ,Female,0,Yes,No,59,Yes,Yes,Fiber optic,No,Yes,No,No,No,Yes,Two year,No,Credit card (automatic),85.71,5062.84,No
5538-HVX,Female,1,Yes,No,0,Yes,No,DSL,No,No,No,Yes,No,Yes,Two year,Yes,Bank transfer (automatic),46.54, ,Yes
2260-IYE,Female,0,No,No,3,No,No phone service,No,No internet service,No internet service,No internet service,No internet service,No internet service,No internet service,Month-to-month,Yes,Mailed check,24.64,68.89,No
4932-JBL,Male,0,No,No,8,Yes,Yes,No,No internet service,No internet service,No internet service,No internet service,No internet service,No internet service,One year,Yes,Credit card (automatic),20.09,151.76,Yes
1584-KES,Female,1,Yes,No,44,Yes,Yes,No,No internet service,No internet service,No internet service,No internet service,No internet service,No internet service,Month-to-month,Yes,Electronic check,24.98,1106.48,No
8616-LHZ,Female,0,No,No,31,Yes,No,DSL,Yes,No,No,No,No,No,Two year,Yes,Mailed check,66.44,2067.82,No
9551-MKG,Male,0,Yes,Yes,68,Yes,No,No,No internet service,No internet service,No internet service,No internet service,No internet service,No internet service,Month-to-month,No,Electronic check,23.98,1633.23,No
3866-NNN,Female,0,No,No,13,Yes,Yes,No,No internet service,No internet service,No internet service,No internet service,No internet service,No internet service,Two year,Yes,Electronic check,18.98,239.17,Yes
6898-OQU,Female,0,Yes,Yes,50,Yes,Yes,No,No internet service,No internet service,No internet service,No internet service,No internet service,No internet service,Month-to-month,Yes,Bank transfer (automatic),21.97,1102.8,No
3011-PTB,Male,1,No,Yes,22,Yes,No,Fiber optic,No,No,No,Yes,Yes,Yes,Two year,Yes,Electronic check,70.91,1553.25,No
7251-QWI,Female,0,No,Yes,45,Yes,No,No,No internet service,No internet service,No internet service,No internet service,No internet service,No internet service,Month-to-month,Yes,Mailed check,20.81,931.22,Yes
5939-RZP,Male,0,Yes,No,26,Yes,Yes,Fiber optic,Yes,Yes,Yes,Yes,No,No,Month-to-month,No,Credit card (automatic),72.01,1867.18,No
5006-SCW,Female,0,No,Yes,35,Yes,No,DSL,No,No,No,Yes,No,Yes,One year,Yes,Mailed check,62.95,2208.71,No
2625-TFD,Female,0,No,No,67,Yes,No,DSL,No,Yes,No,No,No,No,Month-to-month,Yes,Electronic check,73.24,4898.37,Yes
1890-UIK,Female,0,Yes,Yes,31,Yes,No,DSL,Yes,No,Yes,No,No,No,Two year,Yes,Mailed check,79.98,2482.39,No
7078-VLR,Male,0,No,No,72,Yes,No,DSL,Yes,No,Yes,No,Yes,No,Two year,No,Bank transfer (automatic),71.27,5125.25,No
8036-WOY,Male,0,No,No,65,Yes,No,DSL,No,No,No,No,Yes,No,Month-to-month,No,Bank transfer (automatic),73.73,4793.69,No
9923-XRF,Male,1,Yes,No,41,Yes,No,DSL,No,No,No,No,No,Yes,One year,Yes,Electronic check,52.93,2166.09,Yes
4961-YUM,Male,0,Yes,No,49,Yes,No,DSL,No,No,No,Yes,Yes,Yes,Month-to-month,No,Electronic check,56.01,2738.55,Yes
3504-ZXT,Male,0,No,No,56,Yes,No,Fiber optic,No,No,Yes,Yes,No,No,Month-to-month,No,Bank transfer (automatic),115.72,6484.53,No
9806-AAA,Female,0,No,No,63,Yes,Yes,DSL,Yes,Yes,No,Yes,No,Yes,Two year,Yes,Electronic check,50.69,3200.27,No
4806-BDH,Female,0,Yes,No,45,Yes,Yes,DSL,No,No,No,Yes,No,No,Month-to-month,Yes,Credit card (automatic),84.62,3815.85,Yes
7100-CGO,Female,0,No,No,53,Yes,Yes,DSL,No,Yes,Yes,Yes,Yes,Yes,Month-to-month,Yes,Electronic check,78.46,4156.3,No
2719-DJV,Female,0,Yes,No,52,Yes,Yes,Fiber optic,No,No,Yes,No,Yes,Yes,Month-to-month,Yes,Credit card (automatic),109.12,5671.81,Yes
7686-EMC,Female,0,No,No,28,Yes,Yes,DSL,No,Yes,No,Yes,No,No,One year,No,Credit card (automatic),77.14,2164.79,Yes
2587-FPJ,Female,0,No,Yes,36,Yes,No,No,No internet service,No internet service,No internet service,No internet service,No internet service,No internet service,One year,Yes,Credit card (automatic),20.77,756.15,No
8000-GSQ,Female,0,No,No,68,Yes,No,Fiber optic,Yes,No,Yes,Yes,Yes,No,Month-to-month,Yes,Bank transfer (automatic),108.64,7393.91,Yes
1896-HVX,Female,0,No,Yes,13,Yes,Yes,DSL,No,No,No,Yes,No,Yes,Month-to-month,Yes,Credit card (automatic),58.53,759.99,No
6558-IYE,Female,0,No,No,26,Yes,No,Fiber optic,No,No,No,No,Yes,No,One year,No,Electronic check,87.86,2285.17,Yes
9469-JBL,Male,0,Yes,No,4,Yes,No,DSL,No,Yes,No,No,No,No,One year,Yes,Electronic check,76.55,298.7,Yes
5647-KES,Male,0,No,Yes,43,Yes,No,Fiber optic,No,Yes,No,Yes,Yes,Yes,Two year,Yes,Bank transfer (automatic),89.03,3824.66,No
3432-LHZ,Female,1,Yes,No,14,No,No phone service,No,No internet service,No internet service,No internet service,No internet service,No internet service,No internet service,One year,Yes,Electronic check,23.7,324.12,Yes
4904-MKG,Female,1,No,No,66,Yes,No,Fiber optic,No,Yes,Yes,Yes,No,Yes,Month-to-month,No,Bank transfer (automatic),70.55,4652.62,Yes
7837-NNN,Female,0,No,No,0,Yes,Yes,No,No internet service,No internet service,No internet service,No internet service,No internet service,No internet service,Month-to-month,Yes,Mailed check,19.41, ,Yes
2449-OQU,Male,0,Yes,No,23,Yes,No,DSL,No,No,No,Yes,Yes,Yes,Month-to-month,No,Bank transfer (automatic),82.27,1891.76,Yes
5500-PTB,Female,0,No,No,61,Yes,Yes,DSL,No,No,Yes,Yes,Yes,Yes,Two year,No,Bank transfer (automatic),69.81,4258.81,No
6454-QWI,Male,1,No,No,56,Yes,No,No,No internet service,No internet service,No internet service,No internet service,No internet service,No internet service,Month-to-month,Yes,Mailed check,21.41,1197.1,No
5117-RZP,Female,0,No,No,19,Yes,Yes,Fiber optic,No,Yes,No,No,No,No,Month-to-month,No,Credit card (automatic),98.28,1857.63,No
9869-SCW,Female,0,Yes,No,57,Yes,No,Fiber optic,No,No,No,No,Yes,No,One year,No,Mailed check,89.6,5107.87,No
3028-TFD,Female,0,Yes,No,13,Yes,No,No,No internet service,No internet service,No internet service,No internet service,No internet service,No internet service,Month-to-month,No,Credit card (automatic),19.15,246.24,No
7845-UIK,Female,0,No,No,52,Yes,No,No,No internet service,No internet service,No internet service,No internet service,No internet service,No internet service,One year,Yes,Electronic check,24.27,1261.42,No
4758-VLR,Male,0,No,No,34,Yes,No,No,No internet service,No internet service,No internet service,No internet service,No internet service,No internet service,Month-to-month,No,Mailed check,23.34,785.15,No
6904-WOY,Female,0,Yes,No,61,Yes,No,Fiber optic,No,Yes,Yes,No,Yes,No,Month-to-month,Yes,Electronic check,104.02,6346.36,No
5624-XRF,Male,0,No,No,60,Yes,Yes,DSL,Yes,Yes,Yes,No,No,No,One year,Yes,Electronic check,78.6,4722.37,No
9848-YUM,Male,0,No,Yes,18,No,No phone service,DSL,Yes,No,Yes,Yes,Yes,Yes,Month-to-month,No,Mailed check,74.57,1334.4,No
1165-ZXT,Male,0,No,No,41,Yes,No,No,No internet service,No internet service,No internet service,No internet service,No internet service,No internet service,Month-to-month,Yes,Electronic check,21.73,886.52,No
5591-AAA,Male,0,No,No,43,Yes,Yes,Fiber optic,No,No,No,No,No,No,Month-to-month,Yes,Credit card (automatic),76.68,3293.68,Yes
1589-BDH,Female,0,Yes,Yes,0,Yes,No,No,No internet service,No internet service,No internet service,No internet service,No internet service,No internet service,Month-to-month,Yes,Mailed check,18.97, ,Yes
5524-CGO,Female,1,Yes,No,67,Yes,No,Fiber optic,No,Yes,No,Yes,Yes,No,Month-to-month,No,Electronic check,71.53,4783.25,No
3821-DJV,Female,0,No,No,45,Yes,No,Fiber optic,No,No,No,No,No,Yes,One year,Yes,Electronic check,93.97,4227.52,No
7509-EMC,Male,0,Yes,No,50,Yes,No,Fiber optic,No,No,No,No,Yes,Yes,One year,Yes,Electronic check,77.78,3881.58,No
8693-FPJ,Female,0,No,No,31,Yes,Yes,Fiber optic,No,No,Yes,Yes,No,No,Month-to-month,Yes,Mailed check,83.31,2575.74,No
1071-GSQ,Male,0,No,Yes,18,Yes,Yes,Fiber optic,No,No,Yes,Yes,Yes,No,Two year,Yes,Mailed check,112.8,2032.43,No
4580-HVX,Female,0,Yes,No,38,Yes,Yes,Fiber optic,No,Yes,Yes,No,No,No,Month-to-month,Yes,Electronic check,99.62,3783.79,Yes
8962-IYE,Male,0,No,No,13,Yes,Yes,DSL,No,No,No,No,No,Yes,Two year,Yes,Credit card (automatic),84.4,1103.04,No
1268-JBL,Female,0,No,No,28,Yes,Yes,DSL,No,No,No,No,No,Yes,Month-to-month,Yes,Bank transfer (automatic),82.95,2312.65,No
3462-KES,Female,1,No,No,41,Yes,Yes,No,No internet service,No internet service,No internet service,No internet service,No internet service,No internet service,Month-to-month,Yes,Electronic check,21.23,878.01,Yes
2015-LHZ,Male,0,Yes,Yes,13,Yes,No,Fiber optic,No,No,No,No,No,Yes,Month-to-month,No,Mailed check,102.05,1327.94,No
8984-MKG,Female,0,No,No,10,Yes,No,Fiber optic,No,No,Yes,Yes,No,Yes,Month-to-month,Yes,Credit card (automatic),116.22,1165.84,Yes
1406-NNN,Male,0,No,Yes,46,Yes,No,Fiber optic,No,No,No,No,No,Yes,Two year,No,Bank transfer (automatic),108.24,4975.9,No
8384-OQU,Female,0,No,No,23,Yes,No,DSL,No,Yes,Yes,Yes,No,No,Month-to-month,Yes,Electronic check,70.89,1621.39,No
7049-PTB,Female,0,No,No,21,Yes,No,No,No internet service,No internet service,No internet service,No internet service,No internet service,No internet service,Two year,Yes,Credit card (automatic),22.25,462.6,No
7169-QWI,Male,0,Yes,No,48,Yes,No,Fiber optic,Yes,Yes,Yes,Yes,No,No,Month-to-month,Yes,Credit card (automatic),96.44,4625.23,Yes
8982-RZP,Male,0,No,Yes,54,Yes,No,No,No internet service,No internet service,No internet service,No internet service,No internet service,No internet service,Month-to-month,No,Bank transfer (automatic),19.19,1034.06,No
1985-SCW,Female,0,No,Yes,54,Yes,Yes,No,No internet service,No internet service,No internet service,No internet service,No internet service,No internet service,Two year,Yes,Electronic check,18.97,1028.78,No
5485-TFD,Male,1,Yes,No,69,Yes,No,Fiber optic,No,No,No,No,Yes,Yes,Month-to-month,Yes,Electronic check,81.73,5644.87,Yes
9901-UIK,Male,0,No,No,72,Yes,Yes,Fiber optic,No,No,No,Yes,No,No,Month-to-month,No,Bank transfer (automatic),97.96,7061.3,No
3618-VLR,Male,0,Yes,No,34,Yes,No,DSL,Yes,No,No,Yes,Yes,Yes,One year,Yes,Electronic check,82.15,2784.82,No
7289-WOY,Female,0,No,No,43,Yes,No,DSL,No,No,Yes,Yes,Yes,No,Two year,No,Mailed check,60.15,2588.44,No
7928-XRF,Female,0,No,No,35,Yes,Yes,Fiber optic,No,Yes,No,Yes,No,No,Month-to-month,No,Electronic check,111.86,3907.54,Yes
6368-YUM,Male,1,No,Yes,14,Yes,Yes,Fiber optic,No,No,No,No,No,Yes,One year,Yes,Electronic check,71.07,1001.13,No
5621-ZXT,Male,0,Yes,Yes,44,Yes,Yes,Fiber optic,No,No,No,No,Yes,Yes,Month-to-month,Yes,Mailed check,106.09,4664.92,No
8566-AAA,Male,1,No,No,61,Yes,No,No,No internet service,No internet service,No internet service,No internet service,No internet service,No internet service,Month-to-month,Yes,Bank transfer (automatic),18.85,1142.23,Yes
5670-BDH,Female,0,No,Yes,49,Yes,Yes,Fiber optic,No,No,No,No,No,Yes,Month-to-month,No,Electronic check,113.9,5579.33,Yes
8658-CGO,Female,1,No,No,12,Yes,Yes,Fiber optic,No,No,Yes,Yes,No,No,Month-to-month,No,Electronic check,93.59,1124.7,Yes
2003-DJV,Male,0,No,No,30,Yes,Yes,DSL,No,Yes,Yes,No,No,No,Month-to-month,Yes,Electronic check,64.81,1951.6,No
8504-EMC,Female,1,No,No,4,Yes,Yes,DSL,Yes,Yes,No,Yes,No,Yes,Month-to-month,No,Bank transfer (automatic),81.67,330.29,Yes
3466-FPJ,Female,0,No,No,7,Yes,Yes,DSL,No,No,Yes,No,No,No,Two year,Yes,Electronic check,62.0,438.07,Yes
2939-GSQ,Female,0,No,No,12,Yes,No,No,No internet service,No internet service,No internet service,No internet service,No internet service,No internet service,Month-to-month,Yes,Mailed check,24.34,294.96,Yes
2635-HVX,Male,0,Yes,No,40,Yes,Yes,Fiber optic,Yes,Yes,No,Yes,No,No,One year,Yes,Electronic check,103.21,4124.41,No
9095-IYE,Female,0,Yes,No,16,Yes,No,Fiber optic,No,No,No,No,No,No,Month-to-month,Yes,Bank transfer (automatic),83.78,1330.73,Yes
7265-JBL,Female,0,No,No,31,Yes,No,Fiber optic,Yes,Yes,No,No,Yes,Yes,Month-to-month,Yes,Bank transfer (automatic),72.96,2263.99,No
2895-KES,Male,0,No,Yes,4,Yes,No,Fiber optic,Yes,Yes,No,No,No,No,Month-to-month,No,Credit card (automatic),114.11,454.76,Yes
7524-LHZ,Male,1,Yes,No,8,No,No phone service,Fiber optic,No,Yes,No,Yes,No,No,Two year,No,Credit card (automatic),85.83,680.87,No
2073-MKG,Female,0,No,No,33,Yes,Yes,No,No internet service,No internet service,No internet service,No internet service,No internet service,No internet service,Two year,Yes,Credit card (automatic),18.42,617.11,Yes
6184-NNN,Female,0,Yes,No,0,Yes,No,No,No internet service,No internet service,No internet service,No internet service,No internet service,No internet service,Month-to-month,Yes,Credit card (automatic),24.37, ,Yes
3402-OQU,Male,1,Yes,Yes,39,Yes,Yes,DSL,No,Yes,No,No,No,Yes,Month-to-month,No,Credit card (automatic),65.84,2565.59,Yes
5895-PTB,Male,0,Yes,Yes,53,Yes,No,DSL,Yes,Yes,No,Yes,Yes,No,Month-to-month,Yes,Electronic check,72.59,3842.36,No
8331-QWI,Male,0,No,No,31,Yes,Yes,DSL,No,No,Yes,No,Yes,No,Two year,Yes,Bank transfer (automatic),83.08,2565.63,No
2956-RZP,Male,1,No,Yes,49,Yes,Yes,Fiber optic,Yes,Yes,Yes,Yes,Yes,Yes,Two year,Yes,Mailed check,79.62,3906.86,No
8023-SCW,Male,0,No,No,58,No,No phone service,Fiber optic,No,No,Yes,No,Yes,No,Month-to-month,Yes,Electronic check,100.78,5838.8,No
4907-TFD,Male,0,Yes,No,61,No,No phone service,DSL,No,No,Yes,No,Yes,No,Month-to-month,No,Mailed check,51.11,3115.78,No
1807-UIK,Female,0,No,No,10,Yes,Yes,Fiber optic,Yes,Yes,No,No,No,No,One year,Yes,Electronic check,82.63,828.32,No
9378-VLR,Female,1,No,Yes,22,Yes,No,No,No internet service,No internet service,No internet service,No internet service,No internet service,No internet service,Month-to-month,Yes,Electronic check,21.9,473.17,No
5827-WOY,Female,1,Yes,Yes,25,Yes,No,DSL,No,No,No,No,Yes,No,Two year,Yes,Mailed check,53.14,1327.31,No
5524-XRF,Female,1,Yes,No,62,Yes,No,Fiber optic,Yes,No,No,Yes,No,No,Month-to-month,No,Bank transfer (automatic),92.95,5753.8,No
3284-YUM,Male,0,No,No,45,No,No phone service,DSL,No,Yes,No,Yes,Yes,No,Two year,Yes,Credit card (automatic),44.66,2007.91,No
6313-ZXT,Female,0,Yes,No,68,No,No phone service,DSL,No,Yes,Yes,No,No,No,One year,No,Electronic check,70.65,4797.08,No
1757-AAA,Male,0,Yes,No,5,Yes,No,Fiber optic,No,No,Yes,No,Yes,No,Month-to-month,Yes,Bank transfer (automatic),107.33,527.08,Yes
5887-BDH,Female,0,No,No,50,Yes,No,No,No internet service,No internet service,No internet service,No internet service,No internet service,No internet service,Month-to-month,Yes,Electronic check,19.82,985.03,No
4854-CGO,Female,0,No,No,42,Yes,Yes,Fiber optic,No,No,No,Yes,No,No,Month-to-month,No,Bank transfer (automatic),71.38,3000.81,No
4558-DJV,Male,0,No,No,41,Yes,No,Fiber optic,No,Yes,Yes,No,Yes,No,Month-to-month,No,Bank transfer (automatic),73.29,3011.16,Yes
1961-EMC,Female,1,Yes,No,12,No,No phone service,DSL,Yes,No,No,No,Yes,No,Two year,Yes,Mailed check,69.9,840.4,No
4847-FPJ,Female,0,No,No,24,Yes,No,DSL,Yes,No,No,No,No,No,One year,Yes,Electronic check,84.99,2031.44,Yes
7726-GSQ,Female,0,Yes,No,1,Yes,No,Fiber optic,No,Yes,No,No,No,No,Month-to-month,No,Credit card (automatic),103.44,93.95,Yes
4575-HVX,Male,1,Yes,No,13,Yes,Yes,Fiber optic,No,No,Yes,Yes,Yes,Yes,One year,Yes,Mailed check,70.45,925.22,No
3418-IYE,Male,1,No,Yes,16,No,No phone service,Fiber optic,Yes,No,No,Yes,No,Yes,One year,No,Electronic check,115.72,1859.8,No
5198-JBL,Male,0,Yes,No,39,Yes,No,Fiber optic,No,Yes,No,No,Yes,No,Month-to-month,No,Electronic check,111.82,4366.84,No
2001-KES,Female,0,Yes,Yes,38,Yes,Yes,No,No internet service,No internet service,No internet service,No internet service,No internet service,No internet service,Month-to-month,Yes,Electronic check,21.78,828.24,No
6244-LHZ,Male,0,No,Yes,24,Yes,No,No,No internet service,No internet service,No internet service,No internet service,No internet service,No internet service,Month-to-month,Yes,Credit card (automatic),23.72,566.14,Yes
8119-MKG,Female,0,Yes,No,47,Yes,Yes,DSL,No,No,Yes,Yes,Yes,No,Month-to-month,Yes,Mailed check,56.06,2641.64,No
5066-NNN,Male,0,No,No,48,Yes,Yes,DSL,No,No,Yes,No,Yes,No,One year,No,Credit card (automatic),49.01,2357.89,No
3845-OQU,Male,0,Yes,No,32,Yes,No,DSL,No,No,No,No,No,Yes,Two year,No,Bank transfer (automatic),50.43,1612.05,No
9849-PTB,Male,1,Yes,No,26,Yes,Yes,DSL,No,No,No,No,No,No,One year,Yes,Electronic check,53.68,1393.8,No
6316-QWI,Male,0,Yes,No,44,Yes,No,Fiber optic,Yes,No,No,Yes,No,Yes,One year,No,Electronic check,83.25,3662.36,No
1422-RZP,Male,0,Yes,No,30,Yes,Yes,DSL,No,No,No,No,No,No,Month-to-month,No,Mailed check,61.29,1830.81,Yes
7715-SCW,Male,0,No,No,62,Yes,Yes,DSL,Yes,No,No,No,Yes,Yes,Month-to-month,Yes,Electronic check,72.28,4485.78,No
5266-TFD,Female,0,No,No,37,Yes,No,DSL,Yes,Yes,Yes,Yes,No,No,Month-to-month,Yes,Credit card (automatic),49.4,1822.68,No
8549-UIK,Male,0,Yes,No,39,Yes,No,DSL,Yes,No,No,No,Yes,No,One year,No,Credit card (automatic),52.16,2043.95,No
7316-VLR,Female,0,No,No,57,Yes,No,No,No internet service,No internet service,No internet service,No internet service,No internet service,No internet service,One year,Yes,Electronic check,19.02,1081.0,No
3710-WOY,Female,1,No,No,64,Yes,No,DSL,No,No,Yes,Yes,Yes,Yes,Two year,No,Mailed check,63.83,4081.57,No
9644-XRF,Female,0,Yes,Yes,10,Yes,No,Fiber optic,No,No,Yes,No,No,No,Month-to-month,Yes,Bank transfer (automatic),104.79,1051.62,No
9069-YUM,Female,1,Yes,No,14,Yes,No,DSL,Yes,No,Yes,No,No,No,One year,No,Electronic check,62.15,874.99,No
2657-ZXT,Female,0,Yes,No,56,Yes,Yes,DSL,Yes,No,No,Yes,No,Yes,Month-to-month,Yes,Electronic check,74.51,4175.32,Yes
3541-AAA,Male,0,No,Yes,24,Yes,No,Fiber optic,Yes,No,Yes,No,Yes,No,One year,Yes,Mailed check,97.68,2344.44,Yes
7763-BDH,Female,0,Yes,No,38,Yes,No,Fiber optic,No,No,Yes,Yes,No,No,Month-to-month,Yes,Mailed check,85.42,3242.53,No
4075-CGO,Female,0,Yes,No,32,No,No phone service,DSL,No,Yes,No,Yes,No,Yes,Month-to-month,No,Electronic check,66.34,2117.08,No
4164-DJV,Male,1,No,Yes,28,Yes,Yes,DSL,Yes,Yes,No,No,No,No,Two year,No,Mailed check,78.08,2188.26,No
3053-EMC,Female,0,No,Yes,57,Yes,Yes,No,No internet service,No internet service,No internet service,No internet service,No internet service,No internet service,One year,No,Credit card (automatic),19.42,1101.33,No
9479-FPJ,Male,0,No,No,71,No,No phone service,DSL,No,No,No,No,No,Yes,One year,No,Electronic check,67.1,4761.86,No
6737-GSQ,Male,0,Yes,No,10,Yes,No,Fiber optic,Yes,Yes,Yes,No,No,Yes,Month-to-month,No,Electronic check,102.89,1030.2,Yes
4217-HVX,Male,0,No,No,12,Yes,No,Fiber optic,No,No,No,No,Yes,No,Two year,Yes,Electronic check,114.07,1370.67,Yes
2447-IYE,Male,0,No,No,68,Yes,Yes,Fiber optic,Yes,No,Yes,No,Yes,No,Month-to-month,Yes,Mailed check,99.44,6770.55,No
7009-JBL,Female,0,Yes,No,20,Yes,No,DSL,No,Yes,No,Yes,No,No,Month-to-month,No,Mailed check,45.75,908.18,Yes
1607-KES,Female,0,Yes,No,2,Yes,No,Fiber optic,No,No,No,Yes,No,Yes,Month-to-month,Yes,Bank transfer (automatic),97.73,194.98,Yes
5552-LHZ,Female,0,No,No,25,No,No phone service,Fiber optic,No,Yes,Yes,Yes,No,No,Month-to-month,Yes,Electronic check,79.91,2005.03,No
2764-MKG,Male,1,No,No,32,No,No phone service,Fiber optic,No,No,No,No,No,No,Month-to-month,No,Bank transfer (automatic),92.63,2959.76,Yes
3671-NNN,Female,0,Yes,No,21,Yes,Yes,Fiber optic,No,No,No,No,Yes,No,One year,No,Credit card (automatic),97.63,2050.69,Yes
7519-OQU,Female,0,Yes,No,61,Yes,No,Fiber optic,Yes,No,No,Yes,No,No,Month-to-month,Yes,Credit card (automatic),102.11,6230.91,No
4962-PTB,Female,0,No,Yes,4,Yes,No,DSL,Yes,No,No,No,Yes,No,One year,No,Mailed check,47.0,191.67,Yes
4177-QWI,Male,0,No,No,18,Yes,No,Fiber optic,No,No,No,No,Yes,No,Two year,Yes,Electronic check,111.29,2005.98,Yes
4722-RZP,Female,0,No,No,8,Yes,No,Fiber optic,Yes,Yes,Yes,No,Yes,No,Two year,Yes,Mailed check,116.01,928.49,Yes
5906-SCW,Male,0,No,Yes,57,Yes,Yes,No,No internet service,No internet service,No internet service,No internet service,No internet service,No internet service,Month-to-month,Yes,Electronic check,22.97,1303.87,No
8263-TFD,Female,0,Yes,Yes,23,Yes,Yes,DSL,No,No,No,No,No,No,Two year,Yes,Electronic check,68.74,1586.81,No
6054-UIK,Female,0,No,No,38,Yes,Yes,DSL,No,No,Yes,Yes,No,No,Two year,Yes,Mailed check,69.37,2644.66,No
1808-VLR,Female,0,Yes,Yes,60,Yes,Yes,Fiber optic,No,Yes,No,No,Yes,No,Month-to-month,No,Mailed check,104.03,6245.33,Yes
1725-WOY,Male,0,No,No,47,Yes,No,Fiber optic,No,No,No,Yes,No,No,One year,No,Bank transfer (automatic),112.93,5304.41,No
8701-XRF,Male,0,No,No,49,Yes,No,DSL,Yes,Yes,No,No,No,No,One year,Yes,Credit card (automatic),50.17,2468.26,No
2216-YUM,Female,0,No,No,61,No,No phone service,Fiber optic,Yes,No,No,No,Yes,Yes,Two year,Yes,Credit card (automatic),71.67,4366.41,No
5051-ZXT,Female,0,No,Yes,52,Yes,No,Fiber optic,Yes,No,No,No,No,Yes,Month-to-month,Yes,Mailed check,73.47,3830.43,No
3197-AAA,Male,0,Yes,No,20,Yes,Yes,Fiber optic,No,No,No,No,No,No,Month-to-month,No,Credit card (automatic),83.56,1671.41,Yes
3806-BDH,Female,0,Yes,Yes,37,Yes,No,Fiber optic,Yes,No,Yes,No,No,Yes,One year,Yes,Credit card (automatic),89.64,3317.38,No
9970-CGO,Female,0,Yes,Yes,58,Yes,Yes,DSL,No,No,No,Yes,Yes,No,Month-to-month,Yes,Credit card (automatic),63.09,3660.88,Yes
1972-DJV,Female,0,No,No,42,Yes,Yes,Fiber optic,No,No,No,No,No,No,Month-to-month,Yes,Electronic check,80.96,3392.99,Yes
6634-EMC,Female,1,Yes,No,16,Yes,Yes,Fiber optic,No,No,Yes,No,No,No,Two year,No,Electronic check,73.67,1182.68,No
8483-FPJ,Female,1,Yes,No,68,Yes,No,Fiber optic,No,Yes,Yes,No,Yes,No,One year,No,Electronic check,82.13,5584.15,No
3123-GSQ,Female,0,No,No,43,No,No phone service,DSL,Yes,No,Yes,No,No,Yes,One year,Yes,Credit card (automatic),75.67,3250.01,No
9790-HVX,Female,0,Yes,No,62,Yes,No,DSL,Yes,No,Yes,No,No,Yes,Two year,No,Bank transfer (automatic),68.98,4281.69,No
1224-IYE,Male,0,No,No,22,Yes,Yes,Fiber optic,No,No,Yes,Yes,Yes,No,Month-to-month,Yes,Electronic check,106.1,2338.58,No
2814-JBL,Female,0,Yes,Yes,67,Yes,No,Fiber optic,No,No,No,No,Yes,Yes,One year,Yes,Credit card (automatic),95.68,6401.41,Yes
2106-KES,Male,1,Yes,No,25,Yes,No,Fiber optic,Yes,No,No,Yes,Yes,No,Month-to-month,Yes,Bank transfer (automatic),82.42,2055.95,Yes
1124-LHZ,Female,1,Yes,Yes,47,Yes,Yes,DSL,No,No,Yes,No,Yes,Yes,Month-to-month,Yes,Electronic check,83.58,3923.02,Yes
4246-MKG,Male,0,No,No,46,Yes,No,Fiber optic,No,No,Yes,No,No,Yes,One year,No,Mailed check,111.35,5118.93,No
3931-NNN,Female,0,Yes,No,45,Yes,No,DSL,No,Yes,No,No,Yes,Yes,Two year,Yes,Bank transfer (automatic),81.34,3658.74,No
3971-OQU,Male,0,Yes,Yes,28,Yes,No,DSL,No,No,No,No,Yes,No,One year,No,Electronic check,52.81,1485.57,No
3017-PTB,Female,0,No,No,33,Yes,Yes,DSL,Yes,No,Yes,Yes,Yes,No,Month-to-month,Yes,Bank transfer (automatic),72.6,2399.88,No
8415-QWI,Male,0,No,No,9,Yes,Yes,Fiber optic,Yes,Yes,No,No,No,No,One year,Yes,Bank transfer (automatic),96.71,877.96,Yes
3415-RZP,Female,0,Yes,Yes,19,Yes,No,Fiber optic,No,No,Yes,Yes,Yes,No,Month-to-month,No,Credit card (automatic),80.47,1532.56,Yes
4096-SCW,Female,0,No,No,33,Yes,Yes,Fiber optic,No,Yes,Yes,Yes,No,No,Month-to-month,Yes,Bank transfer (automatic),109.85,3617.45,Yes
2609-TFD,Male,0,No,Yes,12,Yes,Yes,Fiber optic,Yes,No,No,No,Yes,Yes,Month-to-month,No,Electronic check,70.15,840.74,No
1717-UIK,Male,0,No,Yes,9,Yes,No,Fiber optic,No,No,Yes,Yes,Yes,No,Month-to-month,No,Credit card (automatic),78.36,708.17,Yes
4561-VLR,Female,0,No,No,44,Yes,Yes,No,No internet service,No internet service,No internet service,No internet service,No internet service,No internet service,Month-to-month,Yes,Electronic check,19.37,851.73,Yes
7782-WOY,Male,1,Yes,Yes,7,Yes,Yes,No,No internet service,No internet service,No internet service,No internet service,No internet service,No internet service,One year,No,Mailed check,22.17,147.59,Yes
2048-XRF,Female,0,Yes,No,4,Yes,No,Fiber optic,Yes,No,Yes,No,No,No,One year,No,Electronic check,94.92,370.77,Yes
9307-YUM,Female,0,No,Yes,19,Yes,No,Fiber optic,No,No,No,No,No,No,Month-to-month,No,Electronic check,115.31,2187.95,Yes
8905-ZXT,Male,0,Yes,Yes,43,Yes,Yes,Fiber optic,No,No,Yes,Yes,Yes,Yes,Month-to-month,No,Electronic check,110.4,4753.68,No
6578-AAA,Female,1,No,No,57,Yes,No,No,No internet service,No internet service,No internet service,No internet service,No internet service,No internet service,Month-to-month,Yes,Bank transfer (automatic),20.48,1172.81,No
2620-BDH,Male,0,Yes,Yes,19,Yes,No,No,No internet service,No internet service,No internet service,No internet service,No internet service,No internet service,Month-to-month,Yes,Electronic check,21.82,423.11,No
7548-CGO,Female,1,Yes,No,70,Yes,No,DSL,No,No,No,No,No,Yes,Month-to-month,No,Mailed check,56.71,3970.87,No
8381-DJV,Male,0,No,No,39,Yes,No,DSL,Yes,No,Yes,No,No,No,Two year,Yes,Bank transfer (automatic),52.24,2036.25,No
5780-EMC,Male,0,No,Yes,15,Yes,No,DSL,Yes,No,No,Yes,Yes,No,Two year,Yes,Mailed check,69.04,1041.5,No
4792-FPJ,Male,0,No,Yes,3,No,No phone service,Fiber optic,No,Yes,No,Yes,No,No,Two year,No,Bank transfer (automatic),110.24,330.74,Yes
3941-GSQ,Male,0,Yes,Yes,9,Yes,No,Fiber optic,Yes,No,No,No,No,Yes,Month-to-month,Yes,Credit card (automatic),71.46,637.51,Yes
6695-HVX,Female,0,Yes,No,50,Yes,No,DSL,No,No,No,No,Yes,No,Month-to-month,Yes,Credit card (automatic),46.02,2310.99,No
7401-IYE,Male,0,No,Yes,47,No,No phone service,No,No internet service,No internet service,No internet service,No internet service,No internet service,No internet service,Month-to-month,No,Bank transfer (automatic),18.5,860.72,Yes
7197-JBL,Female,0,No,No,19,Yes,No,DSL,No,Yes,No,No,No,Yes,Month-to-month,Yes,Electronic check,72.77,1390.96,Yes
6450-KES,Male,0,No,No,31,Yes,No,No,No internet service,No internet service,No internet service,No internet service,No internet service,No internet service,Month-to-month,Yes,Credit card (automatic),20.6,632.36,Yes
9975-LHZ,Male,0,Yes,No,65,Yes,Yes,No,No internet service,No internet service,No internet service,No internet service,No internet service,No internet service,Month-to-month,No,Electronic check,23.04,1505.37,No
9432-MKG,Female,0,No,Yes,59,No,No phone service,Fiber optic,Yes,No,No,No,Yes,No,Month-to-month,No,Credit card (automatic),80.86,4779.42,Yes
6874-NNN,Male,0,No,No,10,Yes,Yes,Fiber optic,Yes,Yes,Yes,No,Yes,No,Month-to-month,Yes,Mailed check,70.51,710.69,Yes
2553-OQU,Female,0,Yes,Yes,19,Yes,No,Fiber optic,No,No,No,Yes,No,Yes,Month-to-month,Yes,Credit card (automatic),102.41,1954.63,Yes
2012-PTB,Female,0,No,Yes,22,Yes,Yes,Fiber optic,Yes,Yes,No,No,No,No,Month-to-month,No,Mailed check,79.49,1752.64,Yes
9378-QWI,Female,1,Yes,No,34,Yes,No,DSL,No,Yes,No,No,Yes,Yes,Two year,No,Mailed check,66.81,2268.53,No
2881-RZP,Male,0,Yes,No,16,Yes,No,Fiber optic,No,Yes,No,No,No,No,Two year,Yes,Electronic check,91.15,1466.73,No
7799-SCW,Female,0,Yes,Yes,9,Yes,No,No,No internet service,No internet service,No internet service,No internet service,No internet service,No internet service,One year,No,Credit card (automatic),24.26,209.1,Yes
5586-TFD,Male,0,No,Yes,37,Yes,No,No,No internet service,No internet service,No internet service,No internet service,No internet service,No internet service,Two year,Yes,Electronic check,18.5,679.07,No
9622-UIK,Female,1,Yes,No,31,Yes,No,Fiber optic,No,No,Yes,No,No,No,Month-to-month,No,Electronic check,91.76,2852.15,Yes
9430-VLR,Male,0,No,No,53,Yes,No,Fiber optic,Yes,No,Yes,Yes,No,No,Month-to-month,Yes,Mailed check,110.84,5877.73,Yes
7447-WOY,Female,0,Yes,Yes,56,Yes,No,No,No internet service,No internet service,No internet service,No internet service,No internet service,No internet service,Two year,Yes,Mailed check,22.84,1285.4,No
3345-XRF,Male,0,Yes,No,24,No,No phone service,Fiber optic,No,Yes,Yes,Yes,Yes,Yes,One year,Yes,Electronic check,112.83,2707.4,No
1075-YUM,Female,1,Yes,No,13,Yes,Yes,DSL,No,No,Yes,Yes,Yes,No,Two year,No,Electronic check,84.64,1106.17,No
6877-ZXT,Male,0,No,No,44,Yes,Yes,DSL,Yes,Yes,Yes,No,Yes,No,Month-to-month,No,Electronic check,66.83,2938.43,No
7785-AAA,Female,1,Yes,Yes,43,Yes,No,Fiber optic,Yes,Yes,No,Yes,Yes,No,Month-to-month,No,Bank transfer (automatic),86.84,3729.18,No
5922-BDH,Male,0,Yes,No,37,Yes,No,Fiber optic,Yes,Yes,No,No,No,Yes,Month-to-month,Yes,Electronic check,73.94,2740.62,No
9090-CGO,Female,0,Yes,Yes,35,Yes,Yes,DSL,No,Yes,No,Yes,Yes,No,Two year,Yes,Electronic check,69.76,2435.82,No
3330-DJV,Male,0,Yes,No,38,Yes,No,DSL,No,Yes,No,Yes,Yes,No,One year,Yes,Mailed check,75.86,2877.81,No
5686-EMC,Female,0,Yes,No,38,Yes,Yes,DSL,Yes,No,No,Yes,No,No,One year,No,Bank transfer (automatic),64.48,2441.88,Yes
2902-FPJ,Male,1,Yes,Yes,12,Yes,Yes,Fiber optic,Yes,No,Yes,Yes,No,No,One year,No,Credit card (automatic),80.0,962.33,No
5670-GSQ,Female,0,Yes,No,65,No,No phone service,DSL,No,Yes,No,No,No,No,Two year,No,Electronic check,81.1,5270.22,No
8143-HVX,Female,0,No,No,33,Yes,No,DSL,No,No,No,Yes,Yes,No,Month-to-month,Yes,Mailed check,80.73,2670.06,No
3059-IYE,Male,0,Yes,No,14,Yes,Yes,DSL,No,No,No,No,Yes,No,Two year,Yes,Credit card (automatic),59.71,825.98,No
1140-JBL,Female,0,No,Yes,57,Yes,Yes,DSL,Yes,Yes,No,No,No,No,Month-to-month,No,Bank transfer (automatic),70.95,4036.01,No
2789-KES,Female,0,Yes,Yes,58,Yes,Yes,Fiber optic,No,Yes,Yes,Yes,Yes,No,Two year,No,Bank transfer (automatic),107.52,6239.7,No
1016-LHZ,Male,0,Yes,Yes,65,Yes,Yes,Fiber optic,No,No,Yes,Yes,No,No,Month-to-month,Yes,Credit card (automatic),74.96,4866.47,Yes
1464-MKG,Male,0,No,Yes,51,Yes,No,DSL,No,Yes,Yes,Yes,Yes,Yes,Month-to-month,Yes,Mailed check,78.64,4009.75,No
5471-NNN,Male,0,No,No,68,Yes,Yes,No,No internet service,No internet service,No internet service,No internet service,No internet service,No internet service,Month-to-month,Yes,Mailed check,23.2,1576.13,No
2827-OQU,Female,0,No,Yes,4,Yes,Yes,Fiber optic,Yes,No,No,Yes,No,No,One year,No,Mailed check,95.43,372.8,No
9711-PTB,Female,0,Yes,Yes,42,Yes,Yes,DSL,Yes,Yes,No,No,No,No,Two year,No,Mailed check,81.72,3439.99,No
6956-QWI,Male,0,No,No,7,Yes,No,Fiber optic,Yes,No,No,No,No,No,Two year,No,Credit card (automatic),108.28,760.21,No
1089-RZP,Female,0,No,No,62,Yes,No,DSL,No,No,No,No,No,No,Two year,Yes,Mailed check,64.2,3974.48,No
5815-SCW,Male,1,No,No,67,Yes,No,Fiber optic,No,No,Yes,No,No,No,Two year,No,Electronic check,112.78,7547.22,No
3851-TFD,Female,0,No,No,34,Yes,Yes,DSL,No,Yes,No,No,No,Yes,Month-to-month,Yes,Electronic check,79.94,2708.6,No
3843-UIK,Male,1,Yes,No,70,Yes,Yes,Fiber optic,Yes,Yes,No,Yes,No,Yes,One year,No,Electronic check,100.24,7020.77,No
7543-VLR,Male,0,Yes,Yes,31,Yes,Yes,Fiber optic,No,No,No,Yes,No,No,Month-to-month,No,Bank transfer (automatic),113.2,3517.75,No
6901-WOY,Male,0,No,No,23,Yes,No,Fiber optic,No,Yes,Yes,No,No,Yes,Month-to-month,Yes,Credit card (automatic),105.61,2434.28,No
1969-XRF,Female,0,Yes,No,49,No,No phone service,DSL,No,Yes,Yes,No,Yes,No,Month-to-month,No,Electronic check,47.96,2348.7,No
2094-YUM,Male,0,No,No,58,Yes,No,Fiber optic,Yes,Yes,No,Yes,Yes,No,Month-to-month,Yes,Electronic check,112.75,6549.0,No
7124-ZXT,Female,0,Yes,Yes,64,Yes,Yes,Fiber optic,No,Yes,No,Yes,No,Yes,Two year,No,Electronic check,106.57,6812.93,No
8347-AAA,Male,0,No,No,37,Yes,Yes,DSL,No,Yes,Yes,Yes,No,Yes,Two year,Yes,Bank transfer (automatic),57.6,2124.83,No
4195-BDH,Male,0,Yes,No,37,Yes,No,Fiber optic,No,No,Yes,No,No,No,Month-to-month,Yes,Credit card (automatic),76.93,2853.02,Yes
2404-CGO,Female,0,Yes,No,20,Yes,No,Fiber optic,No,Yes,No,No,Yes,No,Month-to-month,Yes,Mailed check,73.64,1465.98,No
7940-DJV,Female,0,No,No,22,Yes,Yes,DSL,No,Yes,No,Yes,No,Yes,Month-to-month,Yes,Electronic check,83.52,1830.48,No
5290-EMC,Female,0,Yes,Yes,45,Yes,Yes,DSL,No,Yes,Yes,No,No,Yes,Month-to-month,No,Credit card (automatic),68.31,3074.95,Yes
4982-FPJ,Female,0,Yes,No,68,Yes,No,Fiber optic,Yes,Yes,Yes,Yes,No,No,Month-to-month,No,Electronic check,73.09,4976.6,No
6555-GSQ,Female,0,Yes,No,29,Yes,No,Fiber optic,Yes,No,Yes,No,Yes,No,Month-to-month,Yes,Electronic check,71.21,2062.8,No
8954-HVX,Female,0,No,Yes,39,Yes,No,Fiber optic,Yes,Yes,No,No,Yes,No,Two year,No,Electronic check,75.25,2934.83,No
5713-IYE,Female,1,No,No,69,No,No phone service,No,No internet service,No internet service,No internet service,No internet service,No internet service,No internet service,Month-to-month,No,Bank transfer (automatic),22.87,1587.25,No
4092-JBL,Male,1,No,No,68,Yes,No,DSL,No,Yes,No,Yes,No,Yes,Month-to-month,No,Mailed check,52.58,3570.3,Yes
5159-KES,Male,0,No,Yes,41,Yes,No,No,No internet service,No internet service,No internet service,No internet service,No internet service,No internet service,One year,No,Electronic check,21.73,887.29,No
7308-LHZ,Female,0,Yes,Yes,17,Yes,Yes,DSL,Yes,No,Yes,Yes,Yes,No,Two year,Yes,Bank transfer (automatic),78.1,1322.58,No
8478-MKG,Male,0,Yes,No,58,Yes,No,No,No internet service,No internet service,No internet service,No internet service,No internet service,No internet service,One year,No,Mailed check,23.43,1358.68,No
9476-NNN,Male,0,Yes,No,12,Yes,No,No,No internet service,No internet service,No internet service,No internet service,No internet service,No internet service,Month-to-month,Yes,Credit card (automatic),20.95,245.74,Yes
5933-OQU,Male,0,No,No,20,Yes,Yes,Fiber optic,No,Yes,Yes,No,Yes,No,Month-to-month,Yes,Electronic check,111.06,2216.68,No
5926-PTB,Female,1,No,No,67,Yes,No,Fiber optic,No,No,No,No,Yes,No,One year,Yes,Credit card (automatic),85.08,5709.08,No
4969-QWI,Female,0,Yes,No,60,Yes,Yes,DSL,No,No,Yes,Yes,Yes,No,One year,No,Electronic check,54.13,3241.99,No
3965-RZP,Male,0,Yes,No,37,Yes,Yes,Fiber optic,No,Yes,Yes,Yes,No,No,Two year,Yes,Mailed check,106.74,3954.99,No
5319-SCW,Male,0,Yes,Yes,39,Yes,No,DSL,No,No,No,No,No,Yes,Month-to-month,No,Mailed check,64.37,2509.24,Yes
9975-TFD,Female,0,Yes,No,26,Yes,Yes,Fiber optic,No,No,No,No,Yes,Yes,Month-to-month,Yes,Credit card (automatic),116.21,3016.77,No
8108-UIK,Male,0,Yes,No,57,Yes,No,No,No internet service,No internet service,No internet service,No internet service,No internet service,No internet service,Month-to-month,No,Mailed check,20.08,1139.74,Yes
4939-VLR,Female,0,Yes,No,65,Yes,No,DSL,No,No,Yes,No,Yes,Yes,Month-to-month,Yes,Electronic check,65.72,4265.75,No
1044-WOY,Female,0,Yes,Yes,42,Yes,Yes,DSL,Yes,Yes,No,Yes,No,Yes,Month-to-month,No,Electronic check,52.3,2195.3,Yes
2810-XRF,Male,0,No,No,19,Yes,No,DSL,Yes,No,Yes,No,No,No,Two year,Yes,Electronic check,47.29,895.13,No
5566-YUM,Male,1,Yes,No,34,No,No phone service,DSL,Yes,No,No,No,No,Yes,Month-to-month,No,Electronic check,51.7,1757.09,No
2909-ZXT,Female,1,No,No,54,Yes,Yes,DSL,No,No,No,Yes,Yes,No,Month-to-month,No,Electronic check,46.42,2507.32,No
7364-AAA,Male,0,Yes,Yes,71,Yes,Yes,DSL,Yes,Yes,No,No,No,No,Month-to-month,No,Electronic check,52.21,3697.1,No
3581-BDH,Male,0,No,No,39,Yes,Yes,DSL,No,No,No,No,No,Yes,Month-to-month,No,Credit card (automatic),44.93,1758.29,No
1691-CGO,Male,0,Yes,No,45,Yes,No,DSL,Yes,Yes,Yes,Yes,No,No,One year,No,Credit card (automatic),49.6,2236.89,No
1931-DJV,Male,0,No,No,41,Yes,Yes,DSL,No,Yes,Yes,Yes,No,No,Two year,No,Mailed check,61.74,2527.6,No
8910-EMC,Female,1,Yes,No,17,Yes,No,DSL,No,Yes,Yes,Yes,Yes,Yes,Two year,Yes,Credit card (automatic),55.42,939.63,No
7382-FPJ,Female,0,Yes,No,14,Yes,No,Fiber optic,Yes,No,Yes,No,No,No,Month-to-month,Yes,Mailed check,86.03,1213.79,No
4406-GSQ,Female,0,No,No,65,Yes,No,Fiber optic,No,No,Yes,No,No,No,Month-to-month,No,Bank transfer (automatic),78.34,5097.12,No
9339-HVX,Male,0,No,No,12,Yes,No,Fiber optic,No,No,Yes,Yes,Yes,Yes,Month-to-month,No,Credit card (automatic),115.39,1377.24,Yes
2032-IYE,Male,0,Yes,No,56,Yes,No,Fiber optic,No,Yes,No,No,No,No,Month-to-month,No,Mailed check,113.64,6355.39,Yes
2311-JBL,Female,1,Yes,Yes,8,Yes,No,No,No internet service,No internet service,No internet service,No internet service,No internet service,No internet service,Two year,Yes,Bank transfer (automatic),20.48,173.1,No
9579-KES,Female,0,Yes,No,65,Yes,No,Fiber optic,No,No,Yes,Yes,Yes,Yes,Month-to-month,Yes,Bank transfer (automatic),114.72,7461.15,Yes
4121-LHZ,Female,0,No,Yes,15,No,No phone service,Fiber optic,No,Yes,No,No,No,No,Two year,Yes,Bank transfer (automatic),91.4,1379.13,No
2873-MKG,Female,0,No,No,1,Yes,Yes,No,No internet service,No internet service,No internet service,No internet service,No internet service,No internet service,Month-to-month,No,Electronic check,20.25,18.9,Yes
7781-NNN,Male,0,Yes,Yes,15,Yes,No,DSL,Yes,No,No,No,No,No,Two year,No,Credit card (automatic),84.58,1267.52,No
4748-OQU,Male,0,Yes,No,71,Yes,Yes,DSL,Yes,Yes,No,No,No,No,Month-to-month,Yes,Credit card (automatic),61.62,4365.06,No
1277-PTB,Female,1,Yes,No,0,Yes,Yes,Fiber optic,No,No,No,Yes,No,No,Two year,Yes,Credit card (automatic),74.07, ,No
2859-QWI,Male,0,Yes,No,25,Yes,No,DSL,No,Yes,No,No,No,No,Month-to-month,Yes,Mailed check,67.92,1707.81,No
6929-RZP,Male,1,No,No,43,Yes,No,DSL,Yes,No,No,No,Yes,No,Two year,Yes,Credit card (automatic),51.45,2217.57,No
7792-SCW,Male,1,No,Yes,4,No,No phone service,No,No internet service,No internet service,No internet service,No internet service,No internet service,No internet service,Month-to-month,No,Bank transfer (automatic),22.4,86.07,No
5713-TFD,Female,0,No,No,20,Yes,Yes,No,No internet service,No internet service,No internet service,No internet service,No internet service,No internet service,Month-to-month,No,Credit card (automatic),18.57,371.51,No
5675-UIK,Female,0,Yes,Yes,34,Yes,No,No,No internet service,No internet service,No internet service,No internet service,No internet service,No internet service,Month-to-month,Yes,Mailed check,19.0,641.91,No
2170-VLR,Female,1,No,No,53,Yes,No,Fiber optic,Yes,No,No,No,No,Yes,Month-to-month,Yes,Electronic check,85.24,4509.44,Yes
9681-WOY,Male,0,Yes,No,49,Yes,No,Fiber optic,No,Yes,No,Yes,No,Yes,Month-to-month,Yes,Mailed check,100.05,4904.15,No
6308-XRF,Male,0,No,No,43,Yes,Yes,DSL,Yes,No,Yes,No,No,No,One year,No,Mailed check,70.49,3032.1,No
3462-YUM,Male,0,No,No,3,Yes,No,Fiber optic,No,No,Yes,No,No,No,One year,Yes,Mailed check,101.57,304.59,No
1287-ZXT,Female,0,No,Yes,41,Yes,Yes,Fiber optic,Yes,Yes,No,No,No,No,Month-to-month,Yes,Mailed check,94.87,3899.66,No
6953-AAA,Female,0,Yes,Yes,40,Yes,No,No,No internet service,No internet service,No internet service,No internet service,No internet service,No internet service,One year,Yes,Electronic check,20.48,827.25,No
5282-BDH,Female,0,Yes,No,35,Yes,No,No,No internet service,No internet service,No internet service,No internet service,No internet service,No internet service,Month-to-month,Yes,Bank transfer (automatic),24.14,847.36,Yes
2907-CGO,Male,0,No,No,23,Yes,No,No,No internet service,No internet service,No internet service,No internet service,No internet service,No internet service,Month-to-month,No,Mailed check,21.3,486.16,No
2161-DJV,Female,0,Yes,No,4,Yes,Yes,Fiber optic,Yes,No,No,No,No,No,One year,Yes,Electronic check,108.16,425.58,No
1129-EMC,Female,0,No,Yes,56,Yes,No,Fiber optic,Yes,No,Yes,No,No,Yes,Month-to-month,No,Electronic check,93.0,5214.89,Yes
7337-FPJ,Male,0,Yes,No,66,Yes,Yes,Fiber optic,Yes,Yes,No,No,Yes,Yes,One year,Yes,Bank transfer (automatic),111.82,7373.27,No
3363-GSQ,Male,0,Yes,Yes,10,Yes,Yes,DSL,No,No,No,No,No,No,Month-to-month,No,Bank transfer (automatic),45.15,442.67,Yes
9151-HVX,Male,0,Yes,No,44,Yes,Yes,Fiber optic,No,No,No,No,Yes,No,Month-to-month,Yes,Mailed check,83.08,3659.78,Yes
6983-IYE,Female,0,Yes,Yes,21,Yes,Yes,Fiber optic,No,No,Yes,No,No,Yes,Month-to-month,Yes,Electronic check,108.03,2263.69,Yes
1143-JBL,Male,0,No,No,10,Yes,Yes,No,No internet service,No internet service,No internet service,No internet service,No internet service,No internet service,Two year,No,Electronic check,22.92,237.17,No
9207-KES,Female,0,No,Yes,37,Yes,No,Fiber optic,No,Yes,No,No,No,No,Month-to-month,No,Credit card (automatic),114.22,4233.94,Yes
8469-LHZ,Male,0,No,No,58,Yes,No,No,No internet service,No internet service,No internet service,No internet service,No internet service,No internet service,Month-to-month,Yes,Electronic check,22.25,1291.97,No
1244-MKG,Female,1,Yes,Yes,3,Yes,Yes,No,No internet service,No internet service,No internet service,No internet service,No internet service,No internet service,Two year,Yes,Electronic check,24.7,78.89,No
1926-NNN,Female,0,Yes,No,66,No,No phone service,No,No internet service,No internet service,No internet service,No internet service,No internet service,No internet service,Two year,Yes,Bank transfer (automatic),24.43,1604.75,No
4178-OQU,Male,0,No,No,9,Yes,No,No,No internet service,No internet service,No internet service,No internet service,No internet service,No internet service,Month-to-month,Yes,Bank transfer (automatic),24.5,222.69,Yes
3176-PTB,Male,0,Yes,Yes,18,No,No phone service,Fiber optic,No,No,Yes,Yes,No,Yes,Two year,No,Electronic check,99.97,1799.46,Yes
6002-QWI,Male,1,No,No,27,Yes,Yes,Fiber optic,Yes,No,Yes,Yes,No,No,Month-to-month,Yes,Electronic check,113.39,3056.58,Yes
1886-RZP,Female,0,Yes,No,16,Yes,No,No,No internet service,No internet service,No internet service,No internet service,No internet service,No internet service,Month-to-month,Yes,Electronic check,21.15,346.31,No
9532-SCW,Female,0,No,No,23,Yes,Yes,Fiber optic,Yes,No,No,No,No,No,Month-to-month,Yes,Electronic check,117.52,2710.46,Yes
4398-TFD,Male,0,No,Yes,0,Yes,Yes,Fiber optic,No,No,No,No,No,No,Month-to-month,No,Electronic check,78.1, ,Yes
9497-UIK,Male,0,Yes,No,4,Yes,Yes,DSL,Yes,No,No,No,No,Yes,Month-to-month,Yes,Electronic check,56.26,231.42,No
3654-VLR,Male,0,No,No,31,No,No phone service,DSL,No,No,Yes,No,No,No,One year,No,Bank transfer (automatic),64.99,2022.16,Yes
8392-WOY,Male,0,No,No,52,Yes,Yes,No,No internet service,No internet service,No internet service,No internet service,No internet service,No internet service,Month-to-month,Yes,Bank transfer (automatic),24.74,1295.13,No
2371-XRF,Female,1,No,No,56,Yes,Yes,Fiber optic,No,Yes,No,No,No,Yes,Month-to-month,No,Electronic check,98.17,5498.7,No
8135-YUM,Male,0,Yes,No,42,Yes,No,Fiber optic,No,No,No,Yes,Yes,Yes,Month-to-month,Yes,Electronic check,73.05,3068.46,No
1320-ZXT,Female,1,Yes,No,38,Yes,No,DSL,No,No,No,No,No,Yes,Month-to-month,Yes,Credit card (automatic),69.33,2643.45,No
5654-AAA,Female,0,No,No,33,Yes,No,Fiber optic,No,No,Yes,No,Yes,Yes,Month-to-month,No,Mailed check,116.48,3851.71,Yes
6300-BDH,Female,0,No,No,4,Yes,No,DSL,No,Yes,No,Yes,No,No,One year,No,Electronic check,61.74,248.71,Yes
7761-CGO,Female,1,No,No,17,Yes,Yes,No,No internet service,No internet service,No internet service,No internet service,No internet service,No internet service,Two year,No,Electronic check,20.28,337.35,Yes
7854-DJV,Male,0,No,No,3,No,No phone service,DSL,No,No,No,Yes,No,Yes,Month-to-month,Yes,Electronic check,68.56,210.87,No
6505-EMC,Male,0,Yes,No,69,Yes,Yes,DSL,Yes,No,No,No,Yes,Yes,One year,Yes,Credit card (automatic),72.04,4964.24,No
7553-FPJ,Male,0,No,No,10,Yes,Yes,DSL,No,No,No,Yes,No,No,One year,Yes,Credit card (automatic),60.53,612.44,Yes
5042-GSQ,Female,1,Yes,Yes,46,Yes,Yes,No,No internet service,No internet service,No internet service,No internet service,No internet service,No internet service,Two year,No,Electronic check,18.77,867.39,No
8498-HVX,Female,0,No,No,30,Yes,Yes,DSL,Yes,No,Yes,No,No,No,One year,No,Electronic check,59.33,1780.69,No
7636-IYE,Female,0,Yes,No,12,Yes,No,Fiber optic,Yes,Yes,Yes,No,No,Yes,Month-to-month,Yes,Bank transfer (automatic),93.75,1134.04,No
8362-JBL,Male,0,Yes,Yes,22,Yes,No,No,No internet service,No internet service,No internet service,No internet service,No internet service,No internet service,Month-to-month,No,Electronic check,21.76,482.04,Yes
1011-KES,Female,1,Yes,No,64,Yes,Yes,DSL,No,Yes,Yes,No,Yes,No,Two year,Yes,Mailed check,72.74,4649.95,No
1194-LHZ,Male,1,No,No,67,Yes,Yes,Fiber optic,Yes,Yes,No,No,No,No,Two year,No,Credit card (automatic),70.8,4738.94,No
3537-MKG,Female,0,No,No,29,Yes,Yes,Fiber optic,No,Yes,No,Yes,No,Yes,One year,No,Bank transfer (automatic),113.07,3272.51,Yes
3842-NNN,Female,0,No,Yes,30,Yes,Yes,Fiber optic,No,No,Yes,No,Yes,Yes,Two year,No,Mailed check,99.54,2993.92,No
3229-OQU,Male,1,Yes,No,46,No,No phone service,No,No internet service,No internet service,No internet service,No internet service,No internet service,No internet service,One year,Yes,Credit card (automatic),21.82,999.4,No
4009-PTB,Male,0,Yes,No,15,Yes,No,Fiber optic,Yes,No,No,Yes,Yes,No,One year,No,Mailed check,77.86,1176.99,Yes
8984-QWI,Female,0,No,No,42,Yes,Yes,DSL,No,Yes,No,No,Yes,No,Two year,No,Bank transfer (automatic),48.96,2055.45,No
3077-RZP,Male,0,Yes,No,2,Yes,No,Fiber optic,Yes,No,No,No,No,No,Two year,Yes,Mailed check,97.26,201.78,No
8845-SCW,Male,0,No,Yes,11,Yes,Yes,Fiber optic,No,No,No,No,No,Yes,Month-to-month,No,Bank transfer (automatic),104.97,1153.5,No
4867-TFD,Male,0,No,No,10,Yes,Yes,Fiber optic,Yes,Yes,Yes,No,No,No,Month-to-month,Yes,Electronic check,107.16,1080.76,No
5873-UIK,Male,0,Yes,No,15,Yes,No,Fiber optic,Yes,No,No,No,No,No,One year,Yes,Electronic check,97.83,1473.19,No
9635-VLR,Male,0,No,No,28,Yes,Yes,No,No internet service,No internet service,No internet service,No internet service,No internet service,No internet service,Month-to-month,No,Mailed check,20.65,586.94,Yes
1297-WOY,Female,1,No,Yes,20,Yes,No,DSL,No,No,No,Yes,Yes,No,One year,Yes,Bank transfer (automatic),49.8,1002.52,No
6856-XRF,Male,0,No,No,57,Yes,No,DSL,No,Yes,No,No,Yes,No,One year,Yes,Mailed check,67.21,3834.38,No
2015-YUM,Female,0,No,Yes,42,Yes,Yes,No,No internet service,No internet service,No internet service,No internet service,No internet service,No internet service,Month-to-month,Yes,Electronic check,20.5,868.91,Yes
2384-ZXT,Male,1,No,Yes,4,Yes,No,DSL,Yes,No,No,No,No,No,Month-to-month,Yes,Electronic check,77.16,300.63,No
9745-AAA,Female,0,No,No,51,Yes,Yes,DSL,No,Yes,Yes,No,No,Yes,Two year,No,Credit card (automatic),64.8,3303.25,No
3350-BDH,Female,0,Yes,No,12,Yes,No,No,No internet service,No internet service,No internet service,No internet service,No internet service,No internet service,Month-to-month,Yes,Credit card (automatic),19.77,236.26,No
2269-CGO,Male,0,Yes,Yes,11,Yes,No,DSL,No,No,Yes,No,No,Yes,Month-to-month,No,Electronic check,78.05,865.66,No
2260-DJV,Female,0,Yes,No,0,No,No phone service,DSL,No,Yes,Yes,No,Yes,Yes,Month-to-month,No,Credit card (automatic),81.48, ,Yes
8701-EMC,Female,0,Yes,Yes,7,Yes,Yes,DSL,No,Yes,Yes,No,No,No,One year,No,Bank transfer (automatic),51.52,361.57,Yes
9376-FPJ,Male,0,Yes,No,15,Yes,No,Fiber optic,No,No,Yes,Yes,No,No,One year,Yes,Electronic check,96.85,1453.36,No
5563-GSQ,Male,0,No,No,14,Yes,No,Fiber optic,No,No,Yes,No,No,No,Two year,Yes,Electronic check,111.31,1553.95,Yes
7897-HVX,Male,0,No,Yes,18,Yes,No,DSL,No,No,Yes,No,Yes,No,One year,No,Credit card (automatic),79.49,1431.74,No
6672-IYE,Female,0,Yes,Yes,24,Yes,No,Fiber optic,Yes,No,No,Yes,No,Yes,One year,No,Mailed check,98.41,2370.09,No
6593-JBL,Male,0,Yes,No,30,Yes,Yes,Fiber optic,No,Yes,Yes,No,Yes,No,One year,Yes,Electronic check,95.94,2884.05,No
7155-KES,Female,0,Yes,No,1,No,No phone service,Fiber optic,No,Yes,Yes,No,No,Yes,Two year,No,Bank transfer (automatic),72.3,77.16,Yes
6543-LHZ,Female,0,Yes,No,58,Yes,No,DSL,No,No,Yes,Yes,No,No,One year,Yes,Electronic check,73.98,4294.69,No
8240-MKG,Male,0,Yes,No,30,Yes,No,DSL,Yes,No,No,No,Yes,No,Month-to-month,No,Bank transfer (automatic),51.5,1543.13,Yes
5683-NNN,Male,0,No,No,67,Yes,Yes,No,No internet service,No internet service,No internet service,No internet service,No internet service,No internet service,Two year,No,Bank transfer (automatic),24.22,1628.68,No
2881-OQU,Female,0,No,No,67,Yes,No,DSL,Yes,No,No,No,No,No,Two year,Yes,Bank transfer (automatic),76.33,5110.52,Yes
9713-PTB,Male,0,No,No,11,Yes,No,Fiber optic,Yes,Yes,No,Yes,No,No,Month-to-month,Yes,Bank transfer (automatic),118.46,1309.9,Yes
4809-QWI,Female,0,Yes,No,16,Yes,No,Fiber optic,No,Yes,Yes,Yes,Yes,Yes,Month-to-month,Yes,Mailed check,96.62,1555.19,No
6807-RZP,Female,0,Yes,No,28,Yes,No,DSL,No,Yes,Yes,No,Yes,No,Month-to-month,No,Mailed check,63.0,1760.54,No
5883-SCW,Female,0,Yes,Yes,35,Yes,Yes,Fiber optic,No,No,Yes,No,No,No,Two year,No,Electronic check,84.85,2974.35,No
8206-TFD,Male,0,No,Yes,62,Yes,No,No,No internet service,No internet service,No internet service,No internet service,No internet service,No internet service,Two year,No,Mailed check,18.52,1156.0,No
5155-UIK,Male,0,No,No,14,Yes,No,No,No internet service,No internet service,No internet service,No internet service,No internet service,No internet service,One year,No,Credit card (automatic),22.54,316.21,No
5673-VLR,Male,0,Yes,No,29,Yes,Yes,Fiber optic,Yes,Yes,No,No,No,No,Month-to-month,No,Electronic check,116.17,3374.73,Yes
2409-WOY,Male,1,No,No,50,Yes,Yes,Fiber optic,Yes,No,Yes,No,No,Yes,Month-to-month,No,Bank transfer (automatic),93.06,4655.12,No
6197-XRF,Male,0,Yes,Yes,10,No,No phone service,No,No internet service,No internet service,No internet service,No internet service,No internet service,No internet service,Two year,Yes,Electronic check,20.24,209.67,No
8452-YUM,Female,0,No,No,56,Yes,No,Fiber optic,No,Yes,Yes,Yes,Yes,Yes,Two year,Yes,Credit card (automatic),103.09,5780.67,No
9718-ZXT,Female,1,No,No,12,Yes,Yes,DSL,Yes,No,No,No,Yes,Yes,One year,No,Electronic check,73.29,882.41,No
3172-AAA,Female,0,No,No,54,Yes,No,Fiber optic,Yes,Yes,Yes,No,No,No,Month-to-month,Yes,Electronic check,104.9,5659.77,Yes
1279-BDH,Male,1,No,No,62,Yes,No,DSL,Yes,No,Yes,No,No,No,Two year,Yes,Credit card (automatic),83.28,5165.61,No
4977-CGO,Male,0,Yes,No,1,Yes,Yes,Fiber optic,Yes,No,No,Yes,Yes,Yes,One year,Yes,Electronic check,75.95,71.83,No
3669-DJV,Female,0,Yes,No,71,Yes,Yes,No,No internet service,No internet service,No internet service,No internet service,No internet service,No internet service,Two year,Yes,Credit card (automatic),23.73,1675.27,No
8825-EMC,Female,0,Yes,No,55,Yes,No,No,No internet service,No internet service,No internet service,No internet service,No internet service,No internet service,One year,No,Bank transfer (automatic),18.81,1044.4,No
4981-FPJ,Female,0,Yes,No,6,Yes,Yes,DSL,No,No,No,No,No,No,Two year,Yes,Bank transfer (automatic),72.79,435.59,No
5769-GSQ,Male,0,Yes,No,42,Yes,No,Fiber optic,Yes,No,Yes,No,No,Yes,Month-to-month,Yes,Electronic check,106.79,4484.38,Yes
6247-HVX,Female,0,No,No,30,Yes,Yes,DSL,No,No,No,Yes,No,No,One year,Yes,Credit card (automatic),60.58,1818.35,No
5427-IYE,Female,1,Yes,No,60,No,No phone service,DSL,No,No,Yes,No,No,Yes,Two year,No,Electronic check,73.47,4413.33,No
7135-JBL,Male,0,Yes,Yes,21,Yes,No,Fiber optic,No,Yes,Yes,Yes,Yes,Yes,One year,No,Credit card (automatic),79.93,1683.68,No
6573-KES,Male,0,No,No,61,Yes,No,Fiber optic,Yes,No,Yes,Yes,Yes,Yes,Month-to-month,No,Bank transfer (automatic),71.59,4368.05,No
5131-LHZ,Female,0,No,No,27,Yes,Yes,No,No internet service,No internet service,No internet service,No internet service,No internet service,No internet service,Two year,Yes,Mailed check,19.45,531.41,No
8189-MKG,Female,0,No,No,24,Yes,No,No,No internet service,No internet service,No internet service,No internet service,No internet service,No internet service,Two year,Yes,Electronic check,19.18,454.56,No
5535-NNN,Male,0,No,No,64,No,No phone service,Fiber optic,No,No,Yes,Yes,Yes,No,One year,Yes,Mailed check,110.94,7107.14,No
3776-OQU,Female,0,No,No,31,Yes,Yes,Fiber optic,No,Yes,No,Yes,No,Yes,One year,Yes,Electronic check,83.23,2572.49,No
8697-PTB,Male,0,Yes,No,47,Yes,No,No,No internet service,No internet service,No internet service,No internet service,No internet service,No internet service,Month-to-month,No,Mailed check,23.14,1090.7,No
9386-QWI,Male,0,No,Yes,23,No,No phone service,Fiber optic,Yes,Yes,No,No,No,No,Month-to-month,No,Electronic check,110.53,2532.38,No
1662-RZP,Female,0,Yes,No,41,Yes,Yes,DSL,Yes,Yes,No,No,No,Yes,Month-to-month,No,Electronic check,83.15,3418.92,Yes
9671-SCW,Female,0,Yes,Yes,69,Yes,No,Fiber optic,No,No,No,No,No,No,One year,Yes,Mailed check,110.23,7608.76,No
9044-TFD,Female,1,Yes,Yes,35,Yes,Yes,No,No internet service,No internet service,No internet service,No internet service,No internet service,No internet service,Two year,Yes,Electronic check,23.95,846.62,No
5218-UIK,Female,0,Yes,No,30,Yes,Yes,DSL,No,No,Yes,No,No,No,One year,Yes,Bank transfer (automatic),58.1,1744.32,No
6060-VLR,Male,0,No,No,26,Yes,No,Fiber optic,No,Yes,No,Yes,No,Yes,Month-to-month,Yes,Electronic check,84.13,2197.27,Yes
6874-WOY,Male,0,No,No,65,Yes,Yes,Fiber optic,No,No,No,No,Yes,No,Two year,No,Bank transfer (automatic),90.48,5881.94,No
6581-XRF,Female,0,Yes,No,44,Yes,Yes,Fiber optic,No,No,No,Yes,Yes,No,Month-to-month,No,Bank transfer (automatic),103.02,4531.27,No
3014-YUM,Female,0,No,No,43,Yes,Yes,No,No internet service,No internet service,No internet service,No internet service,No internet service,No internet service,Month-to-month,Yes,Electronic check,20.34,879.75,No
4789-ZXT,Female,0,No,No,56,Yes,Yes,Fiber optic,Yes,Yes,No,Yes,Yes,No,Two year,Yes,Bank transfer (automatic),71.44,3992.72,No
8148-AAA,Female,0,Yes,No,20,Yes,Yes,Fiber optic,No,No,No,Yes,No,No,Month-to-month,Yes,Electronic check,96.57,1926.61,No
8766-BDH,Male,0,No,Yes,54,Yes,No,Fiber optic,No,Yes,No,No,Yes,Yes,One year,Yes,Credit card (automatic),71.63,3869.28,No
3364-CGO,Female,0,Yes,No,14,Yes,No,Fiber optic,No,No,No,Yes,No,No,Month-to-month,Yes,Electronic check,108.1,1511.5,No
4629-DJV,Male,0,No,No,33,Yes,Yes,DSL,No,No,Yes,No,No,No,One year,Yes,Electronic check,48.98,1616.13,No
6919-EMC,Female,0,Yes,Yes,2,No,No phone service,No,No internet service,No internet service,No internet service,No internet service,No internet service,No internet service,One year,Yes,Bank transfer (automatic),24.42,55.91,Yes
6675-FPJ,Male,0,No,No,0,No,No phone service,Fiber optic,Yes,No,No,Yes,No,No,One year,No,Mailed check,96.55, ,Yes
9872-GSQ,Male,0,No,No,23,Yes,Yes,No,No internet service,No internet service,No internet service,No internet service,No internet service,No internet service,Month-to-month,No,Credit card (automatic),22.57,513.03,Yes
7638-HVX,Female,0,No,No,42,Yes,Yes,Fiber optic,No,Yes,No,Yes,Yes,No,Two year,No,Bank transfer (automatic),88.07,3691.18,No
5651-IYE,Female,0,Yes,No,26,Yes,Yes,No,No internet service,No internet service,No internet service,No internet service,No internet service,No internet service,One year,Yes,Electronic check,22.64,588.0,No
1609-JBL,Female,0,Yes,Yes,8,Yes,Yes,DSL,No,No,Yes,No,No,Yes,Month-to-month,Yes,Bank transfer (automatic),54.4,429.57,Yes
8940-KES,Female,0,Yes,Yes,16,Yes,Yes,No,No internet service,No internet service,No internet service,No internet service,No internet service,No internet service,One year,No,Mailed check,23.74,370.2,No
4866-LHZ,Male,0,No,No,38,Yes,No,Fiber optic,No,Yes,No,No,No,No,Month-to-month,No,Electronic check,85.65,3259.02,Yes
1371-MKG,Male,0,Yes,Yes,54,No,No phone service,No,No internet service,No internet service,No internet service,No internet service,No internet service,No internet service,Month-to-month,Yes,Electronic check,22.55,1216.27,No
7998-NNN,Male,0,Yes,No,67,Yes,No,Fiber optic,Yes,No,No,No,Yes,Yes,Month-to-month,No,Credit card (automatic),105.17,7050.71,No
1615-OQU,Male,0,No,No,44,Yes,Yes,Fiber optic,No,Yes,No,Yes,Yes,Yes,One year,No,Electronic check,85.44,3753.48,Yes
7911-PTB,Female,0,Yes,No,27,Yes,Yes,DSL,No,Yes,Yes,No,No,Yes,Two year,No,Bank transfer (automatic),70.21,1891.72,No
7010-QWI,Male,0,No,No,55,Yes,Yes,Fiber optic,Yes,Yes,No,No,No,Yes,Two year,Yes,Credit card (automatic),88.26,4857.35,No
3253-RZP,Male,0,Yes,No,28,Yes,Yes,No,No internet service,No internet service,No internet service,No internet service,No internet service,No internet service,Two year,Yes,Mailed check,21.91,616.93,No
5942-SCW,Female,0,Yes,Yes,28,Yes,Yes,DSL,No,No,Yes,Yes,No,No,Two year,No,Electronic check,76.21,2138.84,No
1864-TFD,Female,0,Yes,No,68,Yes,No,Fiber optic,No,No,No,Yes,No,Yes,Month-to-month,Yes,Bank transfer (automatic),105.57,7170.84,No
2268-UIK,Male,0,No,No,10,Yes,Yes,Fiber optic,Yes,No,No,Yes,Yes,Yes,One year,Yes,Electronic check,81.52,821.67,No
8454-VLR,Female,1,Yes,Yes,1,Yes,No,Fiber optic,No,Yes,No,No,No,Yes,Two year,No,Bank transfer (automatic),104.34,106.12,Yes
9976-WOY,Female,0,Yes,No,67,Yes,No,DSL,No,No,No,No,No,Yes,One year,No,Credit card (automatic),77.24,5167.47,No
5571-XRF,Male,0,No,No,9,Yes,No,No,No internet service,No internet service,No internet service,No internet service,No internet service,No internet service,One year,No,Mailed check,19.22,171.75,No
6229-YUM,Male,0,No,No,71,Yes,No,DSL,Yes,No,No,Yes,Yes,No,Month-to-month,Yes,Bank transfer (automatic),45.73,3244.4,No
3237-ZXT,Female,0,Yes,No,26,Yes,Yes,DSL,No,No,Yes,Yes,No,No,Two year,No,Credit card (automatic),62.3,1613.22,No
5054-AAA,Female,0,No,No,34,Yes,No,Fiber optic,No,No,Yes,No,No,No,Month-to-month,Yes,Mailed check,82.04,2796.78,No
1935-BDH,Male,0,Yes,No,49,Yes,No,No,No internet service,No internet service,No internet service,No internet service,No internet service,No internet service,Month-to-month,Yes,Credit card (automatic),18.92,928.18,No
7394-CGO,Male,0,Yes,No,1,Yes,Yes,No,No internet service,No internet service,No internet service,No internet service,No internet service,No internet service,Month-to-month,Yes,Bank transfer (automatic),24.21,23.36,No
8891-DJV,Female,1,No,No,16,Yes,No,Fiber optic,No,Yes,Yes,Yes,No,No,Month-to-month,No,Mailed check,71.65,1139.8,Yes
1325-EMC,Male,0,Yes,No,23,Yes,No,Fiber optic,Yes,No,No,No,No,No,Month-to-month,Yes,Bank transfer (automatic),86.26,1986.09,Yes
8774-FPJ,Male,1,No,No,56,Yes,No,Fiber optic,Yes,Yes,No,Yes,No,No,Month-to-month,Yes,Mailed check,107.66,6021.42,Yes
4861-GSQ,Male,0,Yes,No,70,Yes,Yes,No,No internet service,No internet service,No internet service,No internet service,No internet service,No internet service,Month-to-month,Yes,Electronic check,18.52,1296.97,No
2985-HVX,Female,0,No,Yes,15,Yes,Yes,Fiber optic,No,Yes,Yes,Yes,Yes,No,Two year,Yes,Mailed check,80.78,1208.04,No
5932-IYE,Female,0,Yes,Yes,35,Yes,Yes,DSL,Yes,Yes,Yes,No,Yes,Yes,Two year,Yes,Mailed check,69.59,2437.21,No
5603-JBL,Male,0,No,Yes,44,Yes,No,DSL,No,No,No,Yes,No,No,Month-to-month,No,Electronic check,63.15,2782.21,Yes
3778-KES,Female,0,Yes,No,9,Yes,No,Fiber optic,Yes,Yes,Yes,Yes,No,No,Month-to-month,Yes,Credit card (automatic),74.28,677.46,Yes
9832-LHZ,Male,0,No,Yes,62,Yes,No,Fiber optic,No,No,No,Yes,Yes,No,Month-to-month,Yes,Bank transfer (automatic),89.58,5556.19,No
8754-MKG,Female,0,Yes,No,42,Yes,Yes,No,No internet service,No internet service,No internet service,No internet service,No internet service,No internet service,Two year,Yes,Mailed check,20.32,850.2,No
5078-NNN,Female,0,No,No,50,Yes,Yes,Fiber optic,No,No,Yes,No,Yes,No,Month-to-month,Yes,Credit card (automatic),104.08,5210.76,No
2367-OQU,Female,0,No,Yes,2,Yes,Yes,DSL,No,No,Yes,No,Yes,No,Month-to-month,No,Bank transfer (automatic),66.91,137.43,No
5042-PTB,Female,0,Yes,No,65,Yes,No,DSL,No,No,No,No,No,Yes,Two year,No,Mailed check,65.66,4266.25,No
3575-QWI,Male,1,Yes,No,34,Yes,No,Fiber optic,No,Yes,Yes,No,Yes,No,Two year,Yes,Mailed check,107.06,3631.15,No
7754-RZP,Female,0,No,No,68,Yes,Yes,Fiber optic,No,Yes,No,No,No,No,Month-to-month,Yes,Mailed check,80.31,5467.49,Yes
2581-SCW,Male,1,Yes,No,35,Yes,No,Fiber optic,No,No,Yes,No,No,No,Month-to-month,No,Electronic check,100.24,3513.06,Yes
2986-TFD,Male,0,No,Yes,48,Yes,No,DSL,Yes,No,Yes,No,Yes,No,One year,No,Bank transfer (automatic),51.77,2484.25,Yes
3240-UIK,Female,0,Yes,No,0,Yes,No,Fiber optic,No,No,No,Yes,Yes,Yes,One year,Yes,Electronic check,94.28, ,No
4966-VLR,Male,0,No,No,41,Yes,Yes,DSL,No,Yes,No,No,No,Yes,One year,No,Electronic check,73.37,3009.46,No
8604-WOY,Female,0,No,No,40,Yes,No,Fiber optic,Yes,Yes,No,No,Yes,Yes,Month-to-month,No,Bank transfer (automatic),104.18,4172.67,No
9320-XRF,Male,1,Yes,No,72,Yes,No,DSL,No,No,Yes,No,No,No,Two year,Yes,Electronic check,62.63,4508.82,No
6968-YUM,Male,0,Yes,Yes,56,Yes,Yes,Fiber optic,Yes,Yes,No,No,No,No,Month-to-month,Yes,Credit card (automatic),82.72,4635.34,No
8493-ZXT,Female,1,Yes,No,19,Yes,Yes,DSL,No,No,No,No,Yes,Yes,Month-to-month,Yes,Electronic check,44.87,852.12,Yes
5103-AAA,Female,0,Yes,No,13,Yes,No,No,No internet service,No internet service,No internet service,No internet service,No internet service,No internet service,Month-to-month,No,Electronic check,20.87,273.8,No
3076-BDH,Male,0,Yes,No,51,Yes,Yes,No,No internet service,No internet service,No internet service,No internet service,No internet service,No internet service,Month-to-month,No,Mailed check,22.27,1135.98,No
6231-CGO,Male,0,No,Yes,53,Yes,Yes,Fiber optic,No,Yes,Yes,Yes,No,Yes,Month-to-month,Yes,Mailed check,84.24,4459.99,Yes
3994-DJV,Female,0,No,Yes,48,Yes,Yes,DSL,No,Yes,Yes,Yes,Yes,Yes,Month-to-month,Yes,Electronic check,77.2,3708.2,No
4744-EMC,Male,0,Yes,No,29,Yes,Yes,DSL,No,Yes,No,Yes,Yes,No,Two year,No,Credit card (automatic),78.59,2278.65,No
6594-FPJ,Female,0,No,Yes,2,Yes,Yes,DSL,No,No,No,No,Yes,Yes,Month-to-month,No,Electronic check,61.22,117.84,No
8531-GSQ,Male,0,Yes,Yes,11,Yes,Yes,Fiber optic,No,No,No,No,No,Yes,Month-to-month,Yes,Mailed check,92.17,1021.27,Yes
8371-HVX,Female,0,Yes,Yes,30,No,No phone service,Fiber optic,No,No,Yes,Yes,No,No,Two year,Yes,Bank transfer (automatic),78.72,2358.61,No
2644-IYE,Male,0,Yes,No,36,Yes,No,DSL,Yes,No,Yes,Yes,No,Yes,Month-to-month,Yes,Bank transfer (automatic),50.44,1812.13,Yes
4144-JBL,Female,0,No,Yes,26,Yes,No,Fiber optic,No,No,No,No,No,No,Two year,Yes,Mailed check,81.26,2103.75,No
1242-KES,Male,1,No,No,23,Yes,No,DSL,Yes,No,Yes,Yes,Yes,Yes,Month-to-month,Yes,Electronic check,60.85,1392.37,No
5085-LHZ,Male,0,Yes,No,40,Yes,No,DSL,Yes,Yes,No,Yes,Yes,No,Two year,Yes,Electronic check,83.84,3351.82,No
8954-MKG,Male,0,Yes,No,63,Yes,No,Fiber optic,Yes,Yes,No,Yes,No,No,One year,Yes,Credit card (automatic),100.46,6330.37,No
8269-NNN,Male,0,Yes,No,10,Yes,No,DSL,Yes,No,Yes,No,No,No,Two year,Yes,Credit card (automatic),61.34,604.76,No
8130-OQU,Male,0,No,No,72,Yes,No,DSL,No,Yes,No,No,No,Yes,One year,Yes,Electronic check,52.94,3813.57,No
7828-PTB,Male,0,Yes,No,15,Yes,No,No,No internet service,No internet service,No internet service,No internet service,No internet service,No internet service,Two year,No,Electronic check,23.51,354.13,No
9362-QWI,Male,1,No,Yes,13,Yes,No,No,No internet service,No internet service,No internet service,No internet service,No internet service,No internet service,Two year,No,Credit card (automatic),22.58,284.57,No
9844-RZP,Male,1,No,Yes,46,Yes,No,Fiber optic,No,No,No,No,No,Yes,Month-to-month,No,Credit card (automatic),89.83,4135.33,No
7331-SCW,Male,1,Yes,No,29,Yes,Yes,DSL,No,Yes,Yes,Yes,No,Yes,Two year,No,Bank transfer (automatic),69.01,2006.9,No
4512-TFD,Male,0,No,Yes,23,Yes,Yes,No,No internet service,No internet service,No internet service,No internet service,No internet service,No internet service,Two year,No,Mailed check,22.15,513.64,No
2499-UIK,Female,0,Yes,No,12,Yes,Yes,No,No internet service,No internet service,No internet service,No internet service,No internet service,No internet service,One year,Yes,Electronic check,22.17,262.59,No
3158-VLR,Male,1,No,No,8,Yes,Yes,DSL,No,No,No,No,No,No,Month-to-month,Yes,Mailed check,46.91,366.29,No
6162-WOY,Female,0,Yes,Yes,48,Yes,No,Fiber optic,Yes,No,Yes,Yes,Yes,No,Month-to-month,No,Credit card (automatic),113.94,5470.53,Yes
5039-XRF,Male,1,No,No,25,Yes,No,DSL,No,Yes,No,No,Yes,No,One year,Yes,Bank transfer (automatic),78.95,1977.38,No
3035-YUM,Male,0,No,No,48,Yes,Yes,Fiber optic,No,No,No,Yes,No,No,One year,No,Credit card (automatic),74.02,3560.03,No
8977-ZXT,Male,0,No,No,41,Yes,Yes,Fiber optic,No,No,No,No,Yes,No,Two year,Yes,Credit card (automatic),101.0,4131.66,No
1857-AAA,Female,0,No,No,44,Yes,Yes,Fiber optic,Yes,No,No,Yes,Yes,Yes,Month-to-month,Yes,Mailed check,94.22,4141.39,Yes
4823-BDH,Female,1,No,Yes,20,Yes,No,Fiber optic,Yes,No,Yes,No,Yes,No,One year,Yes,Electronic check,106.2,2114.22,No
7770-CGO,Male,0,Yes,No,28,Yes,No,DSL,No,No,No,Yes,Yes,No,Two year,Yes,Credit card (automatic),60.44,1690.44,No
1298-DJV,Female,0,Yes,No,23,Yes,Yes,DSL,No,No,No,No,No,No,Two year,Yes,Credit card (automatic),84.09,1928.78,No
8244-EMC,Female,0,Yes,No,41,Yes,No,DSL,No,No,No,No,Yes,No,Month-to-month,Yes,Mailed check,83.03,3395.71,Yes
1923-FPJ,Male,0,No,No,70,Yes,No,Fiber optic,Yes,No,Yes,No,No,No,Month-to-month,Yes,Credit card (automatic),74.68,5232.75,No
5232-GSQ,Male,0,No,No,40,Yes,Yes,No,No internet service,No internet service,No internet service,No internet service,No internet service,No internet service,Month-to-month,Yes,Mailed check,20.31,815.32,No
5306-HVX,Female,0,No,No,47,Yes,Yes,Fiber optic,Yes,Yes,Yes,Yes,Yes,No,One year,Yes,Bank transfer (automatic),80.1,3763.19,Yes
3799-IYE,Male,0,No,No,42,Yes,Yes,Fiber optic,Yes,Yes,Yes,Yes,No,No,Month-to-month,Yes,Electronic check,85.52,3585.13,No
7578-JBL,Female,0,No,Yes,7,No,No phone service,DSL,No,Yes,No,No,No,Yes,Month-to-month,No,Credit card (automatic),63.57,445.98,No
5875-KES,Male,0,No,No,62,Yes,Yes,No,No internet service,No internet service,No internet service,No internet service,No internet service,No internet service,Two year,Yes,Electronic check,19.03,1174.4,No
6326-LHZ,Female,1,No,No,62,No,No phone service,DSL,Yes,No,No,No,No,No,Month-to-month,Yes,Bank transfer (automatic),73.15,4529.58,Yes
7582-MKG,Male,0,No,Yes,5,Yes,No,Fiber optic,Yes,No,No,No,No,No,Month-to-month,Yes,Electronic check,97.99,489.32,Yes
2802-NNN,Female,0,Yes,No,51,Yes,Yes,Fiber optic,No,No,No,No,No,No,Two year,Yes,Electronic check,77.17,3930.43,No
3657-OQU,Male,0,Yes,Yes,20,Yes,No,Fiber optic,Yes,No,No,No,Yes,No,Month-to-month,Yes,Bank transfer (automatic),103.03,2061.39,No
4346-PTB,Female,0,No,No,13,Yes,Yes,DSL,No,Yes,Yes,No,No,No,Two year,Yes,Bank transfer (automatic),70.41,906.1,No
3949-QWI,Male,0,No,Yes,57,Yes,Yes,Fiber optic,No,No,Yes,No,No,Yes,Two year,Yes,Credit card (automatic),113.05,6438.85,No
1941-RZP,Female,1,No,Yes,24,Yes,Yes,Fiber optic,Yes,No,Yes,No,No,No,One year,No,Electronic check,80.32,1931.62,Yes
2907-SCW,Female,0,No,No,55,Yes,No,Fiber optic,Yes,Yes,No,Yes,Yes,Yes,One year,Yes,Electronic check,99.69,5476.24,No
5837-TFD,Male,0,Yes,No,8,Yes,No,DSL,Yes,No,No,No,No,No,Month-to-month,No,Credit card (automatic),79.92,641.8,Yes
9105-UIK,Female,0,Yes,No,35,Yes,No,DSL,No,No,No,No,Yes,No,Month-to-month,No,Electronic check,54.79,1908.06,Yes
2243-VLR,Female,1,Yes,No,56,Yes,Yes,No,No internet service,No internet service,No internet service,No internet service,No internet service,No internet service,Month-to-month,Yes,Bank transfer (automatic),19.81,1112.36,No
6696-WOY,Female,0,Yes,No,4,Yes,No,DSL,No,Yes,Yes,Yes,No,Yes,Month-to-month,Yes,Bank transfer (automatic),55.28,224.24,No
2466-XRF,Female,0,Yes,Yes,6,Yes,Yes,Fiber optic,No,No,Yes,No,No,No,Month-to-month,Yes,Credit card (automatic),107.2,638.95,Yes
4957-YUM,Female,1,No,Yes,5,No,No phone service,DSL,No,Yes,No,No,Yes,No,Month-to-month,No,Mailed check,77.18,390.37,Yes
2966-ZXT,Female,1,Yes,Yes,51,Yes,Yes,DSL,Yes,Yes,No,Yes,Yes,No,Two year,Yes,Electronic check,45.41,2309.63,No
1375-AAA,Female,0,No,No,69,Yes,Yes,DSL,No,No,No,No,No,No,Two year,No,Electronic check,56.88,3922.65,No
1262-BDH,Male,0,Yes,No,54,Yes,Yes,DSL,No,Yes,Yes,Yes,No,No,Two year,No,Electronic check,49.2,2664.92,No
5362-CGO,Male,0,No,Yes,13,Yes,Yes,No,No internet service,No internet service,No internet service,No internet service,No internet service,No internet service,One year,Yes,Mailed check,19.29,256.25,No
7502-DJV,Female,0,No,No,0,Yes,Yes,DSL,No,No,Yes,No,Yes,Yes,One year,Yes,Mailed check,77.45, ,No
8833-EMC,Male,1,No,No,72,Yes,Yes,DSL,Yes,No,No,Yes,No,No,One year,Yes,Credit card (automatic),83.52,6020.48,No
2893-FPJ,Male,0,Yes,Yes,36,Yes,No,No,No internet service,No internet service,No internet service,No internet service,No internet service,No internet service,Two year,Yes,Mailed check,21.04,755.02,No
9106-GSQ,Female,0,No,No,48,Yes,No,DSL,No,No,No,No,No,No,Month-to-month,No,Mailed check,83.77,4030.51,Yes
2652-HVX,Female,1,Yes,No,11,Yes,Yes,Fiber optic,No,Yes,No,Yes,No,No,Month-to-month,No,Credit card (automatic),88.42,975.76,Yes
6540-IYE,Male,0,No,No,4,Yes,No,No,No internet service,No internet service,No internet service,No internet service,No internet service,No internet service,Month-to-month,Yes,Mailed check,23.08,82.35,No
4892-JBL,Female,0,Yes,No,69,Yes,Yes,DSL,No,No,No,Yes,No,No,Two year,No,Credit card (automatic),58.72,4043.15,No
1599-KES,Female,0,No,No,10,Yes,Yes,DSL,Yes,Yes,No,No,No,No,One year,No,Bank transfer (automatic),57.12,575.16,No
5815-LHZ,Female,0,Yes,No,52,Yes,No,Fiber optic,No,Yes,Yes,No,Yes,No,Month-to-month,No,Electronic check,98.64,5138.19,No
2912-MKG,Male,1,No,No,54,Yes,Yes,Fiber optic,No,No,No,No,No,No,Two year,Yes,Mailed check,112.39,6073.92,No
9792-NNN,Female,0,No,No,49,Yes,Yes,DSL,No,No,No,Yes,Yes,No,Month-to-month,No,Electronic check,68.32,3348.1,Yes
9572-OQU,Male,1,Yes,Yes,52,Yes,No,DSL,Yes,Yes,No,Yes,Yes,No,Two year,No,Electronic check,67.37,3497.24,No
5213-PTB,Male,1,No,No,54,Yes,Yes,Fiber optic,No,No,No,No,No,Yes,Month-to-month,Yes,Credit card (automatic),94.59,5113.9,No
4637-QWI,Male,1,Yes,Yes,2,Yes,No,Fiber optic,Yes,Yes,No,Yes,No,No,One year,No,Electronic check,116.24,233.96,Yes
6599-RZP,Male,0,No,No,15,Yes,Yes,Fiber optic,No,No,No,Yes,No,Yes,Two year,No,Credit card (automatic),109.72,1639.16,No
7448-SCW,Female,0,Yes,Yes,44,Yes,No,Fiber optic,Yes,No,No,No,No,No,Month-to-month,No,Bank transfer (automatic),89.83,3946.88,No
9557-TFD,Male,0,No,No,35,Yes,Yes,No,No internet service,No internet service,No internet service,No internet service,No internet service,No internet service,Two year,Yes,Credit card (automatic),23.81,831.07,No
8382-UIK,Female,0,No,No,18,Yes,No,Fiber optic,Yes,Yes,No,Yes,Yes,No,Two year,Yes,Electronic check,75.29,1352.35,No
9982-VLR,Female,0,Yes,No,3,No,No phone service,DSL,No,No,No,Yes,No,No,Month-to-month,Yes,Mailed check,61.85,183.68,Yes
4569-WOY,Female,0,Yes,Yes,58,Yes,Yes,Fiber optic,No,No,Yes,Yes,No,No,Month-to-month,No,Credit card (automatic),75.45,4373.99,No
8707-XRF,Female,0,No,No,11,Yes,Yes,DSL,No,No,No,No,Yes,No,Month-to-month,Yes,Credit card (automatic),84.88,939.69,Yes
1746-YUM,Female,0,No,No,62,Yes,No,No,No internet service,No internet service,No internet service,No internet service,No internet service,No internet service,One year,Yes,Bank transfer (automatic),18.57,1145.92,No
9504-ZXT,Female,1,No,No,55,Yes,Yes,Fiber optic,Yes,No,No,No,No,No,Month-to-month,Yes,Electronic check,114.27,6279.55,No
5633-AAA,Female,0,Yes,No,26,Yes,Yes,DSL,Yes,No,Yes,No,Yes,Yes,Month-to-month,No,Mailed check,82.2,2128.24,No
1920-BDH,Male,0,Yes,No,67,No,No phone service,Fiber optic,No,No,No,No,No,Yes,Month-to-month,Yes,Mailed check,84.28,5652.1,No
8008-CGO,Female,0,No,Yes,23,Yes,Yes,Fiber optic,No,No,No,No,No,No,Month-to-month,No,Credit card (automatic),116.29,2675.83,Yes
3381-DJV,Male,0,No,No,25,Yes,Yes,Fiber optic,No,No,Yes,Yes,No,Yes,Two year,No,Bank transfer (automatic),94.4,2356.38,No
4618-EMC,Female,0,No,Yes,21,Yes,No,Fiber optic,Yes,No,No,Yes,No,Yes,Month-to-month,Yes,Mailed check,115.73,2431.23,Yes
9989-FPJ,Female,0,Yes,No,69,Yes,No,DSL,No,No,No,Yes,Yes,Yes,One year,Yes,Mailed check,63.91,4414.81,No
5443-GSQ,Female,1,Yes,Yes,18,Yes,Yes,DSL,No,No,No,No,Yes,Yes,Month-to-month,No,Credit card (automatic),63.29,1139.7,No
1272-HVX,Female,0,No,No,33,Yes,No,DSL,No,Yes,No,Yes,No,No,One year,Yes,Bank transfer (automatic),74.89,2473.25,No
2773-IYE,Male,1,Yes,No,10,Yes,Yes,No,No internet service,No internet service,No internet service,No internet service,No internet service,No internet service,Two year,Yes,Bank transfer (automatic),19.83,191.87,No
3547-JBL,Female,1,No,No,44,Yes,No,Fiber optic,No,Yes,No,Yes,Yes,Yes,Month-to-month,Yes,Mailed check,114.08,5028.98,No
4164-KES,Male,0,Yes,Yes,36,Yes,Yes,No,No internet service,No internet service,No internet service,No internet service,No internet service,No internet service,Month-to-month,No,Mailed check,23.98,870.48,No
5780-LHZ,Male,0,Yes,No,22,Yes,Yes,DSL,No,No,Yes,No,No,Yes,Month-to-month,Yes,Mailed check,49.54,1085.84,No
1946-MKG,Female,0,No,No,39,Yes,No,No,No internet service,No internet service,No internet service,No internet service,No internet service,No internet service,Two year,Yes,Credit card (automatic),18.45,710.89,No
1506-NNN,Male,1,Yes,Yes,42,Yes,No,Fiber optic,No,No,No,No,Yes,Yes,Month-to-month,Yes,Electronic check,104.64,4395.28,No
7719-OQU,Female,0,Yes,No,3,Yes,No,DSL,Yes,No,Yes,No,Yes,Yes,Month-to-month,No,Electronic check,58.42,182.98,Yes
9435-PTB,Male,0,No,Yes,14,Yes,Yes,Fiber optic,No,No,Yes,No,No,Yes,Month-to-month,Yes,Bank transfer (automatic),74.98,1040.01,Yes
9697-QWI,Male,0,No,No,22,No,No phone service,Fiber optic,No,Yes,No,Yes,Yes,Yes,Month-to-month,Yes,Credit card (automatic),113.65,2501.6,Yes
7360-RZP,Female,0,No,No,11,Yes,Yes,Fiber optic,Yes,Yes,No,No,No,No,One year,No,Credit card (automatic),118.47,1293.61,No
8657-SCW,Female,0,No,No,67,Yes,Yes,DSL,No,No,Yes,Yes,No,No,One year,No,Credit card (automatic),57.06,3813.43,No
4590-TFD,Female,1,Yes,No,67,Yes,No,DSL,No,Yes,No,No,Yes,Yes,Two year,Yes,Mailed check,51.6,3455.84,No
2192-UIK,Female,0,Yes,No,51,Yes,Yes,DSL,Yes,Yes,No,No,No,Yes,Month-to-month,No,Credit card (automatic),79.12,4041.0,No
2464-VLR,Male,0,Yes,Yes,40,Yes,No,Fiber optic,Yes,Yes,No,No,No,No,Month-to-month,Yes,Mailed check,95.82,3823.31,Yes
1390-WOY,Female,0,No,No,58,Yes,No,DSL,Yes,No,No,No,No,Yes,Month-to-month,Yes,Mailed check,84.4,4895.51,Yes
6615-XRF,Female,0,No,No,57,Yes,Yes,Fiber optic,No,Yes,No,Yes,No,No,Month-to-month,No,Credit card (automatic),101.09,5766.58,Yes
7106-YUM,Female,0,No,No,58,Yes,No,DSL,No,Yes,No,No,No,No,Two year,Yes,Bank transfer (automatic),67.21,3893.49,No
9864-ZXT,Male,0,No,No,71,Yes,Yes,Fiber optic,No,No,No,No,Yes,No,Month-to-month,Yes,Bank transfer (automatic),115.23,8182.58,No
3560-AAA,Female,0,No,Yes,22,Yes,Yes,No,No internet service,No internet service,No internet service,No internet service,No internet service,No internet service,Month-to-month,No,Electronic check,23.66,528.21,No
6867-BDH,Male,0,Yes,No,0,Yes,No,Fiber optic,No,No,Yes,No,Yes,Yes,One year,Yes,Mailed check,89.86, ,No
2211-CGO,Male,0,Yes,No,55,No,No phone service,No,No internet service,No internet service,No internet service,No internet service,No internet service,No internet service,Two year,No,Electronic check,18.32,1014.01,No
2539-DJV,Male,0,Yes,No,3,Yes,Yes,Fiber optic,Yes,No,Yes,No,No,No,One year,Yes,Electronic check,106.67,323.08,No
1643-EMC,Male,0,Yes,No,28,Yes,Yes,Fiber optic,No,No,Yes,No,No,No,One year,Yes,Bank transfer (automatic),112.18,3135.71,No
9693-FPJ,Female,0,Yes,No,16,Yes,No,Fiber optic,No,Yes,No,Yes,No,Yes,Month-to-month,No,Electronic check,76.34,1213.56,Yes
9921-GSQ,Female,0,No,Yes,48,Yes,No,Fiber optic,No,Yes,No,Yes,No,No,Two year,No,Mailed check,113.64,5447.55,Yes
2283-HVX,Male,1,Yes,No,50,Yes,Yes,No,No internet service,No internet service,No internet service,No internet service,No internet service,No internet service,Two year,Yes,Mailed check,24.1,1214.88,No
8680-IYE,Male,1,No,No,48,Yes,Yes,DSL,No,Yes,Yes,No,Yes,No,One year,Yes,Bank transfer (automatic),44.72,2151.0,No
8345-JBL,Male,0,No,Yes,23,Yes,Yes,Fiber optic,Yes,No,Yes,Yes,No,No,Month-to-month,Yes,Bank transfer (automatic),105.51,2421.02,No
5386-KES,Female,0,No,No,43,Yes,No,Fiber optic,Yes,No,No,No,No,No,Month-to-month,Yes,Bank transfer (automatic),88.69,3815.51,No
1919-LHZ,Female,0,No,No,40,Yes,No,Fiber optic,Yes,No,Yes,No,No,No,Month-to-month,Yes,Electronic check,72.48,2889.58,No
3339-MKG,Male,0,No,Yes,56,Yes,No,DSL,Yes,Yes,No,Yes,Yes,No,Month-to-month,Yes,Bank transfer (automatic),57.56,3229.93,Yes
9947-NNN,Female,0,Yes,No,55,Yes,Yes,DSL,Yes,No,Yes,No,No,Yes,One year,Yes,Bank transfer (automatic),68.8,3789.97,No
6930-OQU,Female,0,Yes,No,31,Yes,No,DSL,No,No,No,No,No,Yes,Two year,No,Mailed check,56.56,1756.51,No
6402-PTB,Female,0,No,Yes,30,Yes,Yes,DSL,No,Yes,No,No,No,No,One year,Yes,Electronic check,76.29,2282.9,No
6663-QWI,Male,0,Yes,No,15,Yes,Yes,No,No internet service,No internet service,No internet service,No internet service,No internet service,No internet service,Two year,Yes,Bank transfer (automatic),21.59,323.86,No
6275-RZP,Female,0,No,No,31,Yes,Yes,Fiber optic,Yes,No,No,Yes,No,No,Two year,No,Mailed check,71.73,2227.24,No
1507-SCW,Female,0,Yes,No,41,Yes,Yes,No,No internet service,No internet service,No internet service,No internet service,No internet service,No internet service,Month-to-month,Yes,Mailed check,22.03,900.67,No
2436-TFD,Male,0,No,Yes,33,No,No phone service,Fiber optic,Yes,Yes,Yes,No,Yes,No,Month-to-month,Yes,Credit card (automatic),91.34,3016.28,Yes
9750-UIK,Female,0,No,No,36,Yes,No,Fiber optic,No,Yes,Yes,Yes,No,No,One year,Yes,Electronic check,74.62,2682.69,No
8354-VLR,Male,1,Yes,No,15,No,No phone service,DSL,No,No,Yes,No,Yes,Yes,One year,No,Mailed check,62.12,931.98,Yes
5516-WOY,Male,0,No,No,12,Yes,No,Fiber optic,No,No,No,Yes,No,Yes,Month-to-month,Yes,Bank transfer (automatic),108.88,1302.19,Yes
4622-XRF,Female,0,Yes,No,65,Yes,Yes,DSL,No,Yes,Yes,Yes,No,Yes,Two year,No,Credit card (automatic),48.36,3147.61,No
5399-YUM,Male,1,Yes,No,32,Yes,No,Fiber optic,Yes,No,No,No,No,No,Two year,Yes,Credit card (automatic),82.02,2617.57,No
6037-ZXT,Male,0,No,Yes,34,Yes,No,No,No internet service,No internet service,No internet service,No internet service,No internet service,No internet service,Month-to-month,Yes,Bank transfer (automatic),24.91,844.03,No
9111-AAA,Female,0,No,Yes,36,Yes,No,Fiber optic,No,No,No,Yes,Yes,Yes,Month-to-month,Yes,Credit card (automatic),90.21,3251.68,Yes
4715-BDH,Female,1,No,Yes,39,Yes,Yes,No,No internet service,No internet service,No internet service,No internet service,No internet service,No internet service,Month-to-month,No,Electronic check,23.85,934.04,No
8837-CGO,Male,0,No,No,7,No,No phone service,No,No internet service,No internet service,No internet service,No internet service,No internet service,No internet service,One year,No,Mailed check,21.65,151.99,No
2301-DJV,Female,0,Yes,No,53,Yes,No,Fiber optic,No,No,Yes,Yes,No,No,One year,Yes,Credit card (automatic),81.31,4301.2,No
8370-EMC,Male,0,Yes,No,6,Yes,No,Fiber optic,Yes,No,Yes,No,Yes,No,Month-to-month,Yes,Electronic check,74.19,444.84,Yes
6185-FPJ,Male,0,Yes,No,1,Yes,No,Fiber optic,Yes,Yes,Yes,Yes,No,No,Month-to-month,No,Credit card (automatic),106.39,98.7,Yes
3155-GSQ,Female,0,Yes,Yes,55,Yes,Yes,DSL,No,Yes,No,Yes,No,No,Month-to-month,Yes,Electronic check,63.89,3511.19,No
7411-HVX,Male,0,No,No,56,No,No phone service,No,No internet service,No internet service,No internet service,No internet service,No internet service,No internet service,Two year,No,Credit card (automatic),24.86,1387.39,No
7365-IYE,Female,0,No,No,48,Yes,No,Fiber optic,Yes,No,No,Yes,Yes,No,One year,Yes,Mailed check,114.01,5480.62,No
1692-JBL,Male,1,Yes,No,68,Yes,Yes,Fiber optic,No,Yes,Yes,No,Yes,No,One year,No,Electronic check,77.52,5270.68,No
2478-KES,Female,1,No,Yes,7,Yes,Yes,DSL,No,No,Yes,No,No,No,Two year,Yes,Credit card (automatic),70.94,502.09,No
7396-LHZ,Male,0,No,No,62,Yes,Yes,DSL,Yes,No,Yes,No,No,No,Two year,No,Bank transfer (automatic),51.52,3193.08,No
9448-MKG,Male,0,Yes,No,70,Yes,No,Fiber optic,No,No,No,No,Yes,Yes,Month-to-month,No,Credit card (automatic),87.79,6141.39,Yes
1441-NNN,Male,0,Yes,No,45,Yes,Yes,DSL,No,No,No,No,No,No,Two year,No,Mailed check,57.65,2592.92,No
3646-OQU,Male,0,No,No,66,Yes,No,Fiber optic,Yes,Yes,No,Yes,No,Yes,Month-to-month,No,Bank transfer (automatic),95.1,6284.46,Yes
6209-PTB,Male,0,No,No,45,Yes,No,Fiber optic,Yes,No,Yes,No,Yes,No,Month-to-month,No,Mailed check,110.68,4972.59,No
7533-QWI,Female,0,Yes,No,66,Yes,Yes,No,No internet service,No internet service,No internet service,No internet service,No internet service,No internet service,Month-to-month,No,Credit card (automatic),24.22,1596.11,No
5677-RZP,Male,0,No,No,41,Yes,No,Fiber optic,No,Yes,Yes,No,Yes,Yes,Two year,Yes,Mailed check,103.3,4230.21,No
8211-SCW,Male,0,Yes,Yes,63,Yes,Yes,DSL,No,No,Yes,No,No,Yes,One year,Yes,Bank transfer (automatic),69.84,4399.66,No
3645-TFD,Male,0,Yes,No,72,No,No phone service,Fiber optic,No,Yes,No,Yes,No,No,Two year,Yes,Electronic check,115.0,8281.82,No
9210-UIK,Male,0,Yes,No,52,Yes,Yes,Fiber optic,No,Yes,Yes,No,Yes,No,One year,Yes,Bank transfer (automatic),74.97,3902.67,No
8933-VLR,Female,0,No,No,70,Yes,Yes,DSL,Yes,Yes,Yes,No,No,Yes,Month-to-month,Yes,Mailed check,60.08,4198.27,No
6476-WOY,Female,0,No,Yes,6,Yes,No,Fiber optic,Yes,Yes,Yes,No,No,No,One year,No,Credit card (automatic),80.63,485.6,Yes
8928-XRF,Female,0,No,No,6,Yes,Yes,Fiber optic,No,Yes,Yes,Yes,No,No,Two year,Yes,Mailed check,76.67,465.51,Yes
3080-YUM,Male,1,Yes,Yes,35,Yes,No,DSL,No,Yes,No,No,No,No,Two year,No,Mailed check,71.51,2506.5,No
7089-ZXT,Female,0,Yes,No,12,Yes,No,Fiber optic,Yes,No,Yes,Yes,Yes,No,Month-to-month,Yes,Credit card (automatic),79.36,951.93,No
8396-AAA,Male,0,Yes,Yes,66,Yes,No,DSL,No,Yes,No,No,Yes,Yes,Month-to-month,Yes,Bank transfer (automatic),83.37,5504.32,No
8797-BDH,Female,1,Yes,No,19,Yes,Yes,Fiber optic,Yes,No,Yes,Yes,No,No,Month-to-month,No,Credit card (automatic),95.73,1826.87,Yes
1861-CGO,Female,0,No,Yes,72,Yes,No,Fiber optic,Yes,No,No,No,Yes,No,Month-to-month,Yes,Bank transfer (automatic),92.99,6695.28,Yes
9346-DJV,Female,0,Yes,No,52,Yes,Yes,Fiber optic,No,No,No,No,Yes,Yes,Month-to-month,Yes,Mailed check,87.43,4552.78,Yes
4494-EMC,Female,0,Yes,No,51,Yes,No,DSL,No,No,No,Yes,Yes,No,One year,Yes,Bank transfer (automatic),55.22,2825.37,No
1904-FPJ,Male,0,Yes,No,60,Yes,Yes,DSL,Yes,No,No,Yes,No,No,Two year,Yes,Bank transfer (automatic),81.36,4872.79,No
2269-GSQ,Female,0,Yes,No,60,Yes,No,DSL,Yes,No,Yes,No,No,Yes,One year,No,Bank transfer (automatic),69.22,4160.44,No
1404-HVX,Female,0,No,No,55,Yes,No,Fiber optic,Yes,No,No,No,Yes,No,Month-to-month,Yes,Electronic check,81.53,4476.35,Yes
2184-IYE,Female,0,No,No,39,Yes,Yes,No,No internet service,No internet service,No internet service,No internet service,No internet service,No internet service,Month-to-month,Yes,Mailed check,22.86,882.87,Yes
9938-JBL,Male,0,No,Yes,62,Yes,No,Fiber optic,No,No,Yes,No,No,No,Month-to-month,No,Credit card (automatic),81.58,5056.5,No
2725-KES,Male,0,No,Yes,56,Yes,No,DSL,Yes,No,Yes,Yes,Yes,No,Month-to-month,Yes,Electronic check,75.6,4233.43,Yes
9462-LHZ,Female,1,Yes,No,3,Yes,Yes,DSL,No,No,No,No,Yes,No,Two year,Yes,Credit card (automatic),66.68,191.75,Yes
6811-MKG,Male,0,No,No,25,Yes,No,Fiber optic,Yes,No,No,No,No,No,Month-to-month,No,Electronic check,91.56,2298.2,Yes
6606-NNN,Female,0,Yes,Yes,61,Yes,No,No,No internet service,No internet service,No internet service,No internet service,No internet service,No internet service,One year,Yes,Mailed check,22.67,1373.97,No
4956-OQU,Female,0,No,No,53,Yes,Yes,DSL,No,Yes,No,No,No,Yes,Month-to-month,No,Mailed check,79.73,4229.66,No
1171-PTB,Male,0,No,Yes,61,Yes,No,DSL,No,Yes,No,No,No,Yes,Two year,Yes,Bank transfer (automatic),60.53,3689.3,No
9465-QWI,Female,1,No,No,17,Yes,Yes,DSL,No,No,Yes,Yes,Yes,No,Month-to-month,Yes,Credit card (automatic),72.23,1220.49,No
3306-RZP,Male,0,Yes,No,9,Yes,No,Fiber optic,Yes,Yes,No,No,Yes,No,Two year,No,Bank transfer (automatic),87.7,795.49,No
1421-SCW,Female,0,No,No,35,Yes,Yes,DSL,Yes,No,No,No,Yes,Yes,One year,Yes,Electronic check,58.8,2064.05,No
6540-TFD,Male,0,No,No,1,Yes,No,Fiber optic,No,No,No,Yes,Yes,No,Month-to-month,Yes,Bank transfer (automatic),110.89,119.03,Yes
5675-UIK,Female,0,No,No,59,Yes,Yes,Fiber optic,No,No,Yes,No,No,No,Month-to-month,Yes,Electronic check,96.72,5713.24,No
7748-VLR,Male,0,Yes,No,46,Yes,No,Fiber optic,Yes,Yes,Yes,Yes,No,Yes,Two year,No,Bank transfer (automatic),89.73,4128.15,No
7103-WOY,Male,0,Yes,No,72,Yes,Yes,Fiber optic,No,No,No,Yes,Yes,No,Month-to-month,No,Credit card (automatic),79.82,5739.15,No
2473-XRF,Female,0,Yes,No,31,Yes,Yes,No,No internet service,No internet service,No internet service,No internet service,No internet service,No internet service,Two year,Yes,Mailed check,23.62,738.35,No
4243-YUM,Male,0,Yes,Yes,68,Yes,Yes,No,No internet service,No internet service,No internet service,No internet service,No internet service,No internet service,One year,Yes,Bank transfer (automatic),22.5,1520.72,No
3181-ZXT,Female,0,No,No,50,Yes,No,DSL,No,No,No,Yes,No,No,Month-to-month,No,Bank transfer (automatic),73.52,3680.01,No
4096-AAA,Male,0,No,No,66,Yes,Yes,No,No internet service,No internet service,No internet service,No internet service,No internet service,No internet service,One year,Yes,Electronic check,21.19,1389.54,No
7646-BDH,Female,0,Yes,No,66,Yes,No,DSL,Yes,No,No,Yes,Yes,No,Month-to-month,Yes,Electronic check,56.63,3732.37,No
6882-CGO,Female,0,No,No,67,Yes,Yes,DSL,No,No,No,Yes,No,No,Month-to-month,No,Bank transfer (automatic),73.7,4937.34,No
6982-DJV,Male,0,Yes,No,55,Yes,Yes,No,No internet service,No internet service,No internet service,No internet service,No internet service,No internet service,One year,No,Electronic check,18.83,1037.42,Yes
6798-EMC,Female,0,Yes,No,13,Yes,No,Fiber optic,Yes,No,No,Yes,Yes,No,Month-to-month,No,Mailed check,102.18,1336.44,Yes
9415-FPJ,Male,0,No,No,15,Yes,No,Fiber optic,Yes,Yes,Yes,No,No,No,Two year,No,Mailed check,117.62,1774.06,No
9411-GSQ,Female,0,No,No,65,Yes,No,Fiber optic,No,No,No,Yes,No,No,One year,Yes,Bank transfer (automatic),109.71,7136.07,No
9456-HVX,Female,0,No,No,32,Yes,No,Fiber optic,No,Yes,No,No,No,No,Month-to-month,Yes,Credit card (automatic),105.69,3392.08,No
5524-IYE,Male,0,Yes,No,12,Yes,Yes,No,No internet service,No internet service,No internet service,No internet service,No internet service,No internet service,Two year,Yes,Electronic check,21.23,249.01,No
7559-JBL,Male,0,Yes,Yes,29,Yes,Yes,No,No internet service,No internet service,No internet service,No internet service,No internet service,No internet service,Month-to-month,Yes,Electronic check,18.36,531.58,No
8620-KES,Female,0,Yes,No,25,Yes,Yes,DSL,No,No,No,No,No,Yes,Month-to-month,Yes,Electronic check,84.38,2115.44,Yes
3774-LHZ,Female,0,Yes,No,12,Yes,No,Fiber optic,Yes,No,No,Yes,Yes,Yes,Month-to-month,Yes,Bank transfer (automatic),114.88,1368.7,Yes
6673-MKG,Female,0,Yes,No,67,Yes,No,No,No internet service,No internet service,No internet service,No internet service,No internet service,No internet service,One year,Yes,Electronic check,21.61,1448.08,No
4124-NNN,Female,0,No,No,32,Yes,Yes,Fiber optic,Yes,No,No,Yes,No,Yes,Two year,Yes,Electronic check,103.51,3319.69,No
9671-OQU,Female,0,Yes,No,14,Yes,No,DSL,No,Yes,Yes,No,No,No,Month-to-month,No,Electronic check,66.95,939.74,No
2353-PTB,Female,0,Yes,No,16,Yes,No,DSL,Yes,No,No,No,No,No,One year,Yes,Bank transfer (automatic),72.29,1161.29,No
4854-QWI,Male,0,No,Yes,5,Yes,Yes,Fiber optic,No,Yes,No,No,No,No,Month-to-month,No,Bank transfer (automatic),72.62,370.2,No
9134-RZP,Male,0,No,No,4,Yes,Yes,No,No internet service,No internet service,No internet service,No internet service,No internet service,No internet service,Month-to-month,No,Electronic check,24.99,107.66,Yes
1924-SCW,Female,0,No,Yes,32,Yes,Yes,DSL,No,Yes,No,Yes,No,Yes,Two year,Yes,Credit card (automatic),76.0,2429.67,No
3170-TFD,Female,0,No,No,53,Yes,No,DSL,Yes,No,No,No,No,Yes,Month-to-month,No,Bank transfer (automatic),54.9,2904.74,No
6506-UIK,Female,0,Yes,No,15,Yes,Yes,Fiber optic,Yes,No,No,No,Yes,No,Month-to-month,No,Electronic check,96.44,1444.35,Yes
3395-VLR,Male,0,Yes,Yes,45,Yes,No,DSL,No,No,No,Yes,Yes,Yes,One year,Yes,Bank transfer (automatic),63.41,2849.58,No
9220-WOY,Male,0,No,Yes,23,Yes,No,DSL,No,No,Yes,No,No,No,One year,Yes,Mailed check,58.53,1346.17,No
9226-XRF,Male,1,No,Yes,4,Yes,No,DSL,No,No,No,Yes,No,Yes,Two year,No,Bank transfer (automatic),61.99,245.88,No
6515-YUM,Male,0,No,No,66,Yes,Yes,Fiber optic,Yes,Yes,Yes,No,No,No,Month-to-month,Yes,Mailed check,97.75,6443.65,No
3670-ZXT,Male,0,Yes,Yes,49,Yes,Yes,DSL,Yes,Yes,Yes,Yes,No,Yes,One year,Yes,Mailed check,64.97,3190.79,No
4365-AAA,Female,0,Yes,No,40,Yes,No,DSL,No,No,No,No,Yes,Yes,One year,Yes,Electronic check,78.36,3128.85,No
1588-BDH,Female,0,No,No,54,Yes,Yes,Fiber optic,Yes,No,No,Yes,No,No,Two year,No,Credit card (automatic),75.81,4101.28,No
4138-CGO,Male,0,Yes,No,19,Yes,No,DSL,No,Yes,Yes,No,Yes,No,One year,Yes,Credit card (automatic),46.29,873.19,No
7663-DJV,Female,1,No,No,49,Yes,No,Fiber optic,No,Yes,No,No,No,Yes,Two year,No,Mailed check,94.65,4642.87,No
5086-EMC,Male,0,No,No,34,Yes,No,No,No internet service,No internet service,No internet service,No internet service,No internet service,No internet service,Month-to-month,Yes,Mailed check,21.41,721.39,Yes
9531-FPJ,Male,1,No,Yes,49,Yes,Yes,DSL,Yes,No,Yes,Yes,Yes,No,Month-to-month,No,Electronic check,70.46,3453.48,Yes
5270-GSQ,Male,0,Yes,No,32,Yes,No,Fiber optic,Yes,Yes,No,Yes,No,No,Month-to-month,Yes,Electronic check,84.15,2701.73,No
7019-HVX,Female,0,Yes,Yes,66,Yes,Yes,Fiber optic,No,No,No,No,No,No,Two year,Yes,Credit card (automatic),74.37,4911.59,No
1556-IYE,Male,0,Yes,Yes,70,Yes,No,Fiber optic,No,Yes,Yes,No,No,No,Month-to-month,Yes,Mailed check,109.21,7635.58,No
9022-JBL,Male,1,No,No,9,Yes,No,Fiber optic,No,Yes,No,No,No,No,One year,Yes,Credit card (automatic),91.47,826.57,No
6452-KES,Male,0,No,No,40,Yes,Yes,DSL,No,No,Yes,No,No,No,Month-to-month,No,Credit card (automatic),49.57,1974.96,No
4567-LHZ,Male,0,Yes,Yes,39,Yes,Yes,DSL,No,No,No,Yes,Yes,No,Month-to-month,Yes,Mailed check,83.18,3235.31,Yes
4899-MKG,Male,0,Yes,Yes,5,Yes,No,Fiber optic,Yes,Yes,No,No,No,No,Month-to-month,Yes,Credit card (automatic),116.03,580.06,Yes
7477-NNN,Female,0,Yes,No,32,Yes,Yes,No,No internet service,No internet service,No internet service,No internet service,No internet service,No internet service,Month-to-month,No,Bank transfer (automatic),19.35,626.65,Yes
8500-OQU,Female,0,No,Yes,15,Yes,No,No,No internet service,No internet service,No internet service,No internet service,No internet service,No internet service,Month-to-month,Yes,Mailed check,23.7,363.03,No
2016-PTB,Female,0,No,No,23,Yes,No,DSL,No,No,Yes,No,No,No,One year,No,Electronic check,66.15,1524.85,No
7470-QWI,Female,1,Yes,No,59,Yes,Yes,Fiber optic,No,Yes,No,Yes,No,No,Month-to-month,Yes,Electronic check,84.55,4984.78,Yes
3062-RZP,Male,0,No,Yes,10,No,No phone service,No,No internet service,No internet service,No internet service,No internet service,No internet service,No internet service,Month-to-month,Yes,Electronic check,20.91,215.77,Yes
5321-SCW,Male,0,No,No,43,Yes,No,Fiber optic,No,No,Yes,No,Yes,No,Month-to-month,Yes,Bank transfer (automatic),117.02,5037.65,No
4496-TFD,Female,0,No,Yes,2,Yes,Yes,Fiber optic,No,No,No,No,No,Yes,One year,No,Electronic check,86.28,182.47,Yes
2813-UIK,Female,0,No,Yes,37,Yes,Yes,Fiber optic,No,No,No,No,No,No,One year,No,Mailed check,80.42,2975.38,Yes
7256-VLR,Female,1,No,Yes,39,Yes,Yes,Fiber optic,Yes,No,No,Yes,No,Yes,Two year,Yes,Electronic check,92.76,3624.84,No
3313-WOY,Male,0,Yes,Yes,18,No,No phone service,Fiber optic,No,Yes,No,No,Yes,No,Month-to-month,No,Bank transfer (automatic),99.97,1801.95,No
2231-XRF,Female,0,No,Yes,39,Yes,No,DSL,No,Yes,No,Yes,Yes,No,One year,Yes,Mailed check,55.67,2177.48,No
6831-YUM,Female,0,No,Yes,52,Yes,Yes,No,No internet service,No internet service,No internet service,No internet service,No internet service,No internet service,Two year,Yes,Electronic check,23.47,1211.43,No
3999-ZXT,Female,0,Yes,No,35,Yes,No,No,No internet service,No internet service,No internet service,No internet service,No internet service,No internet service,One year,No,Bank transfer (automatic),22.34,778.37,No
4440-AAA,Female,1,Yes,No,66,No,No phone service,DSL,Yes,No,No,No,No,No,Month-to-month,No,Mailed check,82.05,5415.37,Yes
5056-BDH,Male,0,Yes,No,19,Yes,No,Fiber optic,No,No,No,No,No,Yes,One year,No,Bank transfer (automatic),85.63,1620.03,No
1305-CGO,Female,0,Yes,Yes,27,Yes,Yes,Fiber optic,No,Yes,Yes,Yes,No,No,One year,Yes,Electronic check,102.37,2762.42,No
2689-DJV,Female,0,Yes,No,56,Yes,Yes,Fiber optic,No,No,Yes,No,Yes,No,Two year,Yes,Credit card (automatic),113.19,6333.71,No
4917-EMC,Female,0,No,No,2,Yes,No,DSL,No,No,Yes,No,No,Yes,Two year,Yes,Mailed check,44.18,81.79,Yes
8080-FPJ,Female,0,Yes,Yes,36,Yes,No,DSL,No,Yes,No,No,No,No,Month-to-month,No,Bank transfer (automatic),64.28,2313.1,No
9611-GSQ,Male,0,Yes,No,17,Yes,Yes,DSL,No,No,Yes,No,No,Yes,Month-to-month,No,Credit card (automatic),66.73,1134.13,No
3936-HVX,Female,1,No,No,45,Yes,No,Fiber optic,No,Yes,No,No,Yes,No,Month-to-month,Yes,Bank transfer (automatic),94.76,4258.69,Yes
4862-IYE,Female,1,No,No,4,Yes,No,DSL,No,No,No,No,No,Yes,Month-to-month,Yes,Mailed check,55.96,222.22,Yes
6649-JBL,Male,0,Yes,No,72,Yes,No,DSL,Yes,No,Yes,Yes,Yes,No,Month-to-month,Yes,Electronic check,47.7,3433.26,No
4261-KES,Female,0,Yes,No,56,No,No phone service,No,No internet service,No internet service,No internet service,No internet service,No internet service,No internet service,One year,Yes,Mailed check,24.09,1353.08,No
2819-LHZ,Male,0,No,No,25,Yes,No,DSL,No,No,No,No,Yes,No,Month-to-month,No,Electronic check,64.91,1631.12,No
2342-MKG,Female,0,No,No,32,Yes,No,Fiber optic,No,No,No,No,Yes,No,Month-to-month,No,Electronic check,73.53,2352.02,Yes
6560-NNN,Female,0,Yes,No,35,Yes,No,Fiber optic,No,Yes,Yes,Yes,Yes,No,One year,Yes,Mailed check,90.01,3160.21,Yes
3226-OQU,Male,0,No,No,21,Yes,Yes,Fiber optic,Yes,Yes,Yes,Yes,No,No,One year,Yes,Credit card (automatic),78.93,1650.36,No
2079-PTB,Male,0,No,No,16,Yes,No,Fiber optic,No,Yes,Yes,Yes,No,Yes,Two year,Yes,Electronic check,85.15,1367.18,No
5206-QWI,Male,0,No,Yes,43,Yes,No,Fiber optic,No,No,No,No,No,No,Month-to-month,Yes,Mailed check,109.81,4716.97,Yes
7280-RZP,Female,0,Yes,No,51,Yes,No,Fiber optic,Yes,No,No,No,No,No,Month-to-month,Yes,Mailed check,95.34,4853.5,No
8235-SCW,Female,0,Yes,No,21,Yes,Yes,Fiber optic,Yes,No,No,Yes,No,No,Two year,Yes,Credit card (automatic),81.5,1702.35,No
1813-TFD,Female,1,Yes,No,68,Yes,No,No,No internet service,No internet service,No internet service,No internet service,No internet service,No internet service,Month-to-month,Yes,Mailed check,23.72,1603.73,No
6089-UIK,Male,0,Yes,No,0,Yes,Yes,DSL,No,No,No,Yes,No,No,Two year,Yes,Credit card (automatic),51.91, ,No
3031-VLR,Male,0,Yes,No,29,Yes,No,DSL,No,No,No,No,Yes,No,Month-to-month,Yes,Mailed check,57.01,1655.69,Yes
9514-WOY,Female,0,Yes,No,38,Yes,Yes,Fiber optic,No,No,No,No,Yes,No,One year,No,Bank transfer (automatic),71.62,2720.64,No
6911-XRF,Male,0,No,No,34,Yes,No,Fiber optic,Yes,No,No,No,No,No,Month-to-month,No,Electronic check,116.66,3973.06,No
3653-YUM,Male,0,Yes,No,68,Yes,No,Fiber optic,No,Yes,No,No,No,No,Month-to-month,Yes,Bank transfer (automatic),90.4,6156.22,Yes
4340-ZXT,Female,0,Yes,Yes,69,Yes,Yes,Fiber optic,Yes,Yes,No,Yes,No,Yes,Month-to-month,Yes,Electronic check,78.13,5384.01,Yes
8876-AAA,Male,0,No,Yes,10,Yes,Yes,No,No internet service,No internet service,No internet service,No internet service,No internet service,No internet service,Month-to-month,No,Mailed check,21.7,221.42,Yes
2141-BDH,Female,0,Yes,No,50,Yes,Yes,DSL,Yes,No,No,No,No,No,Month-to-month,Yes,Electronic check,48.34,2418.71,Yes
9558-CGO,Female,0,No,No,62,Yes,No,Fiber optic,Yes,No,Yes,Yes,Yes,Yes,Month-to-month,Yes,Electronic check,113.86,7067.58,Yes
3897-DJV,Male,0,No,No,33,Yes,Yes,DSL,No,No,No,No,No,No,Two year,Yes,Electronic check,46.52,1530.01,No
5041-EMC,Female,0,No,No,54,Yes,Yes,Fiber optic,No,No,No,Yes,No,Yes,Month-to-month,No,Bank transfer (automatic),100.26,5405.99,Yes
3038-FPJ,Female,0,No,No,72,Yes,No,No,No internet service,No internet service,No internet service,No internet service,No internet service,No internet service,Month-to-month,Yes,Mailed check,24.27,1745.27,Yes
5270-GSQ,Male,0,Yes,No,19,Yes,Yes,Fiber optic,Yes,No,No,Yes,Yes,No,Two year,Yes,Mailed check,82.07,1552.78,No
5683-HVX,Male,0,No,No,57,Yes,No,DSL,No,No,Yes,No,No,No,One year,Yes,Credit card (automatic),48.03,2745.69,No
1494-IYE,Male,1,Yes,No,16,Yes,Yes,No,No internet service,No internet service,No internet service,No internet service,No internet service,No internet service,One year,No,Electronic check,21.38,343.64,No
8116-JBL,Male,0,No,No,33,Yes,Yes,No,No internet service,No internet service,No internet service,No internet service,No internet service,No internet service,One year,Yes,Bank transfer (automatic),22.24,738.32,No
2784-KES,Female,0,Yes,No,61,Yes,No,Fiber optic,No,No,No,No,Yes,No,Two year,Yes,Mailed check,84.13,5125.63,No
4510-LHZ,Male,0,No,Yes,33,Yes,No,DSL,No,Yes,No,Yes,No,No,Two year,Yes,Credit card (automatic),57.33,1897.49,No
4786-MKG,Male,0,No,No,71,Yes,Yes,No,No internet service,No internet service,No internet service,No internet service,No internet service,No internet service,Month-to-month,No,Bank transfer (automatic),22.56,1602.82,No
6266-NNN,Female,0,No,No,18,No,No phone service,DSL,Yes,Yes,Yes,No,No,No,Two year,No,Electronic check,84.04,1521.76,No
6428-OQU,Male,0,No,No,65,Yes,Yes,No,No internet service,No internet service,No internet service,No internet service,No internet service,No internet service,Month-to-month,Yes,Mailed check,21.12,1373.06,Yes
7681-PTB,Female,0,Yes,No,71,Yes,Yes,DSL,Yes,No,Yes,No,No,No,Month-to-month,No,Bank transfer (automatic),62.19,4405.69,No
7893-QWI,Female,0,Yes,Yes,41,Yes,Yes,No,No internet service,No internet service,No internet service,No internet service,No internet service,No internet service,One year,No,Mailed check,24.13,979.8,Yes
5658-RZP,Male,0,No,No,50,Yes,Yes,No,No internet service,No internet service,No internet service,No internet service,No internet service,No internet service,Month-to-month,No,Bank transfer (automatic),20.88,1038.52,No
8082-SCW,Male,0,Yes,No,70,No,No phone service,DSL,Yes,No,Yes,Yes,No,Yes,Month-to-month,No,Credit card (automatic),57.47,4028.4,No
7869-TFD,Female,0,Yes,No,48,Yes,Yes,Fiber optic,Yes,Yes,Yes,No,Yes,No,Month-to-month,No,Bank transfer (automatic),92.71,4444.01,No
8607-UIK,Female,1,No,Yes,28,Yes,No,Fiber optic,No,No,No,No,Yes,No,Month-to-month,Yes,Mailed check,72.05,2013.97,No
8669-VLR,Male,0,No,No,29,Yes,Yes,No,No internet service,No internet service,No internet service,No internet service,No internet service,No internet service,Two year,No,Credit card (automatic),24.4,705.72,No
7219-WOY,Female,0,Yes,No,24,Yes,No,Fiber optic,No,Yes,Yes,Yes,Yes,Yes,One year,Yes,Credit card (automatic),74.77,1786.72,No
5534-XRF,Female,0,No,No,67,Yes,No,No,No internet service,No internet service,No internet service,No internet service,No internet service,No internet service,Two year,Yes,Mailed check,24.33,1635.81,No
6979-YUM,Male,0,Yes,No,61,Yes,Yes,Fiber optic,No,No,No,No,No,No,Month-to-month,Yes,Credit card (automatic),115.53,7048.14,No
9890-ZXT,Male,0,Yes,No,37,Yes,No,No,No internet service,No internet service,No internet service,No internet service,No internet service,No internet service,Two year,Yes,Credit card (automatic),24.23,891.54,No
2312-AAA,Male,0,Yes,No,16,No,No phone service,No,No internet service,No internet service,No internet service,No internet service,No internet service,No internet service,Month-to-month,Yes,Mailed check,18.84,300.8,No
3962-BDH,Male,0,No,Yes,0,Yes,Yes,No,No internet service,No internet service,No internet service,No internet service,No internet service,No internet service,Two year,Yes,Electronic check,21.94, ,Yes
3938-CGO,Male,0,No,No,17,Yes,Yes,Fiber optic,No,No,Yes,Yes,No,No,Month-to-month,Yes,Credit card (automatic),87.28,1487.87,No
4197-DJV,Male,0,Yes,No,62,Yes,Yes,No,No internet service,No internet service,No internet service,No internet service,No internet service,No internet service,One year,No,Electronic check,19.41,1207.51,No
6296-EMC,Female,0,No,No,45,Yes,No,DSL,Yes,Yes,No,No,Yes,Yes,One year,Yes,Credit card (automatic),66.2,2973.72,No
8204-FPJ,Male,0,Yes,No,18,Yes,No,Fiber optic,No,Yes,Yes,Yes,No,No,Month-to-month,No,Bank transfer (automatic),72.03,1295.15,Yes
6730-GSQ,Female,0,Yes,No,49,Yes,No,No,No internet service,No internet service,No internet service,No internet service,No internet service,No internet service,Month-to-month,Yes,Credit card (automatic),20.3,985.28,No
1126-HVX,Female,0,No,Yes,53,No,No phone service,Fiber optic,Yes,No,Yes,No,No,No,Month-to-month,No,Electronic check,95.47,5058.38,Yes
6602-IYE,Female,0,Yes,No,30,Yes,No,Fiber optic,Yes,Yes,No,No,Yes,Yes,One year,No,Electronic check,117.82,3525.73,Yes
2191-JBL,Male,0,Yes,No,64,Yes,No,DSL,No,Yes,Yes,Yes,No,No,One year,Yes,Electronic check,65.21,4163.88,No
3639-KES,Female,0,No,No,45,No,No phone service,DSL,Yes,No,Yes,No,No,Yes,Month-to-month,No,Credit card (automatic),56.77,2556.46,No
2366-LHZ,Female,0,No,No,34,Yes,Yes,No,No internet service,No internet service,No internet service,No internet service,No internet service,No internet service,Month-to-month,Yes,Bank transfer (automatic),21.98,748.23,No
7453-MKG,Male,0,No,Yes,48,Yes,Yes,Fiber optic,Yes,Yes,No,No,Yes,Yes,Month-to-month,Yes,Electronic check,72.38,3481.91,No
7671-NNN,Male,1,Yes,No,33,Yes,Yes,Fiber optic,No,No,Yes,No,No,No,Month-to-month,Yes,Mailed check,109.81,3629.02,No
7683-OQU,Male,0,Yes,No,28,Yes,Yes,No,No internet service,No internet service,No internet service,No internet service,No internet service,No internet service,Two year,No,Credit card (automatic),24.34,686.83,No
5539-PTB,Female,0,No,No,5,Yes,Yes,Fiber optic,No,Yes,No,Yes,No,No,Month-to-month,Yes,Mailed check,71.92,367.41,Yes
9876-QWI,Female,0,Yes,Yes,0,Yes,No,Fiber optic,Yes,No,No,No,Yes,Yes,Month-to-month,No,Credit card (automatic),80.08, ,Yes
3887-RZP,Male,0,No,No,54,Yes,No,No,No internet service,No internet service,No internet service,No internet service,No internet service,No internet service,One year,Yes,Electronic check,18.49,991.56,No
5086-SCW,Female,0,No,No,26,Yes,No,DSL,No,No,Yes,No,Yes,Yes,Two year,Yes,Bank transfer (automatic),80.95,2094.93,No
3261-TFD,Male,0,No,No,11,Yes,No,Fiber optic,No,No,No,No,No,No,Month-to-month,Yes,Mailed check,70.89,777.23,No
5180-UIK,Female,0,Yes,Yes,3,Yes,No,No,No internet service,No internet service,No internet service,No internet service,No internet service,No internet service,One year,No,Electronic check,18.4,50.68,No
3841-VLR,Male,0,No,No,51,Yes,Yes,No,No internet service,No internet service,No internet service,No internet service,No internet service,No internet service,Month-to-month,Yes,Credit card (automatic),22.12,1120.16,No
7040-WOY,Female,1,No,No,10,No,No phone service,No,No internet service,No internet service,No internet service,No internet service,No internet service,No internet service,One year,Yes,Mailed check,19.51,189.27,Yes
4560-XRF,Female,0,No,Yes,51,Yes,No,Fiber optic,No,No,Yes,No,Yes,No,Two year,Yes,Mailed check,115.1,5861.94,No
5758-YUM,Male,1,No,No,25,Yes,Yes,Fiber optic,No,No,No,Yes,Yes,No,Two year,Yes,Mailed check,109.62,2745.35,No
1626-ZXT,Female,0,Yes,No,27,No,No phone service,Fiber optic,Yes,No,No,Yes,No,No,One year,Yes,Electronic check,80.44,2172.37,No
6014-AAA,Female,0,Yes,Yes,71,Yes,Yes,Fiber optic,No,No,No,Yes,Yes,Yes,Two year,No,Mailed check,91.56,6495.44,No
2375-BDH,Male,0,No,No,65,Yes,Yes,Fiber optic,Yes,Yes,No,Yes,No,Yes,Two year,Yes,Bank transfer (automatic),111.08,7227.76,No
2181-CGO,Female,0,Yes,No,26,Yes,No,No,No internet service,No internet service,No internet service,No internet service,No internet service,No internet service,Two year,No,Credit card (automatic),18.37,487.1,No
6708-DJV,Female,0,Yes,Yes,54,No,No phone service,Fiber optic,Yes,Yes,Yes,Yes,Yes,No,Month-to-month,Yes,Credit card (automatic),93.13,5027.4,No
1490-EMC,Female,0,Yes,No,70,Yes,No,DSL,No,No,Yes,Yes,No,No,Two year,No,Credit card (automatic),62.82,4402.19,No
4729-FPJ,Female,1,Yes,No,53,Yes,No,No,No internet service,No internet service,No internet service,No internet service,No internet service,No internet service,Month-to-month,Yes,Credit card (automatic),24.57,1307.01,No
6974-GSQ,Female,0,No,Yes,45,Yes,No,Fiber optic,No,No,No,No,No,Yes,Month-to-month,Yes,Mailed check,86.73,3904.09,No
4534-HVX,Male,0,No,No,35,Yes,No,DSL,Yes,Yes,Yes,No,No,No,Two year,Yes,Mailed check,52.7,1843.75,No
4296-IYE,Male,0,Yes,No,20,Yes,No,DSL,No,No,No,Yes,Yes,No,Month-to-month,Yes,Electronic check,57.19,1146.68,No
2940-JBL,Female,0,No,Yes,48,Yes,Yes,Fiber optic,No,No,Yes,Yes,Yes,Yes,Two year,Yes,Electronic check,84.31,4040.26,Yes
6014-KES,Female,0,No,No,33,No,No phone service,DSL,Yes,Yes,No,Yes,No,No,One year,Yes,Electronic check,77.48,2561.36,Yes
2882-LHZ,Male,0,No,Yes,33,Yes,Yes,Fiber optic,No,Yes,Yes,No,No,Yes,Month-to-month,Yes,Bank transfer (automatic),103.37,3403.42,No
5908-MKG,Male,0,Yes,No,39,Yes,Yes,Fiber optic,Yes,No,No,Yes,Yes,Yes,Month-to-month,Yes,Electronic check,91.37,3565.54,Yes
3987-NNN,Female,0,No,No,6,Yes,Yes,No,No internet service,No internet service,No internet service,No internet service,No internet service,No internet service,One year,No,Mailed check,24.03,134.72,No
6585-OQU,Male,0,No,Yes,51,Yes,No,Fiber optic,No,No,No,Yes,No,Yes,Month-to-month,Yes,Mailed check,98.85,5049.17,Yes
4159-PTB,Male,0,Yes,No,48,Yes,Yes,DSL,No,No,No,Yes,Yes,No,One year,Yes,Credit card (automatic),49.11,2361.77,No
5530-QWI,Female,0,No,No,36,Yes,No,No,No internet service,No internet service,No internet service,No internet service,No internet service,No internet service,Month-to-month,Yes,Mailed check,22.84,821.64,Yes
1681-RZP,Female,0,No,Yes,61,Yes,No,Fiber optic,No,Yes,No,No,Yes,No,One year,No,Credit card (automatic),82.85,5056.01,No
6254-SCW,Female,1,No,No,14,Yes,No,DSL,No,No,Yes,No,Yes,No,One year,No,Electronic check,72.07,1011.76,No
2073-TFD,Male,0,No,Yes,1,Yes,Yes,DSL,No,No,No,Yes,No,Yes,One year,No,Electronic check,65.15,73.35,Yes
3387-UIK,Male,0,No,No,10,Yes,Yes,DSL,Yes,No,No,Yes,No,Yes,Month-to-month,Yes,Bank transfer (automatic),74.82,748.08,Yes
3693-VLR,Male,0,Yes,Yes,16,Yes,Yes,Fiber optic,Yes,No,No,No,No,No,One year,No,Bank transfer (automatic),93.56,1498.76,Yes
5340-WOY,Female,0,No,No,44,No,No phone service,Fiber optic,No,No,Yes,No,No,No,One year,Yes,Electronic check,113.05,4980.8,Yes
3156-XRF,Male,0,Yes,No,67,Yes,Yes,Fiber optic,No,No,No,Yes,No,No,Month-to-month,Yes,Mailed check,87.76,5878.85,No
8966-YUM,Male,1,Yes,No,60,Yes,No,Fiber optic,No,Yes,No,No,No,No,One year,Yes,Electronic check,84.52,5066.35,No
3580-ZXT,Male,0,No,Yes,45,Yes,Yes,Fiber optic,No,No,No,Yes,Yes,Yes,Month-to-month,No,Electronic check,80.82,3633.14,Yes
8257-AAA,Female,0,Yes,No,31,Yes,Yes,No,No internet service,No internet service,No internet service,No internet service,No internet service,No internet service,Month-to-month,No,Credit card (automatic),21.9,672.24,No
3159-BDH,Male,0,Yes,No,18,Yes,Yes,DSL,No,No,No,Yes,Yes,Yes,Two year,Yes,Mailed check,55.92,1011.49,Yes
7772-CGO,Female,0,Yes,No,66,Yes,No,Fiber optic,Yes,No,Yes,Yes,No,No,Month-to-month,No,Mailed check,105.07,6943.43,No
2627-DJV,Male,0,Yes,Yes,3,No,No phone service,No,No internet service,No internet service,No internet service,No internet service,No internet service,No internet service,Month-to-month,Yes,Bank transfer (automatic),19.89,50.32,No
9219-EMC,Male,0,Yes,No,24,Yes,No,DSL,No,No,Yes,No,No,Yes,Month-to-month,No,Credit card (automatic),65.11,1566.51,No
8080-FPJ,Female,0,No,Yes,72,Yes,No,DSL,No,Yes,Yes,No,Yes,Yes,One year,Yes,Electronic check,69.41,4995.57,No
2985-GSQ,Male,0,Yes,Yes,20,Yes,Yes,DSL,No,Yes,No,No,No,Yes,Two year,No,Electronic check,63.72,1271.66,No
9488-HVX,Female,0,No,No,13,Yes,Yes,No,No internet service,No internet service,No internet service,No internet service,No internet service,No internet service,Month-to-month,Yes,Mailed check,18.54,242.36,Yes
3181-IYE,Male,0,No,No,21,Yes,No,DSL,No,Yes,Yes,Yes,No,No,Month-to-month,No,Bank transfer (automatic),57.78,1209.18,Yes
3296-JBL,Female,0,Yes,Yes,47,Yes,No,DSL,Yes,Yes,No,No,Yes,No,Month-to-month,Yes,Mailed check,78.56,3701.81,Yes
8164-KES,Male,0,No,Yes,50,No,No phone service,DSL,No,Yes,No,No,No,No,One year,No,Bank transfer (automatic),72.92,3651.06,Yes
3597-LHZ,Male,1,No,No,10,Yes,Yes,DSL,No,No,No,No,No,Yes,Month-to-month,Yes,Electronic check,84.53,844.55,No
1901-MKG,Female,0,Yes,No,58,No,No phone service,Fiber optic,No,No,Yes,No,Yes,Yes,Month-to-month,Yes,Electronic check,84.25,4887.69,No
7060-NNN,Male,0,No,No,13,Yes,No,No,No internet service,No internet service,No internet service,No internet service,No internet service,No internet service,Month-to-month,Yes,Credit card (automatic),24.53,311.1,No
2677-OQU,Female,0,No,No,6,Yes,No,Fiber optic,No,Yes,No,No,No,No,Two year,Yes,Bank transfer (automatic),90.8,548.58,No
3881-PTB,Female,0,Yes,Yes,68,Yes,Yes,DSL,Yes,No,No,No,No,Yes,One year,Yes,Bank transfer (automatic),47.02,3199.42,No
6622-QWI,Male,0,No,No,57,Yes,Yes,DSL,No,Yes,No,No,Yes,Yes,Two year,Yes,Mailed check,58.72,3356.09,No
9052-RZP,Male,0,No,Yes,39,Yes,No,Fiber optic,No,No,No,Yes,Yes,No,One year,No,Electronic check,79.85,3115.39,No
2378-SCW,Male,0,No,No,24,Yes,No,No,No internet service,No internet service,No internet service,No internet service,No internet service,No internet service,Two year,No,Electronic check,20.17,474.42,No
2248-TFD,Male,0,No,No,41,Yes,Yes,Fiber optic,No,Yes,No,No,Yes,No,One year,No,Credit card (automatic),86.29,3542.23,No
6650-UIK,Male,0,Yes,No,43,Yes,Yes,DSL,No,Yes,No,Yes,Yes,Yes,Month-to-month,Yes,Electronic check,56.76,2434.19,No
7079-VLR,Male,0,No,Yes,4,Yes,No,DSL,No,Yes,Yes,No,No,No,Month-to-month,No,Mailed check,45.38,183.36,Yes
8036-WOY,Male,0,No,Yes,27,Yes,No,Fiber optic,No,Yes,No,No,Yes,No,Month-to-month,No,Electronic check,84.36,2279.66,No
7487-XRF,Female,0,No,No,59,Yes,No,Fiber optic,No,No,No,Yes,No,Yes,Month-to-month,No,Mailed check,98.87,5841.68,No
2058-YUM,Female,0,Yes,No,20,Yes,No,Fiber optic,No,No,No,No,No,Yes,Two year,No,Electronic check,107.86,2157.42,Yes
3048-ZXT,Female,0,No,No,48,Yes,Yes,No,No internet service,No internet service,No internet service,No internet service,No internet service,No internet service,One year,Yes,Electronic check,18.29,882.91,No
7115-AAA,Male,1,No,Yes,55,Yes,No,DSL,No,No,No,No,No,Yes,Month-to-month,No,Electronic check,48.1,2637.58,No
5248-BDH,Male,0,No,No,56,No,No phone service,DSL,Yes,No,Yes,Yes,No,Yes,One year,Yes,Credit card (automatic),69.55,3904.61,Yes
3476-CGO,Male,0,No,No,60,Yes,No,DSL,No,No,Yes,Yes,No,No,Two year,Yes,Electronic check,47.21,2830.74,No
5603-DJV,Female,0,No,No,37,Yes,No,Fiber optic,No,No,No,No,No,No,Month-to-month,Yes,Mailed check,70.79,2626.45,No
4553-EMC,Male,0,Yes,No,72,Yes,No,No,No internet service,No internet service,No internet service,No internet service,No internet service,No internet service,Two year,No,Bank transfer (automatic),20.38,1472.78,No
1220-FPJ,Female,0,No,Yes,1,Yes,No,No,No internet service,No internet service,No internet service,No internet service,No internet service,No internet service,Two year,Yes,Mailed check,22.93,18.05,No
5818-GSQ,Male,0,Yes,No,2,Yes,No,No,No internet service,No internet service,No internet service,No internet service,No internet service,No internet service,One year,No,Mailed check,24.01,54.89,No
8192-HVX,Female,0,Yes,No,42,Yes,No,No,No internet service,No internet service,No internet service,No internet service,No internet service,No internet service,Two year,Yes,Mailed check,21.84,912.81,No
5623-IYE,Female,0,Yes,Yes,34,Yes,No,DSL,Yes,No,No,No,No,No,Two year,Yes,Credit card (automatic),63.51,2167.8,No
8349-JBL,Male,0,No,No,72,Yes,Yes,Fiber optic,No,No,Yes,No,No,No,Two year,Yes,Mailed check,95.61,6875.07,No
6618-KES,Male,0,No,No,39,Yes,No,Fiber optic,No,No,No,Yes,No,Yes,Month-to-month,Yes,Electronic check,91.8,3583.1,Yes
8209-LHZ,Female,0,Yes,No,57,Yes,No,No,No internet service,No internet service,No internet service,No internet service,No internet service,No internet service,Month-to-month,Yes,Electronic check,23.53,1338.64,No
5576-MKG,Female,0,Yes,Yes,33,Yes,No,No,No internet service,No internet service,No internet service,No internet service,No internet service,No internet service,Month-to-month,No,Mailed check,22.43,739.98,Yes
2871-NNN,Female,1,No,No,24,Yes,No,DSL,Yes,No,No,No,No,No,Month-to-month,No,Electronic check,49.96,1197.62,Yes
8915-OQU,Female,0,No,No,55,Yes,Yes,DSL,Yes,No,No,Yes,No,No,Month-to-month,No,Credit card (automatic),82.45,4540.62,No
2462-PTB,Female,0,No,No,31,Yes,No,No,No internet service,No internet service,No internet service,No internet service,No internet service,No internet service,Month-to-month,Yes,Credit card (automatic),19.52,614.8,No
6521-QWI,Male,0,No,Yes,21,Yes,Yes,DSL,No,No,No,No,Yes,Yes,Month-to-month,Yes,Electronic check,51.09,1065.7,Yes
9536-RZP,Male,0,No,No,64,Yes,Yes,No,No internet service,No internet service,No internet service,No internet service,No internet service,No internet service,Month-to-month,Yes,Mailed check,20.72,1326.36,No
9236-SCW,Female,0,No,Yes,20,Yes,Yes,DSL,No,Yes,No,No,No,No,Two year,Yes,Bank transfer (automatic),59.31,1192.28,No
8813-TFD,Male,1,Yes,No,20,Yes,Yes,DSL,Yes,No,Yes,No,Yes,No,Two year,No,Electronic check,47.33,951.11,No
3068-UIK,Female,0,Yes,No,27,Yes,No,Fiber optic,No,Yes,Yes,No,No,Yes,Two year,Yes,Bank transfer (automatic),74.79,2019.68,Yes
6753-VLR,Female,0,Yes,No,18,Yes,No,Fiber optic,No,No,Yes,No,No,No,Two year,Yes,Mailed check,117.4,2110.71,No
8237-WOY,Female,0,Yes,Yes,13,Yes,Yes,Fiber optic,No,Yes,No,Yes,No,No,Two year,Yes,Bank transfer (automatic),75.8,986.94,No
8016-XRF,Male,0,No,Yes,23,Yes,No,Fiber optic,No,No,Yes,No,No,Yes,Two year,Yes,Credit card (automatic),116.78,2683.62,No
7191-YUM,Female,0,No,No,19,No,No phone service,Fiber optic,Yes,No,Yes,No,No,No,Month-to-month,Yes,Mailed check,103.68,1973.06,No
2514-ZXT,Female,0,No,No,31,Yes,Yes,DSL,No,No,No,Yes,No,Yes,Month-to-month,Yes,Electronic check,52.93,1647.79,Yes
3598-AAA,Female,0,No,No,51,Yes,No,Fiber optic,No,No,No,Yes,No,No,One year,Yes,Electronic check,90.09,4597.06,Yes
2001-BDH,Female,0,No,No,64,Yes,No,Fiber optic,No,No,No,Yes,Yes,Yes,One year,No,Credit card (automatic),81.26,5193.14,No
2033-CGO,Female,0,No,Yes,51,Yes,No,Fiber optic,No,Yes,Yes,Yes,Yes,No,Month-to-month,Yes,Electronic check,81.41,4153.59,No
7899-DJV,Male,0,No,No,57,Yes,Yes,DSL,No,Yes,No,No,No,No,Two year,No,Credit card (automatic),70.56,4021.1,No
9465-EMC,Male,0,No,Yes,9,Yes,No,DSL,Yes,No,No,Yes,Yes,No,Month-to-month,No,Bank transfer (automatic),57.79,528.76,No
6051-FPJ,Male,0,Yes,Yes,69,Yes,No,Fiber optic,No,Yes,No,No,No,No,Month-to-month,No,Electronic check,111.34,7684.22,Yes
5476-GSQ,Female,1,No,No,14,Yes,Yes,DSL,Yes,No,Yes,Yes,No,Yes,One year,No,Mailed check,65.6,923.2,No
1478-HVX,Female,0,Yes,No,46,Yes,Yes,Fiber optic,No,Yes,Yes,No,No,No,Two year,No,Bank transfer (automatic),82.75,3808.84,No
1515-IYE,Female,1,No,No,9,Yes,No,DSL,Yes,No,No,No,No,No,Two year,No,Bank transfer (automatic),45.42,418.73,No
2191-JBL,Female,1,No,Yes,20,Yes,No,Fiber optic,Yes,Yes,Yes,No,Yes,No,Two year,No,Electronic check,98.91,1984.36,No
7297-KES,Male,0,Yes,Yes,18,Yes,Yes,Fiber optic,No,No,No,No,Yes,Yes,Month-to-month,Yes,Bank transfer (automatic),115.7,2088.38,Yes
1271-LHZ,Female,0,No,No,67,Yes,Yes,Fiber optic,No,No,No,No,No,Yes,Two year,No,Credit card (automatic),94.67,6342.35,No
9334-MKG,Female,0,Yes,No,21,Yes,No,DSL,No,No,No,Yes,No,Yes,Two year,No,Bank transfer (automatic),66.21,1398.38,No
8778-NNN,Male,0,Yes,Yes,62,Yes,Yes,DSL,No,Yes,No,No,Yes,No,Month-to-month,No,Bank transfer (automatic),55.06,3415.53,Yes
7008-OQU,Female,0,No,Yes,37,Yes,Yes,Fiber optic,No,No,Yes,No,No,Yes,Month-to-month,Yes,Bank transfer (automatic),102.0,3774.77,Yes
8987-PTB,Male,0,Yes,Yes,14,No,No phone service,DSL,No,Yes,No,No,No,Yes,Two year,No,Mailed check,64.81,909.24,No
4332-QWI,Female,0,No,Yes,69,Yes,Yes,No,No internet service,No internet service,No internet service,No internet service,No internet service,No internet service,Month-to-month,Yes,Bank transfer (automatic),23.07,1596.88,No
1787-RZP,Male,0,Yes,No,43,Yes,No,Fiber optic,No,No,No,Yes,No,No,Month-to-month,Yes,Electronic check,75.89,3253.55,No
7222-SCW,Female,0,No,No,29,No,No phone service,DSL,Yes,Yes,No,Yes,No,Yes,Two year,Yes,Credit card (automatic),53.45,1551.72,No
1622-TFD,Male,0,No,No,23,No,No phone service,Fiber optic,Yes,No,No,No,Yes,No,Two year,Yes,Mailed check,110.21,2541.96,No
4841-UIK,Female,0,Yes,Yes,45,Yes,Yes,Fiber optic,No,No,Yes,Yes,Yes,No,One year,No,Mailed check,117.13,5268.2,No
4676-VLR,Male,0,Yes,No,3,Yes,Yes,Fiber optic,Yes,No,No,No,No,No,Month-to-month,Yes,Bank transfer (automatic),109.88,323.57,Yes
3572-WOY,Female,1,No,Yes,5,Yes,Yes,Fiber optic,No,Yes,Yes,Yes,Yes,No,One year,No,Bank transfer (automatic),91.75,451.09,No
7915-XRF,Male,0,Yes,No,37,No,No phone service,DSL,Yes,Yes,No,Yes,No,Yes,One year,Yes,Electronic check,46.96,1739.06,Yes
6033-YUM,Female,0,Yes,Yes,25,Yes,Yes,No,No internet service,No internet service,No internet service,No internet service,No internet service,No internet service,Month-to-month,No,Electronic check,24.16,601.19,No
8788-ZXT,Female,0,No,No,18,Yes,No,DSL,No,Yes,Yes,Yes,No,Yes,Month-to-month,Yes,Bank transfer (automatic),77.15,1393.87,Yes
6214-AAA,Male,0,Yes,No,1,Yes,Yes,Fiber optic,Yes,Yes,Yes,No,Yes,No,Two year,Yes,Mailed check,116.82,123.29,No
5712-BDH,Male,1,No,No,67,Yes,Yes,DSL,No,Yes,No,Yes,Yes,No,Month-to-month,Yes,Mailed check,60.79,4080.89,No
1066-CGO,Female,0,No,No,68,Yes,No,No,No internet service,No internet service,No internet service,No internet service,No internet service,No internet service,Month-to-month,Yes,Bank transfer (automatic),22.91,1548.05,No
8533-DJV,Male,1,Yes,No,46,Yes,No,DSL,Yes,No,No,No,No,Yes,One year,No,Bank transfer (automatic),50.51,2329.74,No
5616-EMC,Female,0,Yes,Yes,28,Yes,No,Fiber optic,No,No,No,Yes,Yes,No,Two year,No,Electronic check,114.73,3214.88,No
2140-FPJ,Male,0,Yes,No,63,Yes,No,DSL,No,No,Yes,No,No,No,One year,No,Credit card (automatic),72.68,4575.27,No
6730-GSQ,Male,1,No,No,11,Yes,No,DSL,No,No,No,No,No,No,Month-to-month,Yes,Electronic check,73.6,806.3,Yes
8465-HVX,Female,0,Yes,Yes,72,No,No phone service,DSL,Yes,No,No,Yes,No,No,Month-to-month,No,Bank transfer (automatic),71.62,5157.88,No
5471-IYE,Male,0,Yes,No,10,Yes,No,No,No internet service,No internet service,No internet service,No internet service,No internet service,No internet service,Month-to-month,Yes,Credit card (automatic),23.11,221.2,No
4339-JBL,Male,0,Yes,No,7,Yes,No,No,No internet service,No internet service,No internet service,No internet service,No internet service,No internet service,Two year,Yes,Mailed check,19.27,131.53,No
1548-KES,Female,0,Yes,No,59,Yes,No,DSL,No,Yes,No,No,No,No,One year,Yes,Mailed check,71.74,4240.63,No
8675-LHZ,Male,0,No,No,25,Yes,No,No,No internet service,No internet service,No internet service,No internet service,No internet service,No internet service,Month-to-month,Yes,Bank transfer (automatic),20.9,525.5,Yes
9264-MKG,Female,0,Yes,No,31,Yes,Yes,No,No internet service,No internet service,No internet service,No internet service,No internet service,No internet service,Month-to-month,Yes,Electronic check,20.51,628.93,No
1198-NNN,Male,1,Yes,No,38,Yes,No,No,No internet service,No internet service,No internet service,No internet service,No internet service,No internet service,Month-to-month,Yes,Mailed check,20.0,766.65,Yes
1571-OQU,Male,0,Yes,No,3,Yes,Yes,Fiber optic,Yes,Yes,Yes,Yes,No,Yes,Month-to-month,No,Bank transfer (automatic),112.14,340.99,Yes
1790-PTB,Female,1,Yes,Yes,43,Yes,No,Fiber optic,Yes,No,Yes,Yes,No,Yes,Month-to-month,Yes,Electronic check,106.02,4550.16,Yes
2174-QWI,Male,0,Yes,No,34,Yes,Yes,DSL,No,No,No,Yes,No,Yes,Two year,Yes,Electronic check,56.17,1919.07,No
1178-RZP,Male,0,Yes,No,50,Yes,No,DSL,Yes,Yes,Yes,No,Yes,No,Month-to-month,Yes,Credit card (automatic),48.48,2430.45,Yes
3244-SCW,Male,1,Yes,No,50,Yes,Yes,Fiber optic,Yes,Yes,No,Yes,No,Yes,Two year,No,Electronic check,90.74,4529.85,No
5086-TFD,Female,0,No,No,28,No,No phone service,DSL,Yes,Yes,Yes,No,No,No,Two year,Yes,Electronic check,69.25,1946.45,No
1734-UIK,Female,1,Yes,No,35,Yes,Yes,DSL,Yes,No,No,No,No,Yes,Two year,Yes,Electronic check,44.41,1562.87,No
7232-VLR,Male,0,No,No,59,Yes,Yes,DSL,Yes,Yes,No,Yes,No,No,Month-to-month,Yes,Bank transfer (automatic),65.36,3856.43,No
1798-WOY,Female,0,Yes,Yes,14,Yes,Yes,DSL,No,No,Yes,Yes,No,Yes,Month-to-month,No,Electronic check,48.25,671.29,Yes
8601-XRF,Female,1,No,No,50,Yes,No,Fiber optic,Yes,No,Yes,No,No,No,Two year,Yes,Bank transfer (automatic),109.91,5496.78,No
9979-YUM,Male,1,Yes,No,49,Yes,No,No,No internet service,No internet service,No internet service,No internet service,No internet service,No internet service,Month-to-month,No,Electronic check,22.78,1120.07,No
3795-ZXT,Female,0,No,Yes,54,Yes,Yes,Fiber optic,No,Yes,No,No,Yes,Yes,Month-to-month,No,Electronic check,88.53,4775.71,Yes
5588-AAA,Male,0,No,No,11,Yes,No,Fiber optic,Yes,No,Yes,No,No,Yes,Month-to-month,Yes,Bank transfer (automatic),80.88,885.3,No
8297-BDH,Male,0,Yes,No,49,Yes,Yes,DSL,Yes,No,No,Yes,No,Yes,Two year,No,Mailed check,59.72,2931.68,No
4084-CGO,Male,1,Yes,No,61,Yes,No,Fiber optic,Yes,Yes,Yes,No,No,No,Two year,Yes,Bank transfer (automatic),113.62,6934.21,No
1731-DJV,Female,0,No,No,4,No,No phone service,Fiber optic,No,Yes,No,Yes,No,No,Month-to-month,No,Electronic check,73.29,290.24,No
2129-EMC,Female,0,No,No,26,Yes,Yes,DSL,No,No,No,Yes,No,No,One year,Yes,Bank transfer (automatic),81.67,2120.83,No
2605-FPJ,Female,0,Yes,No,8,Yes,Yes,Fiber optic,Yes,No,Yes,Yes,Yes,No,Month-to-month,Yes,Credit card (automatic),73.65,593.84,Yes
3933-GSQ,Male,0,No,No,34,Yes,Yes,DSL,Yes,No,Yes,No,No,No,Month-to-month,Yes,Electronic check,45.51,1544.24,No
9516-HVX,Female,1,Yes,Yes,12,No,No phone service,Fiber optic,No,No,No,No,Yes,Yes,Two year,Yes,Electronic check,79.72,952.81,Yes
6074-IYE,Male,0,Yes,No,43,Yes,No,Fiber optic,No,Yes,No,No,No,Yes,Month-to-month,No,Credit card (automatic),77.13,3321.93,No
8099-JBL,Male,0,Yes,No,45,No,No phone service,No,No internet service,No internet service,No internet service,No internet service,No internet service,No internet service,Month-to-month,No,Bank transfer (automatic),24.54,1102.64,Yes
2490-KES,Male,0,Yes,Yes,67,Yes,No,DSL,No,Yes,Yes,Yes,No,Yes,Month-to-month,Yes,Electronic check,54.03,3625.84,Yes
1893-LHZ,Female,0,Yes,Yes,52,Yes,No,No,No internet service,No internet service,No internet service,No internet service,No internet service,No internet service,Two year,Yes,Electronic check,23.82,1244.68,No
2390-MKG,Female,0,Yes,No,0,No,No phone service,Fiber optic,No,Yes,No,No,No,No,Month-to-month,Yes,Credit card (automatic),85.62, ,Yes
4389-NNN,Male,1,No,No,10,Yes,Yes,DSL,No,Yes,No,Yes,No,Yes,Month-to-month,No,Mailed check,50.07,509.8,No
5239-OQU,Female,0,No,No,49,Yes,Yes,No,No internet service,No internet service,No internet service,No internet service,No internet service,No internet service,Month-to-month,No,Electronic check,21.09,1036.17,No
5479-PTB,Female,0,Yes,Yes,8,Yes,No,DSL,No,No,No,Yes,Yes,No,Two year,Yes,Bank transfer (automatic),48.01,388.19,No
3263-QWI,Female,0,No,No,37,Yes,No,DSL,Yes,Yes,No,No,Yes,No,Month-to-month,Yes,Mailed check,68.73,2541.56,No
4432-RZP,Male,0,Yes,Yes,12,Yes,No,Fiber optic,Yes,No,Yes,Yes,Yes,No,Month-to-month,Yes,Bank transfer (automatic),77.82,936.05,No
3371-SCW,Male,0,Yes,Yes,4,Yes,Yes,Fiber optic,No,No,No,Yes,Yes,No,One year,No,Electronic check,97.33,383.45,No
5312-TFD,Male,0,No,No,24,Yes,Yes,DSL,Yes,Yes,No,No,Yes,No,Month-to-month,Yes,Electronic check,53.68,1291.46,Yes
2515-UIK,Male,0,No,No,9,Yes,No,DSL,Yes,No,No,No,No,Yes,One year,No,Mailed check,81.61,742.69,Yes
7326-VLR,Female,0,No,No,4,Yes,Yes,DSL,No,No,No,Yes,No,Yes,Month-to-month,No,Bank transfer (automatic),52.93,205.34,Yes
8088-WOY,Male,1,Yes,No,21,Yes,No,DSL,No,Yes,No,No,No,Yes,Two year,No,Electronic check,63.17,1327.16,No
6586-XRF,Female,0,Yes,No,41,Yes,Yes,No,No internet service,No internet service,No internet service,No internet service,No internet service,No internet service,One year,Yes,Electronic check,18.37,747.77,No
3917-YUM,Male,0,No,No,19,No,No phone service,Fiber optic,No,Yes,No,No,No,No,Two year,No,Bank transfer (automatic),75.89,1433.55,No
6731-ZXT,Female,0,Yes,No,27,Yes,Yes,DSL,Yes,Yes,No,Yes,Yes,Yes,Month-to-month,Yes,Electronic check,50.63,1358.7,Yes
8686-AAA,Female,0,Yes,No,20,Yes,No,DSL,No,No,No,No,No,No,Month-to-month,Yes,Mailed check,77.93,1553.0,No
2167-BDH,Male,0,No,Yes,10,Yes,No,Fiber optic,Yes,No,Yes,Yes,Yes,No,One year,Yes,Mailed check,100.41,1000.94,No
9302-CGO,Female,0,Yes,No,68,Yes,Yes,DSL,No,No,No,Yes,Yes,Yes,Two year,Yes,Electronic check,45.64,3097.92,No
6109-DJV,Male,0,Yes,No,36,Yes,Yes,No,No internet service,No internet service,No internet service,No internet service,No internet service,No internet service,Two year,Yes,Credit card (automatic),19.47,706.71,No
5327-EMC,Female,1,Yes,No,48,Yes,No,Fiber optic,No,No,No,Yes,No,Yes,Two year,Yes,Mailed check,112.34,5383.78,No
6810-FPJ,Female,0,Yes,No,68,Yes,Yes,DSL,Yes,No,No,Yes,Yes,Yes,Month-to-month,Yes,Mailed check,56.57,3837.61,No
4655-GSQ,Female,0,Yes,Yes,32,No,No phone service,Fiber optic,No,No,No,No,Yes,Yes,Month-to-month,Yes,Bank transfer (automatic),80.19,2559.72,No
4793-HVX,Male,0,Yes,Yes,44,Yes,No,DSL,Yes,No,No,No,No,No,One year,Yes,Electronic check,76.66,3367.66,Yes
7738-IYE,Female,0,Yes,No,7,No,No phone service,No,No internet service,No internet service,No internet service,No internet service,No internet service,No internet service,Month-to-month,No,Credit card (automatic),20.93,149.81,Yes
2577-JBL,Male,1,No,Yes,5,Yes,No,DSL,Yes,No,No,No,Yes,No,Two year,No,Credit card (automatic),63.84,309.3,No
3220-KES,Female,0,Yes,Yes,14,Yes,Yes,Fiber optic,Yes,Yes,No,No,Yes,No,Month-to-month,Yes,Electronic check,104.37,1469.46,No
2030-LHZ,Female,0,No,No,14,Yes,No,Fiber optic,No,No,Yes,Yes,No,Yes,One year,Yes,Credit card (automatic),114.27,1595.45,Yes
7691-MKG,Female,1,Yes,No,8,Yes,No,Fiber optic,No,No,No,Yes,No,Yes,Two year,Yes,Electronic check,104.05,824.46,No
4992-NNN,Male,0,Yes,No,60,Yes,Yes,Fiber optic,No,No,No,No,No,Yes,Month-to-month,No,Electronic check,89.2,5361.07,No
1913-OQU,Male,0,Yes,No,55,Yes,Yes,DSL,No,No,Yes,Yes,Yes,No,One year,Yes,Bank transfer (automatic),83.53,4602.23,Yes
7358-PTB,Female,0,Yes,No,4,No,No phone service,Fiber optic,No,No,Yes,No,No,No,Month-to-month,No,Credit card (automatic),96.73,378.63,Yes
3181-QWI,Male,0,No,No,25,Yes,Yes,Fiber optic,No,No,No,No,Yes,No,Month-to-month,Yes,Electronic check,113.99,2848.62,Yes
4197-RZP,Male,0,Yes,No,56,Yes,No,Fiber optic,Yes,No,Yes,No,No,Yes,Month-to-month,No,Credit card (automatic),113.27,6345.74,No
7040-SCW,Female,0,No,No,34,Yes,Yes,Fiber optic,Yes,No,No,Yes,Yes,No,Month-to-month,No,Electronic check,94.91,3232.65,No
2462-TFD,Male,0,Yes,Yes,9,Yes,No,Fiber optic,No,Yes,No,Yes,No,Yes,Two year,Yes,Bank transfer (automatic),80.16,731.08,Yes
8037-UIK,Female,0,No,No,20,Yes,Yes,DSL,No,No,No,No,No,Yes,Month-to-month,No,Bank transfer (automatic),59.25,1190.17,Yes
5994-VLR,Male,1,No,No,11,Yes,Yes,No,No internet service,No internet service,No internet service,No internet service,No internet service,No internet service,One year,Yes,Mailed check,19.43,214.6,No
6308-WOY,Male,0,Yes,Yes,8,Yes,No,DSL,No,No,Yes,Yes,Yes,No,Month-to-month,Yes,Credit card (automatic),50.5,394.69,Yes
7221-XRF,Female,0,No,Yes,15,Yes,No,Fiber optic,No,Yes,Yes,No,Yes,No,Two year,No,Credit card (automatic),113.63,1698.55,No
8090-YUM,Female,0,No,No,72,Yes,No,DSL,Yes,No,Yes,No,Yes,No,Month-to-month,No,Mailed check,49.77,3590.81,No
8769-ZXT,Male,0,No,No,53,Yes,Yes,DSL,Yes,No,Yes,No,No,No,Month-to-month,Yes,Electronic check,83.97,4448.29,No
1687-AAA,Male,1,Yes,Yes,22,Yes,Yes,DSL,No,Yes,No,Yes,No,No,Month-to-month,Yes,Credit card (automatic),55.4,1210.84,Yes
5661-BDH,Male,0,No,No,38,Yes,No,DSL,No,Yes,Yes,No,No,Yes,Two year,No,Mailed check,62.8,2392.33,No
2894-CGO,Female,0,No,Yes,21,Yes,No,DSL,No,No,Yes,No,No,No,Month-to-month,No,Bank transfer (automatic),51.61,1076.24,Yes
8389-DJV,Female,1,No,No,54,Yes,No,Fiber optic,No,Yes,No,Yes,No,No,One year,No,Mailed check,88.2,4758.47,No
5922-EMC,Female,0,No,No,30,Yes,No,Fiber optic,Yes,No,No,Yes,No,No,Month-to-month,Yes,Electronic check,99.21,2966.88,No
7322-FPJ,Female,0,No,Yes,46,Yes,No,Fiber optic,No,No,Yes,No,Yes,No,One year,Yes,Credit card (automatic),114.66,5270.31,No
4183-GSQ,Male,0,No,No,26,Yes,No,Fiber optic,No,Yes,No,No,No,Yes,Month-to-month,Yes,Mailed check,115.94,3020.8,No
4797-HVX,Male,0,No,No,47,No,No phone service,No,No internet service,No internet service,No internet service,No internet service,No internet service,No internet service,One year,No,Electronic check,18.61,873.55,No
6178-IYE,Male,0,Yes,No,38,No,No phone service,DSL,No,No,Yes,No,No,No,Two year,No,Electronic check,65.8,2494.57,No
4968-JBL,Female,0,No,Yes,20,Yes,Yes,DSL,No,No,Yes,No,Yes,No,Month-to-month,No,Bank transfer (automatic),49.58,991.19,Yes
3716-KES,Male,1,Yes,No,14,Yes,No,Fiber optic,Yes,No,Yes,No,Yes,No,Two year,No,Credit card (automatic),77.08,1069.19,No
1190-LHZ,Male,0,Yes,No,44,Yes,No,No,No internet service,No internet service,No internet service,No internet service,No internet service,No internet service,Month-to-month,No,Electronic check,23.79,1050.77,No
2335-MKG,Male,0,No,Yes,18,Yes,Yes,Fiber optic,Yes,Yes,No,No,Yes,No,Month-to-month,Yes,Electronic check,85.9,1536.31,No
9181-NNN,Male,1,No,No,52,Yes,No,DSL,Yes,Yes,No,No,No,No,One year,Yes,Electronic check,84.37,4383.52,No
1378-OQU,Male,0,No,No,54,Yes,No,Fiber optic,No,No,No,No,No,No,Month-to-month,No,Mailed check,108.9,5874.26,No
4829-PTB,Male,1,No,Yes,48,Yes,No,DSL,Yes,Yes,Yes,No,No,Yes,Two year,Yes,Credit card (automatic),66.43,3197.54,No
7380-QWI,Female,0,Yes,Yes,60,Yes,No,DSL,No,No,No,No,No,No,Month-to-month,Yes,Electronic check,45.46,2720.09,No
1615-RZP,Female,1,No,No,59,Yes,Yes,Fiber optic,No,No,No,No,Yes,No,One year,Yes,Bank transfer (automatic),73.52,4339.92,No
3330-SCW,Male,0,Yes,No,23,Yes,Yes,No,No internet service,No internet service,No internet service,No internet service,No internet service,No internet service,Month-to-month,Yes,Electronic check,22.34,511.28,Yes
2754-TFD,Female,0,No,No,38,Yes,No,DSL,Yes,No,No,Yes,Yes,Yes,Month-to-month,Yes,Electronic check,78.44,2985.15,No
1463-UIK,Female,1,No,No,60,Yes,Yes,Fiber optic,No,No,No,No,No,No,Month-to-month,No,Electronic check,95.18,5707.52,Yes
5267-VLR,Female,0,Yes,No,22,Yes,Yes,DSL,Yes,Yes,No,Yes,No,Yes,Month-to-month,Yes,Bank transfer (automatic),79.77,1747.05,Yes
4158-WOY,Male,0,Yes,No,71,Yes,Yes,DSL,No,No,Yes,Yes,No,Yes,Month-to-month,Yes,Mailed check,60.47,4284.18,No
4624-XRF,Male,0,Yes,No,38,Yes,No,No,No internet service,No internet service,No internet service,No internet service,No internet service,No internet service,Month-to-month,No,Credit card (automatic),24.46,939.29,No
5938-YUM,Female,0,No,No,71,No,No phone service,Fiber optic,Yes,Yes,Yes,No,No,No,One year,Yes,Electronic check,113.41,8061.38,No
6417-ZXT,Male,1,Yes,Yes,10,Yes,Yes,DSL,No,Yes,Yes,Yes,No,No,One year,No,Electronic check,69.77,692.0,No
7004-AAA,Male,0,Yes,Yes,41,Yes,No,DSL,No,Yes,Yes,Yes,No,Yes,Two year,Yes,Electronic check,80.84,3306.21,No
9881-BDH,Female,0,No,No,24,No,No phone service,Fiber optic,No,No,No,Yes,Yes,Yes,Two year,Yes,Mailed check,96.2,2310.95,Yes
6603-CGO,Female,0,No,Yes,33,Yes,No,DSL,No,No,Yes,No,Yes,No,Month-to-month,No,Bank transfer (automatic),48.22,1595.07,No
3212-DJV,Male,0,Yes,No,21,Yes,Yes,Fiber optic,No,No,No,No,No,Yes,One year,Yes,Electronic check,106.07,2232.16,Yes
7120-EMC,Female,0,No,No,1,Yes,Yes,Fiber optic,No,No,Yes,Yes,Yes,Yes,Month-to-month,Yes,Electronic check,101.35,109.61,No
6818-FPJ,Male,0,Yes,Yes,50,Yes,No,DSL,Yes,No,No,No,No,Yes,One year,Yes,Bank transfer (automatic),71.87,3588.58,No
1382-GSQ,Male,0,Yes,No,15,Yes,Yes,DSL,Yes,No,Yes,No,No,No,Month-to-month,No,Mailed check,45.7,679.93,No
3256-HVX,Female,0,Yes,No,10,Yes,Yes,Fiber optic,Yes,No,No,Yes,No,No,Month-to-month,No,Bank transfer (automatic),74.96,741.09,No
2412-IYE,Male,1,No,Yes,68,Yes,Yes,No,No internet service,No internet service,No internet service,No internet service,No internet service,No internet service,One year,No,Electronic check,24.99,1692.32,No
7146-JBL,Female,0,Yes,No,61,Yes,Yes,DSL,No,Yes,Yes,No,No,No,Month-to-month,No,Credit card (automatic),75.45,4605.44,Yes
1371-KES,Female,0,Yes,Yes,18,Yes,Yes,DSL,No,Yes,Yes,No,No,No,One year,Yes,Credit card (automatic),63.19,1137.14,No
6806-LHZ,Female,1,Yes,No,28,Yes,Yes,DSL,Yes,Yes,No,Yes,No,Yes,One year,Yes,Bank transfer (automatic),71.48,2005.78,No
6565-MKG,Female,0,No,No,41,Yes,No,DSL,Yes,Yes,No,No,Yes,No,Two year,Yes,Credit card (automatic),78.15,3206.59,No
9802-NNN,Male,1,No,No,22,Yes,Yes,DSL,No,No,Yes,No,Yes,No,Month-to-month,No,Mailed check,81.29,1792.51,Yes
9307-OQU,Male,0,Yes,Yes,59,Yes,Yes,DSL,Yes,No,No,No,Yes,No,One year,Yes,Credit card (automatic),79.2,4673.42,No
8437-PTB,Male,0,Yes,No,72,Yes,Yes,DSL,No,Yes,No,No,No,No,One year,Yes,Credit card (automatic),66.31,4783.29,No
1446-QWI,Female,0,No,No,17,Yes,Yes,Fiber optic,No,Yes,No,Yes,Yes,Yes,Two year,No,Credit card (automatic),114.39,1948.12,No
2391-RZP,Male,0,Yes,No,54,Yes,No,Fiber optic,No,Yes,No,Yes,No,Yes,Month-to-month,Yes,Credit card (automatic),108.48,5862.04,No
2340-SCW,Male,0,Yes,No,17,Yes,Yes,Fiber optic,Yes,No,No,No,Yes,Yes,One year,No,Credit card (automatic),73.62,1259.2,No
3939-TFD,Male,0,Yes,No,26,Yes,No,Fiber optic,No,Yes,Yes,No,No,No,One year,No,Mailed check,75.02,1952.71,No
6969-UIK,Male,0,No,No,0,Yes,No,Fiber optic,Yes,No,Yes,Yes,No,No,Two year,No,Credit card (automatic),105.72, ,Yes
5813-VLR,Female,0,No,No,13,Yes,No,Fiber optic,Yes,No,No,No,Yes,No,Month-to-month,Yes,Bank transfer (automatic),111.48,1443.8,Yes
4569-WOY,Female,1,Yes,No,58,Yes,Yes,DSL,No,No,No,No,No,Yes,Month-to-month,Yes,Credit card (automatic),62.16,3603.8,Yes
6454-XRF,Female,0,Yes,No,32,Yes,Yes,DSL,No,No,Yes,No,No,No,One year,No,Credit card (automatic),75.34,2415.38,No
4150-YUM,Male,1,No,No,35,Yes,No,No,No internet service,No internet service,No internet service,No internet service,No internet service,No internet service,Month-to-month,Yes,Bank transfer (automatic),23.29,823.67,Yes
7414-ZXT,Male,0,Yes,No,38,Yes,No,DSL,No,No,Yes,Yes,Yes,Yes,Month-to-month,No,Mailed check,63.4,2408.8,No
5657-AAA,Female,0,No,No,44,No,No phone service,Fiber optic,Yes,No,No,Yes,No,No,Month-to-month,Yes,Mailed check,89.71,3941.72,Yes
7947-BDH,Female,0,Yes,Yes,24,Yes,Yes,DSL,No,No,No,No,No,Yes,One year,No,Electronic check,47.06,1125.73,No
8943-CGO,Female,0,No,Yes,14,Yes,No,DSL,Yes,No,No,Yes,No,Yes,Month-to-month,Yes,Bank transfer (automatic),84.18,1177.05,Yes
4662-DJV,Male,0,Yes,No,19,Yes,No,Fiber optic,No,No,No,No,Yes,Yes,One year,Yes,Electronic check,79.96,1523.85,Yes
5482-EMC,Female,0,No,Yes,33,Yes,No,Fiber optic,No,No,Yes,Yes,Yes,Yes,One year,Yes,Electronic check,77.28,2542.35,Yes
5797-FPJ,Female,0,Yes,No,57,Yes,No,No,No internet service,No internet service,No internet service,No internet service,No internet service,No internet service,Month-to-month,No,Electronic check,18.8,1062.55,No
6068-GSQ,Female,0,Yes,No,59,Yes,No,Fiber optic,No,No,Yes,Yes,No,Yes,Month-to-month,No,Mailed check,94.88,5607.87,No
6480-HVX,Male,0,Yes,Yes,29,Yes,Yes,DSL,No,No,No,No,No,No,One year,Yes,Electronic check,46.77,1353.35,No
9033-IYE,Male,1,No,No,12,Yes,Yes,No,No internet service,No internet service,No internet service,No internet service,No internet service,No internet service,Month-to-month,Yes,Mailed check,24.17,285.14,Yes
1983-JBL,Male,0,Yes,Yes,66,No,No phone service,No,No internet service,No internet service,No internet service,No internet service,No internet service,No internet service,One year,Yes,Bank transfer (automatic),19.61,1296.84,No
6607-KES,Female,0,Yes,No,44,Yes,No,Fiber optic,No,No,No,Yes,No,Yes,Month-to-month,Yes,Electronic check,114.71,5055.87,Yes
9543-LHZ,Female,0,No,No,39,Yes,No,No,No internet service,No internet service,No internet service,No internet service,No internet service,No internet service,Month-to-month,Yes,Electronic check,24.04,936.35,Yes
2907-MKG,Female,0,No,No,37,Yes,No,Fiber optic,No,Yes,Yes,No,No,No,Month-to-month,No,Electronic check,71.94,2668.0,No
7924-NNN,Female,0,No,Yes,46,Yes,No,No,No internet service,No internet service,No internet service,No internet service,No internet service,No internet service,Month-to-month,Yes,Electronic check,22.14,1013.94,No
9737-OQU,Female,0,Yes,Yes,28,Yes,No,Fiber optic,No,No,No,Yes,Yes,No,Two year,No,Electronic check,78.89,2209.62,No
5174-PTB,Female,0,Yes,No,33,Yes,Yes,Fiber optic,No,No,No,Yes,No,Yes,Month-to-month,No,Credit card (automatic),76.64,2530.12,Yes
8265-QWI,Male,0,No,No,10,Yes,No,Fiber optic,No,Yes,Yes,No,No,No,Two year,Yes,Electronic check,95.14,946.11,No
2990-RZP,Female,0,Yes,Yes,19,Yes,Yes,Fiber optic,No,Yes,Yes,Yes,No,No,Two year,Yes,Bank transfer (automatic),79.31,1508.34,Yes
6596-SCW,Female,1,No,Yes,19,Yes,No,Fiber optic,No,No,No,No,No,No,Month-to-month,No,Electronic check,92.02,1749.91,Yes
4998-TFD,Male,0,No,No,72,Yes,No,DSL,No,No,Yes,No,No,No,Two year,No,Mailed check,46.16,3325.1,No
4775-UIK,Male,0,Yes,No,55,No,No phone service,DSL,Yes,Yes,No,No,No,No,One year,Yes,Electronic check,63.29,3478.98,No
5645-VLR,Male,0,Yes,No,22,Yes,Yes,DSL,Yes,No,Yes,No,No,Yes,Month-to-month,No,Credit card (automatic),50.99,1124.49,No
3061-WOY,Male,0,Yes,Yes,24,Yes,No,No,No internet service,No internet service,No internet service,No internet service,No internet service,No internet service,Month-to-month,Yes,Mailed check,19.03,453.53,No
5487-XRF,Female,0,No,Yes,32,Yes,No,Fiber optic,Yes,No,No,No,Yes,No,Month-to-month,Yes,Mailed check,74.07,2368.07,Yes
5435-YUM,Male,0,Yes,No,30,No,No phone service,Fiber optic,No,No,Yes,No,No,Yes,Month-to-month,No,Credit card (automatic),101.11,3024.12,Yes
3644-ZXT,Male,0,No,No,0,Yes,Yes,DSL,No,No,No,No,No,No,One year,No,Electronic check,46.65, ,No
2045-AAA,Female,0,Yes,No,53,Yes,No,Fiber optic,No,Yes,No,No,Yes,No,Month-to-month,No,Electronic check,98.38,5223.26,No
8951-BDH,Female,0,Yes,No,15,Yes,No,Fiber optic,Yes,No,No,Yes,No,No,Month-to-month,No,Mailed check,73.84,1111.95,Yes
7449-CGO,Female,0,Yes,No,58,Yes,No,No,No internet service,No internet service,No internet service,No internet service,No internet service,No internet service,Month-to-month,Yes,Mailed check,21.57,1255.85,No
3681-DJV,Female,0,No,Yes,65,Yes,No,Fiber optic,No,No,No,Yes,No,No,Month-to-month,Yes,Credit card (automatic),81.2,5283.73,Yes
4199-EMC,Female,0,Yes,No,2,Yes,No,DSL,No,No,No,No,No,Yes,One year,Yes,Mailed check,49.8,103.96,No
7768-FPJ,Female,0,Yes,No,14,Yes,No,Fiber optic,Yes,No,No,No,No,No,Month-to-month,No,Electronic check,116.82,1642.84,Yes
8440-GSQ,Female,0,No,No,31,Yes,Yes,No,No internet service,No internet service,No internet service,No internet service,No internet service,No internet service,Month-to-month,No,Electronic check,20.6,629.06,No
9633-HVX,Female,0,Yes,No,49,Yes,No,Fiber optic,Yes,Yes,Yes,No,No,No,Two year,No,Electronic check,85.8,4196.29,No
3550-IYE,Female,0,No,No,59,Yes,No,DSL,No,No,No,No,Yes,Yes,Two year,Yes,Electronic check,83.85,4945.54,No
5225-JBL,Female,0,No,Yes,7,Yes,Yes,No,No internet service,No internet service,No internet service,No internet service,No internet service,No internet service,Month-to-month,Yes,Electronic check,23.34,170.62,Yes
1596-KES,Female,0,No,No,6,Yes,No,Fiber optic,No,Yes,No,Yes,No,No,Month-to-month,No,Electronic check,99.06,590.15,Yes
7054-LHZ,Male,0,No,Yes,3,Yes,Yes,Fiber optic,No,No,No,No,Yes,No,Month-to-month,No,Mailed check,79.59,243.72,Yes
2505-MKG,Female,0,No,Yes,9,Yes,No,DSL,No,No,Yes,No,No,No,Month-to-month,Yes,Electronic check,69.61,621.86,Yes
7468-NNN,Male,0,Yes,No,59,Yes,No,DSL,No,Yes,No,No,Yes,No,Month-to-month,No,Bank transfer (automatic),76.54,4525.83,Yes
8236-OQU,Male,0,Yes,No,24,Yes,Yes,DSL,No,Yes,Yes,Yes,No,Yes,Two year,No,Credit card (automatic),79.46,1913.86,No
2551-PTB,Male,0,Yes,No,41,Yes,Yes,DSL,No,No,No,Yes,No,No,Month-to-month,No,Mailed check,79.5,3258.73,Yes
7852-QWI,Male,0,No,No,46,Yes,No,No,No internet service,No internet service,No internet service,No internet service,No internet service,No internet service,Two year,Yes,Mailed check,18.88,876.23,No
2449-RZP,Female,0,Yes,No,31,Yes,Yes,DSL,No,Yes,No,No,No,No,Two year,Yes,Electronic check,55.5,1722.6,No
6953-SCW,Female,0,No,Yes,72,Yes,No,Fiber optic,No,No,Yes,No,Yes,No,One year,Yes,Electronic check,93.45,6721.0,No
9456-TFD,Male,1,Yes,No,24,Yes,Yes,No,No internet service,No internet service,No internet service,No internet service,No internet service,No internet service,Two year,No,Bank transfer (automatic),21.45,517.97,No
9042-UIK,Female,0,No,No,15,Yes,Yes,Fiber optic,No,No,Yes,Yes,Yes,Yes,Two year,No,Electronic check,93.72,1406.13,No
3659-VLR,Male,0,Yes,No,48,No,No phone service,DSL,No,Yes,No,No,No,Yes,Month-to-month,No,Electronic check,82.44,3951.17,Yes
8509-WOY,Male,0,Yes,No,15,No,No phone service,Fiber optic,No,No,Yes,Yes,No,No,One year,Yes,Bank transfer (automatic),89.41,1332.77,No
8893-XRF,Female,0,No,No,37,Yes,Yes,DSL,No,No,No,No,No,Yes,Two year,Yes,Bank transfer (automatic),77.39,2871.1,No
8445-YUM,Male,0,No,No,4,Yes,Yes,DSL,Yes,No,Yes,No,Yes,Yes,Month-to-month,No,Credit card (automatic),63.54,251.84,Yes
3721-ZXT,Male,0,Yes,Yes,6,Yes,No,DSL,Yes,Yes,Yes,Yes,Yes,Yes,Two year,Yes,Electronic check,61.85,378.8,No
3925-AAA,Female,0,No,Yes,7,Yes,Yes,DSL,No,No,Yes,No,No,Yes,One year,Yes,Bank transfer (automatic),82.7,583.79,Yes
8104-BDH,Female,0,Yes,No,32,No,No phone service,No,No internet service,No internet service,No internet service,No internet service,No internet service,No internet service,One year,No,Electronic check,20.27,639.24,No
7240-CGO,Male,0,No,No,61,Yes,No,No,No internet service,No internet service,No internet service,No internet service,No internet service,No internet service,Month-to-month,No,Electronic check,20.28,1243.36,Yes
1512-DJV,Male,0,No,No,31,Yes,No,DSL,Yes,Yes,Yes,No,Yes,No,Two year,Yes,Credit card (automatic),78.6,2431.23,No
1215-EMC,Female,0,Yes,No,0,Yes,Yes,DSL,No,Yes,No,Yes,Yes,No,Month-to-month,No,Electronic check,62.31, ,Yes
8299-FPJ,Female,0,No,No,19,No,No phone service,Fiber optic,No,No,Yes,No,No,No,Month-to-month,No,Electronic check,99.74,1893.42,Yes
4153-GSQ,Male,1,Yes,No,54,Yes,No,Fiber optic,Yes,Yes,No,No,Yes,No,Month-to-month,Yes,Mailed check,73.26,3953.16,No
8450-HVX,Male,0,No,No,62,Yes,Yes,Fiber optic,No,Yes,Yes,Yes,Yes,No,Month-to-month,No,Electronic check,95.53,5913.14,No
2706-IYE,Male,0,Yes,No,5,Yes,No,DSL,Yes,No,No,Yes,No,Yes,One year,Yes,Credit card (automatic),66.31,338.64,Yes
2567-JBL,Male,0,Yes,No,51,Yes,No,DSL,Yes,No,Yes,Yes,Yes,Yes,Month-to-month,Yes,Credit card (automatic),69.68,3557.79,No
2128-KES,Female,0,No,No,1,No,No phone service,Fiber optic,No,No,No,No,No,No,One year,No,Electronic check,74.14,73.5,Yes
4510-LHZ,Female,0,Yes,Yes,38,Yes,No,Fiber optic,Yes,No,Yes,Yes,No,No,Month-to-month,No,Electronic check,112.03,4254.91,Yes
8867-MKG,Male,0,No,No,31,Yes,No,No,No internet service,No internet service,No internet service,No internet service,No internet service,No internet service,Month-to-month,Yes,Mailed check,21.09,662.97,Yes
3365-NNN,Male,0,Yes,Yes,50,Yes,No,DSL,Yes,Yes,Yes,No,No,No,Month-to-month,Yes,Bank transfer (automatic),56.14,2814.5,No
6583-OQU,Female,0,Yes,Yes,68,Yes,No,Fiber optic,No,Yes,Yes,No,Yes,Yes,One year,No,Mailed check,98.08,6679.14,No
5897-PTB,Female,0,No,No,31,No,No phone service,Fiber optic,Yes,No,Yes,No,No,No,One year,No,Bank transfer (automatic),96.49,2987.64,No
6718-QWI,Male,0,Yes,Yes,2,Yes,No,Fiber optic,No,No,No,No,No,No,Month-to-month,Yes,Credit card (automatic),79.1,160.84,No
7001-RZP,Female,0,Yes,Yes,61,Yes,Yes,No,No internet service,No internet service,No internet service,No internet service,No internet service,No internet service,Month-to-month,Yes,Electronic check,20.31,1234.9,Yes
5567-SCW,Male,0,Yes,No,12,Yes,Yes,Fiber optic,Yes,No,Yes,No,No,Yes,One year,Yes,Credit card (automatic),103.72,1235.87,No
3741-TFD,Female,0,No,No,69,Yes,No,No,No internet service,No internet service,No internet service,No internet service,No internet service,No internet service,Two year,Yes,Mailed check,19.67,1364.13,No
4020-UIK,Female,1,No,Yes,20,Yes,No,Fiber optic,Yes,Yes,Yes,Yes,Yes,Yes,Month-to-month,Yes,Bank transfer (automatic),92.98,1858.27,No
7256-VLR,Female,0,Yes,No,60,Yes,Yes,No,No internet service,No internet service,No internet service,No internet service,No internet service,No internet service,One year,Yes,Credit card (automatic),24.15,1456.49,No
1228-WOY,Male,0,Yes,No,13,Yes,Yes,No,No internet service,No internet service,No internet service,No internet service,No internet service,No internet service,Month-to-month,No,Electronic check,18.42,238.29,Yes
9362-XRF,Male,0,Yes,No,70,Yes,No,DSL,No,No,Yes,Yes,No,No,Two year,Yes,Mailed check,78.39,5478.21,No
1294-YUM,Male,0,No,No,21,Yes,No,No,No internet service,No internet service,No internet service,No internet service,No internet service,No internet service,One year,Yes,Electronic check,24.09,496.84,No
5284-ZXT,Male,1,No,Yes,31,No,No phone service,DSL,Yes,No,No,No,Yes,No,Two year,Yes,Bank transfer (automatic),73.54,2283.64,No
9617-AAA,Female,0,No,No,40,Yes,Yes,Fiber optic,Yes,No,No,Yes,No,No,Month-to-month,Yes,Electronic check,99.38,3979.77,No
7801-BDH,Female,0,Yes,Yes,31,Yes,No,No,No internet service,No internet service,No internet service,No internet service,No internet service,No internet service,Month-to-month,No,Mailed check,21.37,672.17,Yes
1918-CGO,Male,0,No,No,41,Yes,Yes,Fiber optic,No,No,No,Yes,No,No,Month-to-month,Yes,Credit card (automatic),102.5,4201.05,No
1498-DJV,Male,0,No,Yes,51,Yes,Yes,DSL,Yes,No,No,No,No,Yes,One year,No,Electronic check,77.07,3936.85,No
3809-EMC,Male,0,No,Yes,53,Yes,No,Fiber optic,No,No,No,No,Yes,No,Two year,No,Credit card (automatic),81.39,4309.6,No
5961-FPJ,Male,0,No,No,61,Yes,No,Fiber optic,Yes,Yes,No,Yes,No,No,Month-to-month,Yes,Mailed check,114.35,6970.17,Yes
4779-GSQ,Female,0,Yes,Yes,42,Yes,Yes,DSL,No,No,No,Yes,No,No,Month-to-month,Yes,Electronic check,55.7,2329.96,Yes
3118-HVX,Female,0,No,No,2,Yes,No,Fiber optic,No,No,Yes,No,Yes,No,Month-to-month,Yes,Electronic check,70.66,141.96,Yes
7391-IYE,Male,0,No,No,37,No,No phone service,DSL,No,No,Yes,No,No,No,One year,Yes,Mailed check,72.25,2668.05,No
1145-JBL,Female,0,No,Yes,38,Yes,Yes,Fiber optic,No,No,Yes,No,No,Yes,Month-to-month,Yes,Electronic check,114.72,4361.35,Yes
8942-KES,Female,1,No,No,69,Yes,No,No,No internet service,No internet service,No internet service,No internet service,No internet service,No internet service,Two year,Yes,Mailed check,24.11,1660.11,No
5565-LHZ,Male,0,Yes,No,44,Yes,Yes,Fiber optic,Yes,No,Yes,No,No,Yes,One year,No,Mailed check,79.28,3492.81,Yes
1192-MKG,Female,0,Yes,No,45,Yes,Yes,Fiber optic,Yes,No,No,Yes,No,No,Month-to-month,Yes,Electronic check,116.43,5242.28,No
6187-NNN,Male,0,No,No,12,Yes,No,Fiber optic,No,No,Yes,Yes,No,No,Two year,No,Bank transfer (automatic),115.84,1398.87,No
7637-OQU,Female,0,Yes,Yes,51,Yes,No,DSL,No,No,Yes,Yes,No,No,Month-to-month,Yes,Mailed check,70.77,3608.91,No
9243-PTB,Male,0,No,Yes,8,Yes,Yes,Fiber optic,Yes,No,Yes,Yes,No,Yes,Two year,Yes,Bank transfer (automatic),82.46,654.85,No
3410-QWI,Male,0,No,No,56,Yes,Yes,DSL,No,No,No,No,Yes,Yes,Month-to-month,No,Credit card (automatic),61.16,3423.68,No
2820-RZP,Male,0,Yes,Yes,68,Yes,Yes,DSL,Yes,No,No,No,No,No,Month-to-month,Yes,Electronic check,65.95,4493.66,No
3964-SCW,Female,0,No,No,42,Yes,No,Fiber optic,No,Yes,No,No,No,Yes,One year,Yes,Mailed check,95.69,4021.0,No
3521-TFD,Female,1,No,Yes,6,Yes,No,No,No internet service,No internet service,No internet service,No internet service,No internet service,No internet service,One year,Yes,Credit card (automatic),22.16,135.3,No
3568-UIK,Female,1,Yes,No,43,Yes,No,Fiber optic,No,No,No,No,Yes,Yes,One year,Yes,Bank transfer (automatic),82.48,3555.69,Yes
6882-VLR,Female,0,Yes,No,43,No,No phone service,No,No internet service,No internet service,No internet service,No internet service,No internet service,No internet service,Month-to-month,Yes,Electronic check,19.54,849.65,No
2867-WOY,Male,0,No,No,67,Yes,No,No,No internet service,No internet service,No internet service,No internet service,No internet service,No internet service,Month-to-month,Yes,Bank transfer (automatic),24.83,1672.4,No
8465-XRF,Female,0,No,No,43,Yes,No,Fiber optic,Yes,No,No,No,Yes,No,Two year,No,Mailed check,75.99,3267.97,No
8602-YUM,Female,0,No,No,39,Yes,Yes,DSL,No,No,Yes,No,No,No,Month-to-month,Yes,Credit card (automatic),57.32,2239.82,No
4199-ZXT,Female,0,No,No,42,Yes,Yes,DSL,No,Yes,Yes,Yes,Yes,Yes,Month-to-month,No,Electronic check,83.79,3516.58,No
7103-AAA,Male,0,Yes,No,61,Yes,Yes,Fiber optic,No,Yes,Yes,No,Yes,No,Month-to-month,No,Electronic check,105.19,6425.04,Yes
1240-BDH,Female,0,No,No,42,Yes,Yes,Fiber optic,Yes,No,Yes,No,Yes,Yes,Month-to-month,No,Credit card (automatic),97.43,4099.72,No
4440-CGO,Male,1,Yes,No,18,Yes,Yes,No,No internet service,No internet service,No internet service,No internet service,No internet service,No internet service,Month-to-month,Yes,Mailed check,18.34,334.1,Yes
5631-DJV,Male,0,Yes,No,48,Yes,No,Fiber optic,Yes,Yes,Yes,Yes,Yes,Yes,Month-to-month,No,Bank transfer (automatic),112.49,5392.47,Yes
9274-EMC,Male,0,Yes,Yes,64,Yes,No,No,No internet service,No internet service,No internet service,No internet service,No internet service,No internet service,Month-to-month,Yes,Credit card (automatic),23.4,1494.76,Yes
6077-FPJ,Male,1,Yes,Yes,24,Yes,Yes,Fiber optic,No,Yes,No,No,No,No,Month-to-month,No,Electronic check,74.92,1806.76,No
4768-GSQ,Female,0,No,Yes,40,Yes,No,DSL,No,No,No,No,No,No,Month-to-month,No,Electronic check,77.2,3094.16,No
8995-HVX,Male,1,Yes,No,22,No,No phone service,Fiber optic,Yes,No,No,No,Yes,Yes,One year,Yes,Electronic check,82.77,1813.48,No
9802-IYE,Male,0,Yes,No,57,No,No phone service,No,No internet service,No internet service,No internet service,No internet service,No internet service,No internet service,Month-to-month,Yes,Electronic check,23.71,1360.63,No
7429-JBL,Male,1,Yes,No,42,Yes,No,DSL,No,Yes,No,Yes,No,No,Two year,Yes,Credit card (automatic),78.55,3291.33,No
4605-KES,Male,0,No,No,39,Yes,No,DSL,Yes,No,Yes,No,No,Yes,Month-to-month,Yes,Bank transfer (automatic),61.78,2399.73,Yes
3173-LHZ,Female,0,Yes,Yes,29,Yes,Yes,Fiber optic,Yes,No,Yes,Yes,No,Yes,Month-to-month,No,Bank transfer (automatic),73.9,2142.5,Yes
7568-MKG,Female,0,Yes,No,33,No,No phone service,DSL,No,Yes,Yes,No,No,No,Month-to-month,No,Credit card (automatic),66.96,2217.81,No
3601-NNN,Male,1,No,No,9,Yes,No,Fiber optic,No,No,No,Yes,No,Yes,Month-to-month,No,Credit card (automatic),96.99,865.48,Yes
3657-OQU,Male,0,Yes,No,59,Yes,Yes,Fiber optic,No,No,Yes,No,No,Yes,Two year,Yes,Credit card (automatic),109.23,6435.63,No
7080-PTB,Female,0,Yes,Yes,0,Yes,No,Fiber optic,No,No,No,No,Yes,Yes,One year,Yes,Bank transfer (automatic),74.51, ,No
8325-QWI,Female,0,No,Yes,11,Yes,Yes,No,No internet service,No internet service,No internet service,No internet service,No internet service,No internet service,Two year,Yes,Mailed check,22.97,258.49,No
3159-RZP,Female,1,Yes,Yes,45,Yes,Yes,DSL,No,No,No,No,No,No,Month-to-month,No,Electronic check,78.59,3536.07,Yes
4830-SCW,Male,0,Yes,No,16,Yes,No,Fiber optic,No,No,No,No,No,No,One year,Yes,Credit card (automatic),95.73,1541.68,Yes
9313-TFD,Male,0,No,No,57,Yes,Yes,DSL,Yes,No,No,Yes,Yes,No,Month-to-month,Yes,Electronic check,56.78,3228.92,No
5368-UIK,Male,0,No,No,37,Yes,Yes,DSL,No,Yes,Yes,No,Yes,Yes,One year,Yes,Electronic check,54.05,1990.8,No
2317-VLR,Female,0,No,No,5,Yes,No,DSL,No,No,No,No,No,No,Two year,No,Bank transfer (automatic),56.86,280.06,Yes
5493-WOY,Female,0,Yes,Yes,61,Yes,No,DSL,No,No,Yes,No,No,Yes,Month-to-month,Yes,Credit card (automatic),80.7,4914.76,No
2230-XRF,Female,0,No,No,9,No,No phone service,Fiber optic,No,No,No,Yes,No,No,Month-to-month,No,Bank transfer (automatic),104.0,927.48,Yes
2133-YUM,Female,0,No,No,25,Yes,Yes,Fiber optic,No,No,No,No,Yes,No,One year,Yes,Mailed check,102.41,2570.18,No
8607-ZXT,Male,0,Yes,No,57,Yes,No,No,No internet service,No internet service,No internet service,No internet service,No internet service,No internet service,Two year,Yes,Credit card (automatic),18.73,1075.75,No
2301-AAA,Female,1,Yes,No,16,Yes,No,No,No internet service,No internet service,No internet service,No internet service,No internet service,No internet service,Month-to-month,Yes,Electronic check,22.39,358.79,No
2910-BDH,Male,0,No,No,52,Yes,Yes,Fiber optic,No,No,No,Yes,No,No,One year,Yes,Electronic check,111.91,5810.04,Yes
9082-CGO,Male,0,Yes,Yes,4,No,No phone service,Fiber optic,Yes,Yes,No,Yes,No,No,Month-to-month,Yes,Mailed check,79.34,324.28,No
9107-DJV,Male,0,Yes,No,66,Yes,Yes,DSL,Yes,Yes,Yes,No,No,No,Month-to-month,Yes,Credit card (automatic),54.65,3604.25,No
8970-EMC,Female,0,Yes,Yes,19,Yes,No,Fiber optic,Yes,No,No,No,Yes,No,Month-to-month,No,Electronic check,117.55,2238.02,No
2916-FPJ,Female,1,Yes,Yes,50,Yes,No,Fiber optic,No,No,No,No,No,Yes,Two year,No,Mailed check,96.61,4835.35,No
7996-GSQ,Female,0,Yes,Yes,45,Yes,No,Fiber optic,Yes,No,No,No,No,Yes,Two year,No,Electronic check,104.58,4713.75,No
3757-HVX,Male,0,Yes,Yes,66,Yes,Yes,Fiber optic,No,No,No,Yes,Yes,Yes,One year,No,Electronic check,86.46,5716.34,No
7464-IYE,Male,0,Yes,No,2,Yes,No,Fiber optic,No,No,Yes,No,No,Yes,Month-to-month,Yes,Credit card (automatic),83.16,174.57,Yes
1178-JBL,Female,0,No,No,22,Yes,Yes,DSL,No,No,Yes,No,No,Yes,Month-to-month,No,Electronic check,46.17,1021.16,No
7362-KES,Female,0,Yes,No,8,Yes,Yes,Fiber optic,No,No,No,No,No,No,One year,No,Electronic check,80.09,637.61,No
9683-LHZ,Male,1,Yes,No,10,No,No phone service,Fiber optic,No,No,Yes,Yes,No,No,Month-to-month,Yes,Electronic check,101.25,1020.47,Yes
1060-MKG,Male,1,No,No,46,Yes,Yes,Fiber optic,No,No,No,No,No,No,Month-to-month,No,Mailed check,85.16,3913.19,No
7681-NNN,Male,0,No,Yes,48,Yes,Yes,DSL,No,No,Yes,No,No,No,Month-to-month,No,Mailed check,50.25,2414.98,Yes
3895-OQU,Female,0,Yes,No,43,Yes,Yes,DSL,No,No,No,Yes,Yes,No,Month-to-month,No,Electronic check,47.63,2057.83,Yes
1585-PTB,Female,0,Yes,No,12,Yes,Yes,DSL,No,No,Yes,Yes,No,No,Month-to-month,Yes,Credit card (automatic),79.35,960.19,No
6823-QWI,Female,0,No,No,7,No,No phone service,No,No internet service,No internet service,No internet service,No internet service,No internet service,No internet service,Month-to-month,No,Credit card (automatic),21.52,151.81,Yes
1534-RZP,Female,0,No,No,62,Yes,Yes,No,No internet service,No internet service,No internet service,No internet service,No internet service,No internet service,Month-to-month,Yes,Mailed check,20.85,1285.06,No
4462-SCW,Male,0,Yes,No,21,Yes,No,Fiber optic,No,Yes,No,No,No,No,Month-to-month,No,Electronic check,79.42,1673.58,No
5011-TFD,Female,0,Yes,No,37,Yes,No,No,No internet service,No internet service,No internet service,No internet service,No internet service,No internet service,Month-to-month,Yes,Electronic check,21.5,796.83,Yes
4398-UIK,Female,0,No,No,26,Yes,No,Fiber optic,No,No,No,Yes,Yes,No,Month-to-month,Yes,Mailed check,114.76,2985.39,Yes
3155-VLR,Male,0,Yes,No,25,Yes,No,Fiber optic,Yes,No,No,Yes,Yes,No,Two year,Yes,Credit card (automatic),89.19,2230.59,No
6966-WOY,Female,0,No,No,22,Yes,Yes,DSL,No,No,No,No,No,Yes,Month-to-month,No,Mailed check,46.83,1026.86,No
8329-XRF,Male,0,No,No,64,Yes,No,Fiber optic,No,No,Yes,Yes,Yes,No,Month-to-month,Yes,Mailed check,107.12,6848.02,Yes
7957-YUM,Female,0,Yes,No,46,Yes,Yes,DSL,Yes,Yes,No,Yes,Yes,Yes,Month-to-month,Yes,Credit card (automatic),53.44,2453.94,Yes
6325-ZXT,Male,0,Yes,Yes,60,No,No phone service,Fiber optic,No,Yes,No,No,No,No,Month-to-month,Yes,Credit card (automatic),104.69,6287.39,No
9518-AAA,Female,0,No,Yes,45,Yes,No,Fiber optic,Yes,Yes,No,No,No,Yes,One year,No,Mailed check,106.18,4769.55,Yes
5703-BDH,Male,0,No,No,3,Yes,No,Fiber optic,No,No,No,Yes,No,No,Month-to-month,No,Credit card (automatic),109.28,331.01,No
3706-CGO,Female,1,No,Yes,30,No,No phone service,DSL,No,No,No,Yes,No,Yes,One year,No,Electronic check,52.91,1583.66,No
1001-DJV,Female,0,No,Yes,3,No,No phone service,Fiber optic,Yes,No,Yes,No,Yes,Yes,One year,Yes,Electronic check,77.48,228.87,Yes
9316-EMC,Male,0,Yes,No,28,Yes,No,DSL,Yes,No,No,No,Yes,Yes,Month-to-month,Yes,Mailed check,57.29,1604.58,No
2104-FPJ,Female,0,No,Yes,72,Yes,No,No,No internet service,No internet service,No internet service,No internet service,No internet service,No internet service,Two year,Yes,Mailed check,22.87,1644.54,No
2861-GSQ,Female,0,No,No,43,Yes,Yes,Fiber optic,No,Yes,No,Yes,No,Yes,Month-to-month,No,Electronic check,116.26,5005.78,No
6269-HVX,Male,1,No,No,2,Yes,Yes,Fiber optic,No,No,No,Yes,No,Yes,Month-to-month,No,Mailed check,102.75,213.02,Yes
7943-IYE,Male,0,Yes,Yes,58,Yes,Yes,DSL,No,No,No,No,No,No,One year,No,Bank transfer (automatic),84.22,4890.83,No
9320-JBL,Female,0,No,No,52,Yes,No,DSL,No,No,No,Yes,Yes,No,Two year,Yes,Electronic check,69.53,3623.88,No
1437-KES,Female,0,No,Yes,10,No,No phone service,DSL,No,No,No,No,Yes,No,Month-to-month,Yes,Mailed check,83.47,835.15,Yes
5846-LHZ,Female,0,No,Yes,5,Yes,Yes,DSL,No,Yes,No,No,Yes,Yes,One year,No,Electronic check,73.69,365.23,Yes
4129-MKG,Female,0,No,Yes,46,Yes,Yes,No,No internet service,No internet service,No internet service,No internet service,No internet service,No internet service,Month-to-month,Yes,Credit card (automatic),20.56,940.89,Yes
9081-NNN,Male,1,Yes,No,6,Yes,No,No,No internet service,No internet service,No internet service,No internet service,No internet service,No internet service,Month-to-month,Yes,Bank transfer (automatic),22.84,143.51,Yes
1901-OQU,Male,0,Yes,No,67,Yes,No,Fiber optic,Yes,No,Yes,No,No,Yes,Month-to-month,No,Electronic check,78.55,5258.28,No
6398-PTB,Female,0,No,No,0,Yes,Yes,DSL,No,Yes,Yes,No,Yes,Yes,Month-to-month,Yes,Electronic check,61.05, ,Yes
7678-QWI,Male,0,No,No,55,Yes,Yes,Fiber optic,No,No,No,No,No,No,Month-to-month,No,Mailed check,86.89,4782.86,No
6529-RZP,Male,1,Yes,Yes,42,Yes,No,Fiber optic,Yes,Yes,Yes,No,No,No,Two year,No,Electronic check,108.84,4568.27,No
7604-SCW,Male,0,Yes,No,27,Yes,Yes,No,No internet service,No internet service,No internet service,No internet service,No internet service,No internet service,Two year,Yes,Mailed check,24.05,649.93,No
4918-TFD,Female,0,No,No,28,Yes,Yes,Fiber optic,No,Yes,No,No,No,No,Month-to-month,Yes,Mailed check,106.92,3000.77,Yes
2067-UIK,Female,0,No,Yes,17,Yes,No,Fiber optic,No,Yes,Yes,Yes,No,No,One year,No,Mailed check,110.93,1879.1,No
1026-VLR,Male,0,No,No,72,Yes,No,DSL,No,Yes,No,Yes,No,No,Month-to-month,No,Mailed check,47.18,3393.08,Yes
7937-WOY,Female,0,Yes,No,61,Yes,Yes,DSL,No,No,No,No,Yes,No,One year,No,Electronic check,78.31,4768.41,No
8264-XRF,Female,1,No,No,5,No,No phone service,DSL,Yes,No,No,No,No,No,Two year,No,Bank transfer (automatic),52.95,261.95,No
8118-YUM,Female,0,No,Yes,15,Yes,No,DSL,Yes,Yes,Yes,No,No,Yes,Month-to-month,Yes,Bank transfer (automatic),75.23,1132.4,Yes
1547-ZXT,Female,0,No,No,0,Yes,No,No,No internet service,No internet service,No internet service,No internet service,No internet service,No internet service,Month-to-month,Yes,Bank transfer (automatic),21.52, ,Yes
9758-AAA,Male,1,Yes,Yes,21,Yes,No,DSL,No,No,Yes,No,No,Yes,Month-to-month,Yes,Electronic check,54.12,1137.65,No
9895-BDH,Male,0,No,No,45,Yes,Yes,DSL,No,Yes,No,No,Yes,Yes,Month-to-month,Yes,Credit card (automatic),76.24,3427.65,Yes
6338-CGO,Female,0,Yes,Yes,61,Yes,Yes,DSL,No,Yes,No,Yes,Yes,No,Month-to-month,No,Mailed check,45.04,2746.19,No
4140-DJV,Female,0,Yes,No,22,Yes,Yes,DSL,No,No,Yes,No,No,No,Month-to-month,No,Electronic check,84.6,1855.79,Yes
8996-EMC,Male,1,No,No,20,Yes,Yes,DSL,No,No,Yes,Yes,Yes,No,Month-to-month,Yes,Electronic check,65.07,1304.13,No
2590-FPJ,Female,0,Yes,No,50,Yes,Yes,Fiber optic,No,Yes,Yes,No,No,Yes,Month-to-month,Yes,Bank transfer (automatic),90.65,4525.76,No
8776-GSQ,Male,0,Yes,Yes,37,Yes,No,Fiber optic,Yes,No,Yes,No,No,No,Two year,Yes,Credit card (automatic),97.4,3599.36,Yes
5943-HVX,Male,0,Yes,No,27,Yes,Yes,Fiber optic,No,Yes,Yes,No,No,No,Two year,No,Electronic check,113.13,3058.84,No
9997-IYE,Female,0,No,No,43,Yes,No,DSL,No,No,No,No,No,No,Two year,No,Bank transfer (automatic),55.62,2387.96,No
8798-JBL,Male,0,Yes,No,38,Yes,No,DSL,No,No,No,Yes,No,No,Two year,Yes,Electronic check,54.3,2068.3,No
4791-KES,Male,1,No,Yes,41,Yes,No,Fiber optic,No,Yes,Yes,Yes,Yes,No,Month-to-month,Yes,Bank transfer (automatic),105.6,4322.29,Yes
2357-LHZ,Female,0,No,No,41,Yes,Yes,No,No internet service,No internet service,No internet service,No internet service,No internet service,No internet service,Two year,Yes,Electronic check,21.18,872.52,No
9092-MKG,Female,0,No,Yes,59,Yes,No,DSL,No,No,No,No,No,Yes,Month-to-month,Yes,Credit card (automatic),64.36,3796.7,No
4225-NNN,Male,0,Yes,No,56,Yes,No,Fiber optic,Yes,Yes,Yes,No,No,No,Month-to-month,Yes,Electronic check,93.76,5250.8,No
3460-OQU,Female,0,No,No,6,Yes,No,Fiber optic,Yes,Yes,Yes,Yes,Yes,No,Month-to-month,Yes,Mailed check,109.2,654.54,Yes
9737-PTB,Male,0,Yes,No,50,Yes,No,Fiber optic,No,No,No,No,Yes,Yes,One year,Yes,Mailed check,80.78,4034.22,Yes
3728-QWI,Male,0,Yes,No,31,Yes,No,Fiber optic,No,Yes,No,No,Yes,No,Two year,Yes,Bank transfer (automatic),85.15,2642.51,No
7726-RZP,Female,0,No,No,6,Yes,Yes,Fiber optic,No,Yes,Yes,No,No,No,Month-to-month,Yes,Electronic check,92.84,553.36,Yes
8481-SCW,Female,1,No,No,39,Yes,Yes,Fiber optic,Yes,No,Yes,No,Yes,No,Month-to-month,Yes,Credit card (automatic),75.31,2936.02,Yes
7430-TFD,Male,1,Yes,Yes,14,Yes,No,No,No internet service,No internet service,No internet service,No internet service,No internet service,No internet service,Month-to-month,Yes,Electronic check,19.94,274.78,No
4114-UIK,Female,0,No,Yes,58,Yes,No,DSL,No,Yes,Yes,No,No,No,Month-to-month,Yes,Mailed check,76.48,4433.44,Yes
1616-VLR,Male,0,No,Yes,11,Yes,Yes,DSL,No,No,Yes,No,No,No,Month-to-month,Yes,Mailed check,65.85,714.41,No
4644-WOY,Male,0,No,Yes,41,Yes,Yes,DSL,No,No,No,No,Yes,No,Month-to-month,No,Electronic check,69.2,2837.24,No
7413-XRF,Male,1,Yes,No,38,Yes,Yes,Fiber optic,No,Yes,No,Yes,No,Yes,One year,Yes,Credit card (automatic),86.36,3281.89,No
2203-YUM,Female,0,No,No,62,Yes,No,Fiber optic,Yes,No,Yes,Yes,No,Yes,One year,No,Bank transfer (automatic),99.29,6156.47,No
3565-ZXT,Male,0,Yes,Yes,1,Yes,Yes,No,No internet service,No internet service,No internet service,No internet service,No internet service,No internet service,Month-to-month,Yes,Mailed check,20.67,20.32,Yes
4174-AAA,Male,0,No,No,28,Yes,Yes,Fiber optic,No,Yes,No,Yes,No,Yes,Month-to-month,Yes,Bank transfer (automatic),83.35,2332.32,No
4081-BDH,Male,0,Yes,No,60,Yes,No,No,No internet service,No internet service,No internet service,No internet service,No internet service,No internet service,Month-to-month,No,Mailed check,20.66,1242.9,Yes
3630-CGO,Female,0,No,No,28,Yes,Yes,DSL,No,Yes,No,Yes,Yes,Yes,Month-to-month,Yes,Bank transfer (automatic),81.96,2288.91,No
4161-DJV,Male,0,No,Yes,37,No,No phone service,Fiber optic,No,No,No,Yes,No,No,Month-to-month,No,Electronic check,98.31,3638.96,Yes
5321-EMC,Male,0,No,Yes,6,Yes,No,Fiber optic,Yes,No,Yes,No,Yes,No,One year,Yes,Credit card (automatic),91.19,555.15,Yes
9861-FPJ,Female,0,No,Yes,29,Yes,Yes,DSL,Yes,No,No,No,No,No,Month-to-month,No,Electronic check,75.98,2195.81,No
7269-GSQ,Male,0,Yes,No,55,Yes,Yes,Fiber optic,Yes,Yes,No,No,Yes,No,Month-to-month,Yes,Mailed check,75.17,4127.4,No
8099-HVX,Female,0,Yes,No,35,Yes,No,Fiber optic,No,No,No,Yes,No,No,Month-to-month,Yes,Credit card (automatic),97.23,3410.38,No
8376-IYE,Female,0,No,No,41,Yes,No,Fiber optic,No,No,No,Yes,Yes,No,Two year,Yes,Electronic check,84.64,3478.37,No
5078-JBL,Male,0,No,No,3,Yes,Yes,DSL,No,Yes,Yes,Yes,No,No,Month-to-month,No,Electronic check,58.45,180.74,Yes
6801-KES,Female,1,Yes,No,4,Yes,Yes,Fiber optic,Yes,No,No,No,No,No,One year,Yes,Bank transfer (automatic),96.58,377.72,Yes
5151-LHZ,Male,0,Yes,No,45,Yes,No,Fiber optic,No,No,No,Yes,Yes,No,One year,No,Credit card (automatic),105.04,4718.87,No
9911-MKG,Male,0,No,Yes,1,Yes,No,Fiber optic,Yes,No,No,No,No,Yes,Two year,No,Credit card (automatic),111.75,119.23,Yes
3600-NNN,Female,0,No,No,53,Yes,No,No,No internet service,No internet service,No internet service,No internet service,No internet service,No internet service,Month-to-month,No,Electronic check,24.99,1334.42,Yes
7175-OQU,Female,0,Yes,No,58,Yes,Yes,DSL,Yes,No,Yes,Yes,Yes,Yes,One year,Yes,Electronic check,57.16,3321.94,No
1666-PTB,Male,0,Yes,No,32,Yes,No,DSL,Yes,Yes,Yes,No,Yes,No,Month-to-month,Yes,Credit card (automatic),57.5,1848.78,No
1283-QWI,Male,0,No,No,21,Yes,Yes,Fiber optic,No,Yes,Yes,No,Yes,Yes,Month-to-month,Yes,Electronic check,118.33,2493.36,No
6840-RZP,Male,0,No,No,46,Yes,No,No,No internet service,No internet service,No internet service,No internet service,No internet service,No internet service,Two year,Yes,Electronic check,21.09,965.59,No
4565-SCW,Male,0,No,No,5,Yes,Yes,Fiber optic,No,Yes,No,Yes,No,No,Two year,No,Mailed check,96.64,481.86,Yes
5593-TFD,Female,0,No,No,23,Yes,Yes,Fiber optic,Yes,Yes,Yes,No,No,No,Month-to-month,Yes,Electronic check,103.97,2398.44,No
2465-UIK,Female,0,No,Yes,48,Yes,No,DSL,No,No,Yes,Yes,Yes,No,One year,No,Electronic check,77.24,3705.8,No
9321-VLR,Male,0,No,No,50,No,No phone service,DSL,No,No,No,No,Yes,No,Two year,No,Electronic check,66.53,3322.8,No
5734-WOY,Male,0,No,No,40,Yes,Yes,Fiber optic,Yes,No,Yes,No,No,Yes,Month-to-month,Yes,Credit card (automatic),82.2,3279.56,Yes
7257-XRF,Female,0,No,No,66,Yes,Yes,DSL,No,No,No,Yes,No,Yes,Two year,Yes,Mailed check,48.62,3204.7,No
8366-YUM,Male,1,No,No,1,Yes,Yes,No,No internet service,No internet service,No internet service,No internet service,No internet service,No internet service,Month-to-month,Yes,Credit card (automatic),23.48,33.16,Yes
4672-ZXT,Male,0,Yes,Yes,42,Yes,No,Fiber optic,Yes,No,No,Yes,No,Yes,Two year,Yes,Mailed check,74.19,3124.57,No
8382-AAA,Male,0,Yes,No,31,Yes,No,DSL,No,No,No,No,No,No,Month-to-month,Yes,Credit card (automatic),51.79,1612.34,No
7587-BDH,Female,0,No,No,11,Yes,No,DSL,No,No,No,Yes,No,Yes,Month-to-month,Yes,Electronic check,52.46,582.24,No
1992-CGO,Male,0,Yes,No,22,Yes,No,Fiber optic,No,Yes,No,Yes,Yes,No,One year,Yes,Electronic check,71.7,1572.79,Yes
7858-DJV,Male,0,Yes,Yes,15,No,No phone service,Fiber optic,No,No,No,Yes,No,No,Two year,Yes,Mailed check,111.45,1666.93,No
3121-EMC,Male,0,No,Yes,43,Yes,Yes,No,No internet service,No internet service,No internet service,No internet service,No internet service,No internet service,Month-to-month,No,Electronic check,23.73,1020.34,Yes
3223-FPJ,Male,0,No,No,1,Yes,No,Fiber optic,No,No,Yes,Yes,No,No,One year,Yes,Mailed check,83.17,84.44,No
5522-GSQ,Male,1,Yes,No,6,Yes,No,Fiber optic,Yes,No,Yes,Yes,No,No,Two year,Yes,Bank transfer (automatic),108.4,648.47,No
4188-HVX,Male,1,No,Yes,20,Yes,No,Fiber optic,No,Yes,No,Yes,No,No,Month-to-month,Yes,Electronic check,88.27,1766.6,Yes
4237-IYE,Male,0,Yes,No,57,Yes,Yes,No,No internet service,No internet service,No internet service,No internet service,No internet service,No internet service,Month-to-month,No,Mailed check,18.82,1072.32,No
5136-JBL,Female,0,Yes,Yes,22,Yes,Yes,DSL,Yes,No,No,Yes,Yes,No,Month-to-month,Yes,Credit card (automatic),65.11,1434.76,No
1343-KES,Female,0,No,No,59,Yes,Yes,Fiber optic,No,No,No,No,No,No,Two year,Yes,Bank transfer (automatic),83.15,4906.39,No
5704-LHZ,Male,0,No,No,24,Yes,Yes,DSL,No,No,Yes,No,No,No,One year,Yes,Mailed check,48.19,1150.91,Yes
5823-MKG,Female,1,No,No,34,Yes,Yes,DSL,No,Yes,No,Yes,No,No,Two year,No,Bank transfer (automatic),53.99,1836.22,No
5920-NNN,Female,0,Yes,No,44,Yes,No,No,No internet service,No internet service,No internet service,No internet service,No internet service,No internet service,Month-to-month,Yes,Credit card (automatic),20.04,882.33,Yes
4201-OQU,Female,1,Yes,Yes,6,Yes,Yes,DSL,No,No,Yes,No,No,No,Month-to-month,Yes,Credit card (automatic),66.89,392.59,Yes
6471-PTB,Female,0,No,Yes,68,Yes,No,DSL,No,Yes,No,No,Yes,No,One year,Yes,Electronic check,68.94,4683.15,No
1888-QWI,Female,0,Yes,Yes,31,Yes,Yes,Fiber optic,Yes,No,Yes,Yes,No,Yes,Two year,No,Electronic check,77.27,2397.36,No
8127-RZP,Female,0,Yes,No,52,Yes,No,Fiber optic,No,No,Yes,Yes,No,No,Month-to-month,No,Electronic check,108.01,5614.92,No
4720-SCW,Male,0,No,Yes,68,Yes,Yes,DSL,No,No,No,No,No,Yes,Month-to-month,No,Credit card (automatic),82.33,5604.49,Yes
3883-TFD,Male,0,No,No,24,Yes,Yes,Fiber optic,Yes,Yes,No,No,No,No,Month-to-month,Yes,Mailed check,81.23,1940.76,Yes
5212-UIK,Male,0,No,No,1,Yes,Yes,DSL,No,Yes,No,No,Yes,Yes,Month-to-month,Yes,Bank transfer (automatic),45.3,37.84,Yes
7961-VLR,Female,0,No,No,60,Yes,Yes,DSL,No,No,No,No,No,No,One year,Yes,Bank transfer (automatic),78.21,4702.25,No
3415-WOY,Male,0,Yes,No,8,Yes,Yes,No,No internet service,No internet service,No internet service,No internet service,No internet service,No internet service,Month-to-month,Yes,Bank transfer (automatic),23.22,188.33,Yes
4001-XRF,Male,0,No,No,50,Yes,No,Fiber optic,Yes,Yes,Yes,Yes,No,Yes,Month-to-month,No,Electronic check,83.77,4190.62,No
2738-YUM,Male,0,No,Yes,1,No,No phone service,Fiber optic,Yes,No,Yes,No,No,No,Month-to-month,Yes,Mailed check,95.07,100.41,Yes
2364-ZXT,Female,0,Yes,Yes,44,No,No phone service,Fiber optic,Yes,No,No,Yes,Yes,No,Month-to-month,No,Mailed check,105.01,4616.9,Yes
3708-AAA,Female,0,Yes,No,31,Yes,Yes,Fiber optic,No,No,No,Yes,Yes,No,Month-to-month,No,Bank transfer (automatic),80.59,2501.43,No
1924-BDH,Male,0,No,No,71,Yes,Yes,No,No internet service,No internet service,No internet service,No internet service,No internet service,No internet service,Two year,Yes,Credit card (automatic),20.15,1429.74,No
1151-CGO,Male,0,Yes,Yes,31,Yes,Yes,DSL,Yes,Yes,No,Yes,Yes,Yes,One year,Yes,Electronic check,70.9,2195.13,No
9777-DJV,Male,0,No,No,7,Yes,Yes,DSL,Yes,No,Yes,No,No,No,One year,No,Electronic check,62.16,428.53,Yes
9044-EMC,Male,0,No,No,19,Yes,No,Fiber optic,No,Yes,No,No,No,Yes,Month-to-month,No,Bank transfer (automatic),73.17,1381.91,Yes
1912-FPJ,Female,0,No,No,64,Yes,No,DSL,Yes,No,No,No,Yes,Yes,One year,Yes,Credit card (automatic),65.94,4210.47,No
3321-GSQ,Male,0,No,Yes,20,Yes,No,DSL,No,No,No,Yes,No,No,One year,No,Electronic check,79.47,1585.44,No
1495-HVX,Female,0,No,No,6,Yes,No,Fiber optic,No,No,No,No,Yes,No,Two year,No,Mailed check,86.6,509.94,No
3148-IYE,Male,0,Yes,No,8,Yes,Yes,DSL,No,No,No,No,No,No,Two year,No,Mailed check,56.87,450.44,No
1556-JBL,Male,0,No,Yes,1,Yes,Yes,Fiber optic,Yes,No,Yes,No,Yes,No,Month-to-month,No,Bank transfer (automatic),72.45,74.95,Yes
2552-KES,Male,0,Yes,No,18,Yes,No,Fiber optic,Yes,Yes,No,Yes,No,Yes,Month-to-month,Yes,Mailed check,77.07,1380.34,Yes
3120-LHZ,Female,0,No,No,59,Yes,No,Fiber optic,Yes,No,No,Yes,No,No,One year,Yes,Bank transfer (automatic),74.62,4401.61,No
4085-MKG,Female,0,Yes,Yes,69,Yes,No,No,No internet service,No internet service,No internet service,No internet service,No internet service,No internet service,Two year,Yes,Mailed check,22.0,1510.95,No
4504-NNN,Male,0,Yes,No,58,Yes,Yes,Fiber optic,Yes,No,No,No,No,No,One year,No,Electronic check,88.38,5123.28,No
1156-OQU,Male,0,Yes,No,68,Yes,Yes,DSL,Yes,No,Yes,Yes,Yes,No,Month-to-month,Yes,Mailed check,62.99,4290.66,No
9926-PTB,Male,1,No,No,44,Yes,Yes,Fiber optic,No,No,No,No,No,No,Month-to-month,Yes,Electronic check,106.98,4710.89,No
8505-QWI,Male,0,Yes,No,61,Yes,No,DSL,Yes,Yes,No,No,Yes,No,Month-to-month,Yes,Electronic check,84.93,5185.51,Yes
8162-RZP,Female,0,Yes,No,9,Yes,No,Fiber optic,No,No,No,Yes,No,No,One year,Yes,Bank transfer (automatic),115.76,1041.36,No
6523-SCW,Male,0,Yes,No,64,No,No phone service,No,No internet service,No internet service,No internet service,No internet service,No internet service,No internet service,Month-to-month,Yes,Mailed check,19.35,1246.64,No
8543-TFD,Male,0,Yes,No,25,Yes,No,DSL,No,Yes,No,No,Yes,No,Two year,Yes,Credit card (automatic),71.77,1787.21,No
9055-UIK,Male,0,No,No,59,Yes,Yes,No,No internet service,No internet service,No internet service,No internet service,No internet service,No internet service,Month-to-month,No,Mailed check,21.02,1232.58,Yes
5654-VLR,Female,0,No,No,17,Yes,Yes,DSL,Yes,Yes,No,Yes,Yes,Yes,Month-to-month,Yes,Bank transfer (automatic),46.99,795.19,No
7250-WOY,Male,0,Yes,No,58,Yes,Yes,Fiber optic,Yes,No,No,No,No,No,Two year,Yes,Bank transfer (automatic),97.22,5630.73,No
8246-XRF,Female,0,Yes,No,20,No,No phone service,Fiber optic,No,Yes,No,Yes,Yes,No,Two year,Yes,Credit card (automatic),85.98,1715.63,No
1154-YUM,Male,0,No,No,45,Yes,No,Fiber optic,No,Yes,Yes,Yes,No,No,Month-to-month,Yes,Mailed check,97.03,4367.69,No
8950-ZXT,Male,0,No,Yes,11,No,No phone service,No,No internet service,No internet service,No internet service,No internet service,No internet service,No internet service,Month-to-month,No,Mailed check,21.4,233.49,Yes
1996-AAA,Female,1,Yes,No,31,Yes,Yes,Fiber optic,No,Yes,No,No,Yes,No,Month-to-month,Yes,Bank transfer (automatic),84.31,2612.35,No
5626-BDH,Female,0,Yes,No,38,No,No phone service,Fiber optic,No,No,No,No,Yes,Yes,One year,Yes,Credit card (automatic),88.36,3350.91,No
3905-CGO,Male,0,Yes,No,54,Yes,Yes,DSL,No,Yes,No,No,No,No,Two year,No,Electronic check,77.64,4191.46,No
1153-DJV,Male,0,Yes,No,54,Yes,Yes,Fiber optic,Yes,No,No,No,Yes,No,One year,Yes,Electronic check,112.91,6105.56,No
8853-EMC,Female,1,No,No,9,Yes,No,Fiber optic,No,No,No,No,No,No,Month-to-month,Yes,Mailed check,85.08,756.98,Yes
7481-FPJ,Female,0,Yes,No,34,Yes,No,Fiber optic,No,No,Yes,Yes,Yes,No,One year,Yes,Bank transfer (automatic),100.24,3411.8,Yes
6599-GSQ,Male,0,No,No,5,Yes,No,Fiber optic,Yes,Yes,No,No,Yes,No,Month-to-month,Yes,Credit card (automatic),111.54,560.39,Yes
2716-HVX,Male,0,Yes,No,67,Yes,Yes,Fiber optic,No,Yes,Yes,No,No,Yes,Month-to-month,Yes,Bank transfer (automatic),108.54,7278.29,No
1786-IYE,Female,0,Yes,No,61,Yes,Yes,DSL,No,Yes,Yes,Yes,No,Yes,Two year,No,Electronic check,57.51,3510.17,No
5368-JBL,Male,0,No,No,8,No,No phone service,Fiber optic,No,Yes,No,Yes,No,No,Two year,Yes,Electronic check,76.75,611.95,Yes
9096-KES,Female,0,Yes,No,28,Yes,Yes,DSL,Yes,No,No,Yes,No,No,Two year,Yes,Mailed check,69.48,1951.28,No
5272-LHZ,Female,0,No,No,70,No,No phone service,DSL,No,No,Yes,Yes,No,No,One year,Yes,Bank transfer (automatic),46.78,3271.79,No
4767-MKG,Female,0,No,No,5,Yes,Yes,DSL,No,No,Yes,Yes,Yes,No,Month-to-month,Yes,Mailed check,77.67,383.4,No
9834-NNN,Male,0,No,No,43,Yes,No,DSL,No,Yes,Yes,No,No,Yes,Month-to-month,No,Mailed check,62.97,2708.53,No
6994-OQU,Female,0,Yes,No,63,Yes,No,Fiber optic,No,No,Yes,Yes,No,No,Month-to-month,Yes,Electronic check,105.06,6627.7,No
8216-PTB,Male,0,Yes,No,66,Yes,No,No,No internet service,No internet service,No internet service,No internet service,No internet service,No internet service,Two year,Yes,Bank transfer (automatic),19.45,1284.69,No
9857-QWI,Female,0,No,No,43,Yes,Yes,No,No internet service,No internet service,No internet service,No internet service,No internet service,No internet service,Month-to-month,Yes,Bank transfer (automatic),19.39,843.67,No
4426-RZP,Male,0,Yes,No,13,Yes,Yes,DSL,No,No,Yes,Yes,Yes,Yes,Month-to-month,No,Credit card (automatic),52.53,689.0,Yes
4783-SCW,Male,0,Yes,No,8,Yes,No,DSL,No,Yes,No,Yes,Yes,No,Month-to-month,Yes,Bank transfer (automatic),75.69,612.74,No
6427-TFD,Male,0,Yes,No,22,Yes,No,No,No internet service,No internet service,No internet service,No internet service,No internet service,No internet service,Month-to-month,No,Mailed check,20.11,446.76,Yes
8011-UIK,Male,0,No,Yes,56,Yes,No,DSL,Yes,No,Yes,No,No,No,Month-to-month,Yes,Credit card (automatic),82.77,4632.24,No
9052-VLR,Male,0,Yes,No,56,Yes,No,DSL,No,Yes,Yes,No,Yes,Yes,One year,Yes,Electronic check,46.91,2626.64,No
4701-WOY,Male,0,No,No,14,Yes,No,DSL,No,No,No,No,No,No,Two year,Yes,Electronic check,70.21,987.18,No
3349-XRF,Female,1,No,No,63,Yes,Yes,Fiber optic,Yes,No,Yes,No,No,No,One year,No,Bank transfer (automatic),108.86,6854.13,No
8011-YUM,Female,0,Yes,No,6,Yes,No,DSL,No,Yes,Yes,No,No,No,Month-to-month,No,Mailed check,66.55,406.39,Yes
8055-ZXT,Male,0,No,No,19,Yes,Yes,Fiber optic,Yes,Yes,No,Yes,Yes,Yes,Month-to-month,No,Bank transfer (automatic),70.41,1337.56,Yes
2212-AAA,Female,0,Yes,No,63,Yes,No,Fiber optic,No,No,Yes,No,No,No,One year,No,Credit card (automatic),115.33,7269.36,No
7965-BDH,Female,0,Yes,Yes,18,No,No phone service,No,No internet service,No internet service,No internet service,No internet service,No internet service,No internet service,Two year,Yes,Credit card (automatic),22.45,404.02,No
7704-CGO,Male,0,Yes,No,5,Yes,No,Fiber optic,No,Yes,No,No,No,No,One year,Yes,Credit card (automatic),117.1,594.81,Yes
8433-DJV,Female,0,No,No,50,Yes,Yes,DSL,Yes,Yes,No,No,No,Yes,Month-to-month,No,Mailed check,53.86,2691.76,No
3511-EMC,Male,0,Yes,Yes,38,Yes,No,Fiber optic,Yes,No,No,Yes,No,No,Month-to-month,Yes,Bank transfer (automatic),90.95,3454.53,Yes
1143-FPJ,Female,0,Yes,No,64,Yes,No,Fiber optic,No,Yes,Yes,Yes,Yes,Yes,One year,No,Bank transfer (automatic),87.29,5589.2,No
8367-GSQ,Male,0,No,Yes,70,Yes,No,DSL,No,No,No,No,No,No,One year,No,Electronic check,75.67,5289.28,No
4228-HVX,Male,1,Yes,No,24,Yes,Yes,DSL,Yes,No,No,No,Yes,No,Month-to-month,Yes,Mailed check,63.98,1539.77,Yes
5582-IYE,Male,0,No,No,22,Yes,No,DSL,No,No,No,No,No,Yes,One year,No,Mailed check,56.84,1241.44,No
7031-JBL,Female,0,Yes,No,57,Yes,Yes,No,No internet service,No internet service,No internet service,No internet service,No internet service,No internet service,Two year,No,Bank transfer (automatic),19.29,1108.08,No
5243-KES,Male,0,No,No,10,No,No phone service,No,No internet service,No internet service,No internet service,No internet service,No internet service,No internet service,Month-to-month,Yes,Bank transfer (automatic),21.37,214.38,Yes
3713-LHZ,Male,0,No,No,33,Yes,No,No,No internet service,No internet service,No internet service,No internet service,No internet service,No internet service,One year,No,Credit card (automatic),24.5,804.36,No
5185-MKG,Male,0,No,Yes,30,Yes,No,DSL,No,Yes,Yes,No,No,Yes,Month-to-month,Yes,Electronic check,65.67,1965.27,Yes
8328-NNN,Male,0,No,No,37,Yes,No,Fiber optic,No,Yes,Yes,No,Yes,Yes,One year,Yes,Bank transfer (automatic),73.45,2722.27,No
5633-OQU,Female,0,No,No,45,Yes,Yes,No,No internet service,No internet service,No internet service,No internet service,No internet service,No internet service,One year,Yes,Bank transfer (automatic),23.25,1037.96,No
4192-PTB,Male,0,Yes,Yes,11,Yes,No,No,No internet service,No internet service,No internet service,No internet service,No internet service,No internet service,Two year,Yes,Electronic check,23.16,263.3,No
1300-QWI,Male,0,No,No,8,Yes,No,DSL,No,Yes,Yes,No,No,No,Month-to-month,Yes,Bank transfer (automatic),45.55,364.53,Yes
1723-RZP,Female,0,No,No,12,Yes,No,Fiber optic,Yes,No,No,No,Yes,No,Month-to-month,Yes,Bank transfer (automatic),100.24,1206.55,Yes
6694-SCW,Male,0,Yes,Yes,63,Yes,No,Fiber optic,Yes,No,Yes,Yes,No,Yes,Month-to-month,Yes,Electronic check,115.8,7286.9,No
4010-TFD,Male,0,No,Yes,19,Yes,No,DSL,No,No,No,No,No,No,One year,No,Credit card (automatic),78.24,1481.45,Yes
6555-UIK,Male,0,Yes,No,58,Yes,No,DSL,No,Yes,No,Yes,No,Yes,Month-to-month,Yes,Mailed check,82.98,4802.94,No
1067-VLR,Female,1,Yes,No,21,Yes,Yes,Fiber optic,No,Yes,No,Yes,Yes,Yes,Month-to-month,No,Electronic check,75.88,1587.2,Yes
3506-WOY,Male,0,Yes,Yes,64,Yes,Yes,No,No internet service,No internet service,No internet service,No internet service,No internet service,No internet service,Two year,No,Mailed check,19.67,1259.95,No
2537-XRF,Male,0,No,No,59,Yes,No,DSL,No,Yes,Yes,No,Yes,No,Month-to-month,Yes,Mailed check,52.77,3113.41,No
1397-YUM,Male,0,No,No,40,Yes,Yes,DSL,No,No,No,No,No,Yes,Month-to-month,Yes,Electronic check,81.46,3264.0,No
6680-ZXT,Male,0,No,No,44,Yes,No,DSL,Yes,No,No,No,No,No,Month-to-month,No,Electronic check,58.1,2559.24,No
5825-AAA,Male,0,Yes,Yes,3,Yes,No,Fiber optic,Yes,Yes,Yes,No,Yes,Yes,One year,No,Bank transfer (automatic),89.47,272.82,No
9747-BDH,Male,0,No,No,69,Yes,Yes,No,No internet service,No internet service,No internet service,No internet service,No internet service,No internet service,Month-to-month,Yes,Electronic check,24.14,1660.57,No
7048-CGO,Male,0,No,Yes,44,Yes,No,Fiber optic,Yes,Yes,No,No,Yes,Yes,Month-to-month,Yes,Bank transfer (automatic),100.76,4433.66,Yes
4661-DJV,Female,0,Yes,No,57,Yes,Yes,DSL,No,Yes,No,No,No,No,Month-to-month,Yes,Electronic check,60.09,3433.47,No
3941-EMC,Female,0,No,No,22,No,No phone service,Fiber optic,Yes,Yes,Yes,No,No,No,Month-to-month,Yes,Electronic check,73.55,1617.9,Yes
8067-FPJ,Female,0,Yes,No,31,Yes,No,Fiber optic,No,No,Yes,No,No,No,One year,No,Bank transfer (automatic),71.95,2224.83,No
6091-GSQ,Female,0,Yes,No,62,Yes,Yes,Fiber optic,Yes,No,Yes,Yes,No,No,Two year,No,Electronic check,85.22,5285.42,No
2601-HVX,Female,0,No,No,7,Yes,Yes,Fiber optic,No,Yes,No,Yes,No,Yes,Month-to-month,No,Credit card (automatic),84.3,583.08,No
2480-IYE,Female,0,Yes,No,24,No,No phone service,No,No internet service,No internet service,No internet service,No internet service,No internet service,No internet service,One year,Yes,Electronic check,22.72,548.69,Yes
7230-JBL,Male,0,No,No,32,Yes,No,No,No internet service,No internet service,No internet service,No internet service,No internet service,No internet service,Month-to-month,No,Electronic check,21.26,679.42,No
4276-KES,Female,1,No,No,65,Yes,No,No,No internet service,No internet service,No internet service,No internet service,No internet service,No internet service,Month-to-month,No,Bank transfer (automatic),22.86,1482.38,No
7447-LHZ,Female,0,Yes,No,15,Yes,No,No,No internet service,No internet service,No internet service,No internet service,No internet service,No internet service,Month-to-month,No,Electronic check,20.49,302.13,Yes
6499-MKG,Female,0,Yes,Yes,54,Yes,Yes,No,No internet service,No internet service,No internet service,No internet service,No internet service,No internet service,Month-to-month,Yes,Mailed check,24.44,1322.37,No
7273-NNN,Male,0,No,Yes,35,No,No phone service,DSL,Yes,Yes,No,Yes,No,Yes,Two year,Yes,Electronic check,47.9,1674.57,No
2299-OQU,Female,0,Yes,No,71,Yes,Yes,No,No internet service,No internet service,No internet service,No internet service,No internet service,No internet service,Month-to-month,Yes,Electronic check,21.62,1541.79,No
6818-PTB,Female,0,No,No,6,Yes,Yes,Fiber optic,Yes,No,No,No,No,No,Month-to-month,No,Electronic check,114.46,677.93,No
7701-QWI,Female,0,No,No,68,Yes,Yes,Fiber optic,No,Yes,Yes,No,No,Yes,One year,No,Credit card (automatic),103.33,7023.95,No
5994-RZP,Male,0,No,No,7,Yes,No,Fiber optic,Yes,Yes,No,No,Yes,No,Month-to-month,Yes,Bank transfer (automatic),73.67,507.64,Yes
8489-SCW,Male,0,No,No,2,Yes,No,Fiber optic,Yes,No,Yes,Yes,Yes,No,Two year,Yes,Credit card (automatic),111.78,230.49,No
9269-TFD,Male,0,Yes,No,34,Yes,No,Fiber optic,No,Yes,Yes,No,No,Yes,Month-to-month,Yes,Credit card (automatic),81.44,2765.55,No
3831-UIK,Female,0,Yes,No,35,Yes,No,Fiber optic,No,No,Yes,No,No,No,One year,No,Mailed check,95.01,3327.05,No
3721-VLR,Male,0,Yes,Yes,29,No,No phone service,DSL,Yes,Yes,Yes,Yes,No,No,Two year,No,Credit card (automatic),56.33,1635.81,No
2532-WOY,Male,0,No,No,14,Yes,Yes,DSL,Yes,Yes,No,Yes,Yes,No,Two year,No,Electronic check,61.03,860.83,No
9429-XRF,Female,0,Yes,No,67,Yes,Yes,DSL,No,Yes,No,Yes,Yes,No,One year,No,Electronic check,82.82,5558.41,No
6253-YUM,Female,0,No,No,57,Yes,Yes,No,No internet service,No internet service,No internet service,No internet service,No internet service,No internet service,Month-to-month,Yes,Mailed check,19.21,1090.66,No
2996-ZXT,Female,1,No,No,27,Yes,No,No,No internet service,No internet service,No internet service,No internet service,No internet service,No internet service,Month-to-month,Yes,Electronic check,19.95,537.86,Yes
6311-AAA,Male,0,Yes,No,41,Yes,No,DSL,Yes,Yes,Yes,No,No,Yes,Month-to-month,Yes,Credit card (automatic),57.69,2366.17,No
1277-BDH,Female,1,Yes,Yes,17,No,No phone service,Fiber optic,No,Yes,Yes,No,No,No,Month-to-month,No,Mailed check,102.4,1735.37,Yes
4089-CGO,Female,1,No,Yes,4,Yes,No,DSL,No,No,Yes,No,Yes,Yes,Two year,Yes,Credit card (automatic),75.34,294.71,No
1523-DJV,Female,1,Yes,No,8,Yes,No,DSL,Yes,No,Yes,Yes,Yes,Yes,Month-to-month,No,Electronic check,66.14,519.29,Yes
5275-EMC,Male,0,No,No,8,Yes,No,Fiber optic,No,No,Yes,No,Yes,No,One year,Yes,Bank transfer (automatic),99.05,783.45,No
6365-FPJ,Male,0,No,No,17,No,No phone service,Fiber optic,Yes,Yes,No,Yes,Yes,Yes,Two year,Yes,Electronic check,92.8,1582.77,No
4122-GSQ,Male,0,No,No,55,Yes,No,Fiber optic,Yes,No,No,No,No,No,Month-to-month,Yes,Mailed check,84.38,4645.3,No
9167-HVX,Male,0,No,Yes,14,Yes,No,DSL,Yes,Yes,No,Yes,No,No,Month-to-month,Yes,Credit card (automatic),67.88,940.85,No
6190-IYE,Male,1,No,No,61,Yes,No,Fiber optic,Yes,No,Yes,No,Yes,No,Month-to-month,No,Electronic check,85.8,5233.27,Yes
5575-JBL,Female,0,No,No,34,Yes,Yes,DSL,No,Yes,Yes,No,Yes,No,Month-to-month,No,Mailed check,62.05,2102.47,Yes
8727-KES,Female,0,Yes,No,39,Yes,Yes,No,No internet service,No internet service,No internet service,No internet service,No internet service,No internet service,Two year,Yes,Mailed check,24.29,941.56,No
2797-LHZ,Male,0,No,No,50,Yes,Yes,No,No internet service,No internet service,No internet service,No internet service,No internet service,No internet service,One year,Yes,Bank transfer (automatic),24.44,1230.3,No
3131-MKG,Male,0,Yes,No,59,Yes,Yes,DSL,No,No,No,Yes,No,No,Two year,Yes,Credit card (automatic),56.03,3309.08,No
8322-NNN,Male,0,Yes,No,55,Yes,Yes,DSL,No,Yes,Yes,No,No,No,Two year,No,Electronic check,61.01,3352.41,No
7500-OQU,Female,0,No,No,40,Yes,Yes,Fiber optic,Yes,Yes,No,Yes,Yes,Yes,Two year,No,Mailed check,111.83,4482.18,Yes
1815-PTB,Female,0,No,Yes,53,No,No phone service,DSL,No,No,Yes,Yes,No,Yes,Month-to-month,No,Electronic check,82.46,4379.05,No
9634-QWI,Female,0,No,Yes,16,Yes,Yes,DSL,Yes,Yes,No,Yes,No,No,Month-to-month,Yes,Electronic check,84.97,1357.62,Yes
7666-RZP,Male,0,Yes,Yes,24,Yes,Yes,Fiber optic,No,No,No,No,Yes,No,One year,Yes,Mailed check,89.9,2152.95,No
1142-SCW,Male,0,No,Yes,8,Yes,Yes,Fiber optic,No,Yes,Yes,Yes,No,No,One year,Yes,Electronic check,90.28,731.17,Yes
2410-TFD,Male,0,Yes,No,55,Yes,No,No,No internet service,No internet service,No internet service,No internet service,No internet service,No internet service,Month-to-month,No,Electronic check,22.02,1218.01,No
1534-UIK,Male,0,Yes,No,22,Yes,Yes,Fiber optic,Yes,No,Yes,Yes,No,Yes,Month-to-month,No,Electronic check,77.86,1711.16,No
4364-VLR,Female,0,No,Yes,1,Yes,No,No,No internet service,No internet service,No internet service,No internet service,No internet service,No internet service,Month-to-month,No,Mailed check,22.96,20.2,Yes
2032-WOY,Female,1,Yes,Yes,44,Yes,Yes,Fiber optic,No,Yes,No,No,Yes,No,Two year,Yes,Electronic check,108.99,4798.44,No
4342-XRF,Female,0,Yes,No,64,Yes,Yes,Fiber optic,Yes,No,No,No,No,No,One year,No,Mailed check,110.13,7055.07,No
7085-YUM,Male,1,No,Yes,37,Yes,No,DSL,No,No,Yes,No,No,No,Month-to-month,No,Credit card (automatic),44.28,1630.6,Yes
5500-ZXT,Female,0,Yes,Yes,5,Yes,No,Fiber optic,Yes,Yes,Yes,No,No,No,Month-to-month,No,Credit card (automatic),117.76,590.59,Yes
2172-AAA,Male,0,No,No,47,Yes,No,DSL,No,Yes,No,No,Yes,No,Two year,Yes,Mailed check,68.01,3193.16,No
5517-BDH,Male,0,No,Yes,43,Yes,Yes,DSL,No,No,No,No,No,Yes,Month-to-month,No,Credit card (automatic),44.38,1905.37,Yes
9007-CGO,Female,0,No,No,6,Yes,Yes,No,No internet service,No internet service,No internet service,No internet service,No internet service,No internet service,One year,Yes,Bank transfer (automatic),22.75,138.16,Yes
2641-DJV,Female,0,Yes,Yes,65,Yes,Yes,No,No internet service,No internet service,No internet service,No internet service,No internet service,No internet service,Two year,Yes,Electronic check,20.26,1325.79,Yes
1471-EMC,Female,0,Yes,No,61,Yes,Yes,DSL,Yes,No,No,Yes,No,Yes,Month-to-month,Yes,Bank transfer (automatic),53.3,3253.57,No
3940-FPJ,Male,1,Yes,No,29,Yes,No,Fiber optic,Yes,Yes,Yes,No,No,No,Month-to-month,No,Bank transfer (automatic),118.48,3435.98,Yes
9738-GSQ,Female,0,No,Yes,51,No,No phone service,Fiber optic,No,Yes,No,No,No,Yes,Month-to-month,Yes,Credit card (automatic),71.38,3643.69,Yes
5726-HVX,Female,1,Yes,No,35,Yes,No,Fiber optic,No,Yes,No,No,No,No,Month-to-month,Yes,Mailed check,112.4,3928.35,Yes
8670-IYE,Male,0,Yes,Yes,34,Yes,Yes,No,No internet service,No internet service,No internet service,No internet service,No internet service,No internet service,Month-to-month,No,Bank transfer (automatic),24.63,839.37,No
4723-JBL,Male,0,No,No,65,Yes,No,DSL,No,No,No,No,No,No,One year,Yes,Mailed check,59.01,3829.9,No
1363-KES,Male,0,Yes,No,49,Yes,No,Fiber optic,No,No,No,Yes,No,Yes,One year,Yes,Electronic check,92.72,4543.3,No
4309-LHZ,Male,0,No,Yes,2,Yes,Yes,DSL,Yes,Yes,Yes,No,No,Yes,Two year,No,Bank transfer (automatic),70.23,142.76,Yes
1545-MKG,Male,0,No,No,3,Yes,Yes,No,No internet service,No internet service,No internet service,No internet service,No internet service,No internet service,Month-to-month,Yes,Credit card (automatic),18.41,53.62,Yes
4240-NNN,Male,0,No,No,54,Yes,Yes,DSL,Yes,Yes,Yes,No,No,Yes,Month-to-month,No,Electronic check,70.81,3826.3,No
7665-OQU,Female,1,No,No,51,Yes,Yes,No,No internet service,No internet service,No internet service,No internet service,No internet service,No internet service,Month-to-month,No,Electronic check,19.02,977.63,No
2936-PTB,Female,0,No,No,58,Yes,No,No,No internet service,No internet service,No internet service,No internet service,No internet service,No internet service,One year,No,Mailed check,18.32,1053.47,No
1882-QWI,Male,0,No,No,70,Yes,No,DSL,Yes,Yes,Yes,No,No,Yes,Two year,Yes,Credit card (automatic),46.48,3260.69,No
4840-RZP,Male,0,No,No,19,Yes,No,No,No internet service,No internet service,No internet service,No internet service,No internet service,No internet service,Month-to-month,Yes,Bank transfer (automatic),19.73,376.11,Yes
7923-SCW,Male,0,Yes,No,18,Yes,No,DSL,No,No,No,Yes,No,Yes,Month-to-month,Yes,Mailed check,60.61,1095.26,Yes
5611-TFD,Male,0,Yes,No,7,Yes,No,DSL,Yes,Yes,Yes,Yes,No,No,One year,Yes,Credit card (automatic),80.15,566.98,No
6204-UIK,Male,0,Yes,No,66,Yes,Yes,DSL,No,Yes,Yes,No,Yes,No,Month-to-month,Yes,Electronic check,62.54,4120.69,Yes
8288-VLR,Female,0,Yes,No,26,Yes,Yes,Fiber optic,No,No,No,Yes,Yes,No,Month-to-month,No,Credit card (automatic),88.98,2304.54,No
4203-WOY,Female,0,No,No,7,Yes,Yes,DSL,No,No,No,No,No,Yes,One year,Yes,Credit card (automatic),52.45,367.84,Yes
3244-XRF,Female,0,No,No,17,Yes,No,No,No internet service,No internet service,No internet service,No internet service,No internet service,No internet service,Two year,Yes,Credit card (automatic),24.99,423.4,No
1018-YUM,Male,0,No,Yes,28,Yes,Yes,No,No internet service,No internet service,No internet service,No internet service,No internet service,No internet service,One year,No,Electronic check,22.75,638.3,Yes
1641-ZXT,Female,1,Yes,Yes,45,Yes,No,No,No internet service,No internet service,No internet service,No internet service,No internet service,No internet service,One year,Yes,Mailed check,21.3,964.61,No
4083-AAA,Female,0,Yes,No,35,Yes,No,No,No internet service,No internet service,No internet service,No internet service,No internet service,No internet service,One year,Yes,Mailed check,20.43,713.19,Yes
6200-BDH,Female,0,No,No,2,No,No phone service,DSL,Yes,No,Yes,Yes,Yes,No,Month-to-month,Yes,Electronic check,63.45,130.58,No
9521-CGO,Female,0,Yes,No,8,No,No phone service,Fiber optic,No,Yes,No,No,No,No,One year,No,Electronic check,106.82,853.03,Yes
1865-DJV,Female,0,No,No,9,No,No phone service,DSL,No,No,No,No,No,No,Month-to-month,Yes,Electronic check,57.32,520.88,Yes
1773-EMC,Female,1,No,No,65,Yes,Yes,Fiber optic,Yes,No,No,No,No,No,One year,No,Bank transfer (automatic),83.38,5428.54,No
5732-FPJ,Male,0,No,No,0,Yes,Yes,Fiber optic,No,No,No,No,No,No,Two year,Yes,Credit card (automatic),80.97, ,No
4518-GSQ,Female,0,Yes,Yes,3,Yes,Yes,Fiber optic,No,Yes,Yes,Yes,Yes,No,Month-to-month,No,Electronic check,88.51,260.2,Yes
7795-HVX,Female,1,Yes,No,47,Yes,Yes,Fiber optic,No,Yes,Yes,Yes,No,No,Month-to-month,Yes,Bank transfer (automatic),71.5,3351.83,Yes
7984-IYE,Male,0,Yes,No,17,Yes,Yes,DSL,Yes,Yes,No,No,No,No,One year,Yes,Electronic check,74.58,1267.46,No
3567-JBL,Male,0,No,No,44,Yes,Yes,No,No internet service,No internet service,No internet service,No internet service,No internet service,No internet service,Month-to-month,Yes,Bank transfer (automatic),24.69,1084.9,Yes
2674-KES,Female,1,No,No,14,Yes,Yes,DSL,Yes,Yes,No,No,No,No,One year,No,Mailed check,81.12,1130.39,No
1739-LHZ,Female,0,Yes,No,50,Yes,Yes,Fiber optic,No,No,Yes,No,Yes,No,Month-to-month,No,Electronic check,107.37,5372.09,No
2545-MKG,Male,0,Yes,No,60,Yes,Yes,No,No internet service,No internet service,No internet service,No internet service,No internet service,No internet service,One year,No,Mailed check,22.96,1368.85,No
6127-NNN,Female,0,No,No,3,Yes,No,No,No internet service,No internet service,No internet service,No internet service,No internet service,No internet service,Month-to-month,Yes,Credit card (automatic),20.27,63.14,No
7947-OQU,Female,0,Yes,Yes,18,Yes,No,Fiber optic,No,No,Yes,No,Yes,Yes,Month-to-month,No,Electronic check,75.28,1346.66,Yes
7620-PTB,Female,1,No,Yes,10,Yes,No,DSL,No,Yes,No,No,Yes,No,Month-to-month,Yes,Mailed check,62.14,629.28,Yes
5555-QWI,Female,0,Yes,No,27,Yes,Yes,DSL,Yes,No,No,Yes,No,No,Month-to-month,No,Electronic check,78.59,2123.36,No
6645-RZP,Male,1,No,No,56,Yes,No,Fiber optic,No,No,No,No,Yes,No,Month-to-month,No,Credit card (automatic),96.42,5400.75,No
9943-SCW,Male,0,No,No,53,No,No phone service,No,No internet service,No internet service,No internet service,No internet service,No internet service,No internet service,Month-to-month,Yes,Credit card (automatic),23.05,1227.16,No
8124-TFD,Male,0,No,Yes,64,Yes,Yes,DSL,No,Yes,No,Yes,Yes,No,Month-to-month,Yes,Bank transfer (automatic),81.72,5234.99,No
4732-UIK,Male,0,Yes,No,46,Yes,Yes,Fiber optic,No,Yes,No,Yes,Yes,No,One year,Yes,Bank transfer (automatic),103.2,4737.51,No
3283-VLR,Female,1,Yes,No,3,Yes,No,DSL,Yes,Yes,No,No,No,No,Month-to-month,Yes,Mailed check,46.8,148.24,No
9669-WOY,Male,0,No,Yes,33,No,No phone service,DSL,No,Yes,No,Yes,No,Yes,Month-to-month,No,Credit card (automatic),47.82,1579.59,No
7998-XRF,Female,0,No,No,53,Yes,Yes,No,No internet service,No internet service,No internet service,No internet service,No internet service,No internet service,Month-to-month,Yes,Credit card (automatic),18.8,1003.12,No
6413-YUM,Female,0,No,No,60,Yes,No,Fiber optic,Yes,Yes,Yes,No,No,No,One year,Yes,Credit card (automatic),87.44,5250.99,No
2269-ZXT,Male,0,Yes,No,19,Yes,No,No,No internet service,No internet service,No internet service,No internet service,No internet service,No internet service,Month-to-month,Yes,Credit card (automatic),20.19,374.24,Yes
8868-AAA,Male,1,Yes,Yes,2,Yes,No,Fiber optic,No,Yes,Yes,Yes,No,Yes,Two year,Yes,Electronic check,75.35,143.12,Yes
3603-BDH,Female,0,No,No,39,No,No phone service,DSL,No,Yes,Yes,Yes,No,Yes,Month-to-month,No,Credit card (automatic),60.06,2335.95,No
6961-CGO,Male,0,Yes,No,68,Yes,Yes,DSL,No,Yes,No,Yes,No,Yes,Two year,No,Bank transfer (automatic),51.94,3528.92,No
9569-DJV,Female,0,Yes,No,22,Yes,No,No,No internet service,No internet service,No internet service,No internet service,No internet service,No internet service,Month-to-month,Yes,Mailed check,20.85,457.16,No
8557-EMC,Female,0,Yes,No,68,Yes,Yes,DSL,No,Yes,No,No,Yes,No,Month-to-month,Yes,Mailed check,62.22,4235.62,No
2680-FPJ,Female,0,No,No,31,Yes,No,Fiber optic,No,Yes,Yes,No,No,No,Month-to-month,Yes,Electronic check,70.24,2174.85,No
9433-GSQ,Male,0,Yes,Yes,23,Yes,No,Fiber optic,Yes,No,Yes,Yes,No,No,Month-to-month,No,Electronic check,103.98,2398.14,No
6682-HVX,Male,1,No,Yes,50,Yes,No,Fiber optic,No,No,No,Yes,Yes,No,One year,No,Mailed check,88.12,4405.69,Yes
9084-IYE,Male,0,Yes,No,57,Yes,No,DSL,No,No,No,Yes,No,No,Month-to-month,No,Bank transfer (automatic),75.87,4321.54,No
6367-JBL,Female,0,Yes,No,41,No,No phone service,DSL,No,No,Yes,No,No,No,Two year,No,Bank transfer (automatic),48.7,2002.93,No
1069-KES,Female,1,No,Yes,34,Yes,Yes,No,No internet service,No internet service,No internet service,No internet service,No internet service,No internet service,Month-to-month,Yes,Mailed check,20.21,680.07,No
4924-LHZ,Male,0,Yes,No,31,Yes,No,No,No internet service,No internet service,No internet service,No internet service,No internet service,No internet service,Month-to-month,Yes,Credit card (automatic),20.07,624.0,No
7200-MKG,Female,0,Yes,No,53,Yes,Yes,No,No internet service,No internet service,No internet service,No internet service,No internet service,No internet service,Month-to-month,Yes,Credit card (automatic),18.32,961.5,No
3007-NNN,Female,0,No,No,44,Yes,Yes,Fiber optic,No,Yes,No,No,No,Yes,Month-to-month,Yes,Electronic check,93.38,4113.61,Yes
9992-OQU,Male,0,Yes,Yes,47,Yes,No,No,No internet service,No internet service,No internet service,No internet service,No internet service,No internet service,Month-to-month,No,Bank transfer (automatic),24.75,1165.46,No
9119-PTB,Male,0,Yes,No,48,Yes,Yes,Fiber optic,No,No,Yes,No,No,Yes,Two year,No,Electronic check,70.67,3398.58,Yes
3779-QWI,Female,1,No,Yes,33,Yes,No,DSL,No,Yes,No,No,No,Yes,Two year,Yes,Credit card (automatic),69.48,2288.19,No
5920-RZP,Female,0,No,No,15,Yes,Yes,Fiber optic,Yes,Yes,Yes,No,Yes,No,One year,Yes,Mailed check,111.77,1682.21,Yes
1755-SCW,Female,0,Yes,Yes,10,Yes,No,Fiber optic,No,No,Yes,Yes,No,No,One year,Yes,Mailed check,108.64,1082.36,Yes
7495-TFD,Male,0,Yes,No,18,Yes,No,Fiber optic,Yes,Yes,No,No,No,No,Two year,No,Bank transfer (automatic),84.01,1509.32,No
6935-UIK,Male,0,Yes,No,28,Yes,No,Fiber optic,No,Yes,Yes,No,No,Yes,Month-to-month,Yes,Electronic check,78.53,2207.68,No
3330-VLR,Male,0,No,No,53,Yes,No,Fiber optic,No,No,No,No,Yes,Yes,Month-to-month,Yes,Bank transfer (automatic),80.45,4263.01,No
6705-WOY,Female,0,No,Yes,52,Yes,No,Fiber optic,Yes,Yes,No,No,Yes,No,Month-to-month,No,Mailed check,86.89,4518.73,Yes
9301-XRF,Female,0,Yes,No,66,Yes,Yes,DSL,No,No,No,No,No,Yes,Month-to-month,Yes,Credit card (automatic),48.23,3191.9,Yes
2016-YUM,Male,0,No,Yes,31,Yes,No,DSL,No,No,No,No,No,No,Month-to-month,No,Electronic check,55.2,1720.17,No
8347-ZXT,Male,1,No,No,55,Yes,No,Fiber optic,No,Yes,Yes,No,Yes,No,Two year,No,Electronic check,81.15,4460.11,No
9216-AAA,Male,0,Yes,No,62,Yes,Yes,Fiber optic,Yes,No,Yes,No,No,Yes,Two year,No,Electronic check,117.37,7276.14,No
5938-BDH,Female,1,Yes,No,3,Yes,Yes,DSL,Yes,No,Yes,Yes,No,No,Month-to-month,Yes,Mailed check,71.49,215.09,Yes
3838-CGO,Male,0,Yes,Yes,10,Yes,No,Fiber optic,No,No,Yes,Yes,Yes,No,One year,Yes,Electronic check,100.55,1001.67,No
1737-DJV,Male,0,No,No,2,Yes,Yes,No,No internet service,No internet service,No internet service,No internet service,No internet service,No internet service,Month-to-month,Yes,Credit card (automatic),24.22,52.04,Yes
7200-EMC,Male,0,No,Yes,26,Yes,Yes,No,No internet service,No internet service,No internet service,No internet service,No internet service,No internet service,Month-to-month,Yes,Electronic check,19.44,500.61,Yes
9371-FPJ,Male,1,Yes,No,43,Yes,Yes,Fiber optic,Yes,No,No,No,Yes,Yes,Month-to-month,Yes,Mailed check,73.5,3153.66,Yes
1231-GSQ,Female,1,No,No,17,Yes,Yes,DSL,Yes,Yes,No,Yes,No,No,Month-to-month,Yes,Electronic check,80.0,1368.65,Yes
2917-HVX,Female,1,No,Yes,29,Yes,No,DSL,No,Yes,No,Yes,No,No,Month-to-month,Yes,Electronic check,58.44,1684.99,No
9534-IYE,Female,1,Yes,Yes,69,Yes,No,Fiber optic,No,No,No,Yes,No,Yes,One year,No,Credit card (automatic),88.76,6126.77,Yes
6918-JBL,Male,0,Yes,No,46,Yes,No,DSL,No,Yes,Yes,No,No,No,Month-to-month,No,Credit card (automatic),45.25,2085.38,Yes
3623-KES,Male,0,No,Yes,33,Yes,Yes,DSL,No,No,No,No,No,Yes,Month-to-month,No,Electronic check,44.62,1477.4,No
9646-LHZ,Male,0,Yes,No,41,Yes,No,No,No internet service,No internet service,No internet service,No internet service,No internet service,No internet service,One year,Yes,Credit card (automatic),22.97,942.04,Yes
7401-MKG,Female,0,Yes,No,22,Yes,No,Fiber optic,No,Yes,No,No,No,No,One year,Yes,Electronic check,101.41,2225.99,No
8072-NNN,Male,1,Yes,Yes,39,Yes,No,DSL,Yes,Yes,No,No,No,No,Month-to-month,Yes,Electronic check,55.6,2174.47,No
3276-OQU,Male,0,Yes,No,14,Yes,No,No,No internet service,No internet service,No internet service,No internet service,No internet service,No internet service,Month-to-month,Yes,Electronic check,19.69,267.34,Yes
8393-PTB,Female,0,No,No,56,Yes,No,No,No internet service,No internet service,No internet service,No internet service,No internet service,No internet service,Month-to-month,Yes,Credit card (automatic),23.64,1332.96,No
9787-QWI,Male,0,Yes,No,13,Yes,Yes,Fiber optic,Yes,Yes,Yes,No,Yes,No,One year,Yes,Bank transfer (automatic),73.96,957.76,Yes
4874-RZP,Female,0,No,No,11,Yes,No,Fiber optic,Yes,Yes,Yes,No,No,Yes,One year,Yes,Bank transfer (automatic),100.58,1097.83,Yes
5530-SCW,Female,0,Yes,No,34,Yes,Yes,Fiber optic,No,Yes,Yes,No,Yes,No,Two year,Yes,Electronic check,74.91,2538.98,Yes
8164-TFD,Female,0,No,Yes,24,Yes,No,Fiber optic,Yes,No,No,Yes,No,Yes,Month-to-month,Yes,Mailed check,117.7,2834.61,No
5497-UIK,Male,0,Yes,No,1,Yes,Yes,DSL,No,No,Yes,Yes,No,Yes,Month-to-month,No,Credit card (automatic),84.31,86.48,Yes
8933-VLR,Male,0,No,Yes,17,Yes,No,Fiber optic,No,No,Yes,No,No,No,Two year,No,Credit card (automatic),83.32,1418.64,No
3135-WOY,Female,0,No,No,34,No,No phone service,Fiber optic,Yes,No,No,No,Yes,No,Two year,Yes,Credit card (automatic),101.02,3441.16,No
7727-XRF,Male,0,No,Yes,8,Yes,Yes,No,No internet service,No internet service,No internet service,No internet service,No internet service,No internet service,Two year,Yes,Electronic check,18.36,146.7,No
2565-YUM,Male,1,No,No,10,Yes,Yes,DSL,Yes,No,No,Yes,No,No,Month-to-month,Yes,Mailed check,57.57,570.73,No
1308-ZXT,Male,0,Yes,No,66,Yes,Yes,Fiber optic,No,Yes,Yes,No,No,No,One year,Yes,Electronic check,81.57,5376.62,No
9534-AAA,Female,0,No,No,68,Yes,No,Fiber optic,Yes,No,No,Yes,No,No,Month-to-month,Yes,Electronic check,84.28,5723.62,Yes
9627-BDH,Male,0,No,No,37,Yes,Yes,Fiber optic,No,No,No,No,No,No,One year,No,Electronic check,90.08,3338.84,No
9368-CGO,Male,0,No,No,69,Yes,Yes,DSL,No,No,No,No,No,Yes,Month-to-month,No,Bank transfer (automatic),61.08,4221.94,No
1138-DJV,Female,0,No,No,58,Yes,No,Fiber optic,Yes,No,No,Yes,No,Yes,Month-to-month,Yes,Credit card (automatic),89.13,5176.26,No
1193-EMC,Female,0,Yes,No,65,Yes,No,Fiber optic,Yes,Yes,No,Yes,Yes,No,Month-to-month,Yes,Electronic check,110.1,7165.87,No
4257-FPJ,Male,0,Yes,No,40,Yes,No,No,No internet service,No internet service,No internet service,No internet service,No internet service,No internet service,Month-to-month,Yes,Mailed check,18.63,752.67,No
4235-GSQ,Female,0,No,Yes,23,Yes,Yes,Fiber optic,Yes,No,Yes,No,Yes,No,Month-to-month,Yes,Electronic check,85.8,1971.63,No
1942-HVX,Male,1,No,No,49,Yes,Yes,Fiber optic,No,No,No,Yes,No,Yes,Two year,No,Electronic check,71.19,3481.6,No
5620-IYE,Female,0,Yes,No,4,Yes,Yes,DSL,No,No,Yes,No,Yes,No,Month-to-month,No,Electronic check,47.31,194.95,No
6720-JBL,Male,0,No,No,20,Yes,Yes,Fiber optic,No,No,Yes,No,Yes,Yes,Month-to-month,No,Credit card (automatic),108.59,2171.95,No
7353-KES,Female,1,No,No,5,Yes,No,Fiber optic,Yes,No,Yes,Yes,No,Yes,Two year,Yes,Mailed check,78.05,387.28,Yes
5957-LHZ,Female,0,No,No,3,No,No phone service,DSL,Yes,Yes,Yes,No,No,No,Two year,No,Electronic check,58.21,165.09,No
4381-MKG,Female,0,Yes,No,8,Yes,No,No,No internet service,No internet service,No internet service,No internet service,No internet service,No internet service,Month-to-month,No,Electronic check,23.89,197.04,No
6839-NNN,Male,0,Yes,Yes,68,Yes,No,DSL,No,Yes,Yes,No,Yes,Yes,Month-to-month,Yes,Bank transfer (automatic),72.87,4962.68,No
3880-OQU,Male,0,Yes,Yes,67,Yes,Yes,Fiber optic,Yes,Yes,No,No,Yes,No,Month-to-month,Yes,Electronic check,79.84,5350.64,No
5887-PTB,Female,1,No,Yes,8,Yes,Yes,Fiber optic,No,No,Yes,No,No,Yes,Month-to-month,Yes,Electronic check,118.34,955.81,Yes
1545-QWI,Female,0,No,No,17,Yes,Yes,Fiber optic,No,No,Yes,Yes,Yes,No,Month-to-month,Yes,Electronic check,83.05,1402.72,Yes
2927-RZP,Male,0,No,No,58,Yes,Yes,DSL,Yes,Yes,Yes,Yes,No,No,One year,No,Mailed check,55.68,3220.99,No
5152-SCW,Female,1,No,No,42,Yes,No,DSL,No,No,No,No,No,Yes,One year,No,Credit card (automatic),70.73,2963.06,No
1004-TFD,Male,0,No,Yes,65,Yes,No,Fiber optic,Yes,No,No,Yes,No,No,One year,No,Electronic check,104.67,6800.87,Yes
6533-UIK,Female,0,No,Yes,28,Yes,Yes,DSL,Yes,No,No,Yes,Yes,Yes,Month-to-month,Yes,Mailed check,67.97,1900.23,Yes
6378-VLR,Male,1,Yes,No,47,Yes,Yes,No,No internet service,No internet service,No internet service,No internet service,No internet service,No internet service,Month-to-month,Yes,Bank transfer (automatic),19.35,911.82,Yes
7233-WOY,Male,0,Yes,No,50,Yes,No,Fiber optic,No,Yes,No,Yes,Yes,Yes,One year,Yes,Electronic check,73.7,3692.01,Yes
3663-XRF,Male,0,Yes,Yes,41,Yes,Yes,No,No internet service,No internet service,No internet service,No internet service,No internet service,No internet service,Month-to-month,Yes,Electronic check,24.55,998.48,Yes
4326-YUM,Male,0,Yes,No,35,No,No phone service,DSL,No,No,Yes,No,Yes,No,Month-to-month,Yes,Mailed check,58.27,2039.82,Yes
4659-ZXT,Female,1,Yes,Yes,44,Yes,No,DSL,No,Yes,No,No,Yes,No,Month-to-month,Yes,Credit card (automatic),78.78,3457.7,Yes
2131-AAA,Female,0,Yes,No,34,Yes,No,No,No internet service,No internet service,No internet service,No internet service,No internet service,No internet service,Two year,No,Mailed check,19.41,652.39,No
5763-BDH,Male,0,Yes,Yes,5,Yes,Yes,DSL,No,No,Yes,No,Yes,No,Month-to-month,Yes,Mailed check,64.77,329.17,Yes
7737-CGO,Male,0,No,No,36,Yes,Yes,DSL,No,No,No,Yes,No,No,Month-to-month,No,Mailed check,79.98,2880.32,Yes
6092-DJV,Male,0,Yes,Yes,35,Yes,No,No,No internet service,No internet service,No internet service,No internet service,No internet service,No internet service,Two year,Yes,Mailed check,20.83,724.89,No
7022-EMC,Male,0,No,No,15,Yes,Yes,No,No internet service,No internet service,No internet service,No internet service,No internet service,No internet service,One year,No,Credit card (automatic),18.36,271.69,Yes
4159-FPJ,Male,1,No,Yes,71,Yes,No,Fiber optic,Yes,Yes,Yes,No,Yes,Yes,Month-to-month,No,Bank transfer (automatic),116.01,8236.91,No
7159-GSQ,Female,0,No,No,21,Yes,Yes,DSL,No,Yes,No,No,No,Yes,One year,No,Electronic check,70.04,1469.4,Yes
8318-HVX,Female,0,No,No,68,Yes,No,DSL,No,No,No,No,No,Yes,Month-to-month,Yes,Electronic check,52.93,3590.95,Yes
9445-IYE,Female,0,No,No,68,Yes,No,Fiber optic,Yes,No,No,No,Yes,Yes,Two year,No,Credit card (automatic),107.0,7273.24,No
6307-JBL,Female,0,No,No,62,Yes,Yes,Fiber optic,No,No,Yes,No,No,Yes,One year,Yes,Bank transfer (automatic),81.93,5081.09,Yes
9520-KES,Male,1,Yes,No,18,Yes,No,Fiber optic,No,No,Yes,No,Yes,No,Month-to-month,No,Electronic check,73.59,1331.65,Yes
4044-LHZ,Female,0,Yes,No,17,Yes,Yes,Fiber optic,No,Yes,Yes,Yes,No,No,Month-to-month,Yes,Mailed check,70.71,1198.42,No
6636-MKG,Female,0,Yes,No,72,Yes,Yes,No,No internet service,No internet service,No internet service,No internet service,No internet service,No internet service,Month-to-month,Yes,Mailed check,18.3,1312.21,No
3892-NNN,Female,1,No,No,16,Yes,No,DSL,No,Yes,No,No,No,No,Two year,No,Credit card (automatic),48.36,770.0,No
6288-OQU,Female,0,Yes,No,40,Yes,No,No,No internet service,No internet service,No internet service,No internet service,No internet service,No internet service,Month-to-month,Yes,Credit card (automatic),21.27,849.2,Yes
6812-PTB,Female,0,No,No,32,Yes,No,No,No internet service,No internet service,No internet service,No internet service,No internet service,No internet service,One year,No,Electronic check,24.8,795.41,No
1654-QWI,Male,0,Yes,No,54,Yes,Yes,DSL,Yes,Yes,No,No,Yes,Yes,Two year,Yes,Bank transfer (automatic),64.78,3505.05,No
6481-RZP,Female,1,No,No,23,Yes,No,No,No internet service,No internet service,No internet service,No internet service,No internet service,No internet service,Two year,No,Credit card (automatic),19.82,448.9,No
1759-SCW,Male,0,No,No,39,No,No phone service,DSL,Yes,Yes,Yes,Yes,No,No,Month-to-month,Yes,Electronic check,76.24,2977.8,No
7782-TFD,Male,0,Yes,No,27,Yes,No,DSL,No,Yes,No,Yes,Yes,No,Month-to-month,Yes,Mailed check,77.82,2106.67,No
2798-UIK,Male,0,Yes,No,66,Yes,No,Fiber optic,No,No,Yes,Yes,No,Yes,Two year,Yes,Mailed check,99.49,6569.67,No
6159-VLR,Female,0,No,No,38,Yes,No,Fiber optic,Yes,Yes,Yes,No,No,Yes,Month-to-month,Yes,Electronic check,87.21,3322.0,Yes
9446-WOY,Female,0,No,Yes,20,Yes,No,Fiber optic,Yes,No,No,No,Yes,Yes,Month-to-month,Yes,Credit card (automatic),89.79,1803.12,Yes
6262-XRF,Female,0,Yes,No,36,No,No phone service,Fiber optic,No,Yes,No,Yes,No,No,Two year,Yes,Bank transfer (automatic),103.39,3730.63,No
4823-YUM,Female,0,No,No,1,Yes,No,Fiber optic,No,Yes,Yes,No,No,No,Two year,Yes,Bank transfer (automatic),77.6,79.98,No
2876-ZXT,Male,0,Yes,Yes,5,Yes,No,DSL,Yes,Yes,No,No,Yes,Yes,Month-to-month,Yes,Electronic check,48.29,231.64,No
7154-AAA,Male,0,Yes,No,51,Yes,No,DSL,Yes,No,Yes,No,Yes,Yes,One year,No,Mailed check,55.02,2813.22,No
8787-BDH,Male,0,Yes,No,4,Yes,Yes,No,No internet service,No internet service,No internet service,No internet service,No internet service,No internet service,Month-to-month,No,Bank transfer (automatic),22.61,92.74,Yes
5516-CGO,Female,0,No,No,46,Yes,Yes,No,No internet service,No internet service,No internet service,No internet service,No internet service,No internet service,Two year,No,Mailed check,20.71,951.58,No
4734-DJV,Male,0,Yes,No,42,Yes,No,DSL,Yes,Yes,Yes,No,No,Yes,Two year,Yes,Bank transfer (automatic),50.68,2132.67,No
6972-EMC,Female,0,Yes,No,39,Yes,No,Fiber optic,No,No,No,No,No,No,Month-to-month,Yes,Credit card (automatic),98.8,3854.82,No
7639-FPJ,Male,1,No,No,10,Yes,Yes,No,No internet service,No internet service,No internet service,No internet service,No internet service,No internet service,Month-to-month,No,Bank transfer (automatic),21.25,208.39,Yes
6356-GSQ,Male,0,No,Yes,13,Yes,No,DSL,No,Yes,No,Yes,No,No,One year,Yes,Credit card (automatic),73.85,968.01,No
7380-HVX,Female,1,No,Yes,1,Yes,Yes,No,No internet service,No internet service,No internet service,No internet service,No internet service,No internet service,One year,No,Mailed check,23.05,18.34,Yes
2008-IYE,Female,0,Yes,No,38,Yes,No,Fiber optic,No,Yes,No,No,No,No,Month-to-month,Yes,Credit card (automatic),115.87,4393.69,No
5314-JBL,Male,0,Yes,No,62,Yes,No,DSL,No,Yes,Yes,No,No,No,Month-to-month,No,Credit card (automatic),72.09,4462.71,Yes
3508-KES,Female,0,No,Yes,62,Yes,Yes,Fiber optic,No,Yes,No,No,No,Yes,Month-to-month,No,Mailed check,104.25,6457.07,No
5758-LHZ,Female,0,No,No,17,Yes,No,DSL,No,Yes,No,Yes,No,No,One year,Yes,Electronic check,49.53,851.76,No
3682-MKG,Female,0,No,Yes,0,Yes,Yes,DSL,No,Yes,Yes,No,Yes,No,Month-to-month,No,Electronic check,50.41, ,Yes
8311-NNN,Female,1,No,No,16,Yes,No,DSL,No,Yes,Yes,No,Yes,Yes,Month-to-month,No,Mailed check,75.14,1201.09,No
1989-OQU,Male,0,No,Yes,53,Yes,Yes,DSL,Yes,Yes,Yes,Yes,Yes,No,Month-to-month,No,Bank transfer (automatic),72.99,3869.7,No
9446-PTB,Male,1,Yes,No,38,Yes,No,Fiber optic,No,Yes,No,No,No,No,Two year,Yes,Bank transfer (automatic),80.96,3085.54,No
5711-QWI,Male,0,Yes,Yes,47,Yes,No,Fiber optic,Yes,No,Yes,Yes,No,Yes,Month-to-month,No,Bank transfer (automatic),80.11,3763.02,Yes
7479-RZP,Female,0,Yes,No,65,Yes,Yes,No,No internet service,No internet service,No internet service,No internet service,No internet service,No internet service,Month-to-month,Yes,Bank transfer (automatic),19.55,1268.34,No
7964-SCW,Male,0,Yes,Yes,14,Yes,No,Fiber optic,Yes,Yes,Yes,No,No,No,Two year,Yes,Mailed check,79.32,1101.7,No
9075-TFD,Male,0,No,Yes,21,Yes,No,No,No internet service,No internet service,No internet service,No internet service,No internet service,No internet service,Month-to-month,Yes,Credit card (automatic),18.58,391.48,No
5452-UIK,Female,0,Yes,Yes,19,Yes,No,DSL,Yes,Yes,No,Yes,No,No,One year,Yes,Bank transfer (automatic),72.47,1378.28,No
9447-VLR,Female,0,No,No,42,Yes,No,DSL,Yes,Yes,No,No,No,No,Month-to-month,No,Bank transfer (automatic),63.45,2667.81,Yes
2007-WOY,Male,1,No,No,55,Yes,No,DSL,No,No,No,No,Yes,Yes,Two year,Yes,Bank transfer (automatic),46.26,2537.06,No
7496-XRF,Female,0,No,No,23,Yes,No,DSL,Yes,No,Yes,No,No,No,One year,Yes,Electronic check,66.07,1521.21,No
8688-YUM,Female,0,No,No,42,No,No phone service,Fiber optic,Yes,No,Yes,No,No,No,Two year,Yes,Electronic check,72.26,3025.26,Yes
4908-ZXT,Female,0,No,No,20,Yes,No,Fiber optic,No,Yes,Yes,No,No,No,One year,Yes,Electronic check,101.16,2022.42,No
3803-AAA,Female,1,No,No,47,No,No phone service,Fiber optic,No,Yes,Yes,No,No,No,One year,Yes,Electronic check,103.8,4881.19,No
5379-BDH,Female,0,No,No,65,No,No phone service,Fiber optic,Yes,No,Yes,Yes,Yes,No,Month-to-month,Yes,Electronic check,106.36,6910.64,Yes
1098-CGO,Female,1,No,No,15,Yes,No,Fiber optic,Yes,No,No,No,No,No,One year,Yes,Mailed check,94.93,1430.16,No
9388-DJV,Male,0,No,No,39,Yes,Yes,DSL,No,Yes,No,Yes,No,Yes,Two year,Yes,Electronic check,72.96,2838.51,No
1877-EMC,Female,0,No,No,20,No,No phone service,DSL,No,Yes,No,No,Yes,Yes,Month-to-month,Yes,Electronic check,72.64,1457.47,Yes
2868-FPJ,Male,0,Yes,No,51,Yes,Yes,No,No internet service,No internet service,No internet service,No internet service,No internet service,No internet service,One year,No,Bank transfer (automatic),23.91,1213.76,No
3665-GSQ,Female,0,Yes,No,7,Yes,Yes,Fiber optic,No,Yes,No,Yes,Yes,No,Month-to-month,No,Electronic check,103.34,733.32,No
2388-HVX,Male,0,Yes,No,54,Yes,Yes,No,No internet service,No internet service,No internet service,No internet service,No internet service,No internet service,Month-to-month,Yes,Electronic check,18.52,1003.37,Yes
3415-IYE,Male,0,Yes,Yes,57,Yes,No,Fiber optic,Yes,No,No,No,Yes,No,One year,No,Credit card (automatic),80.81,4598.35,No
9761-JBL,Male,0,Yes,Yes,4,Yes,Yes,No,No internet service,No internet service,No internet service,No internet service,No internet service,No internet service,Month-to-month,No,Mailed check,20.63,77.09,Yes
3637-KES,Male,0,No,No,41,Yes,No,No,No internet service,No internet service,No internet service,No internet service,No internet service,No internet service,One year,Yes,Electronic check,19.5,806.41,Yes
8242-LHZ,Male,0,No,Yes,29,Yes,Yes,DSL,Yes,Yes,Yes,No,No,Yes,Two year,No,Mailed check,74.65,2156.36,No
9613-MKG,Male,0,Yes,Yes,8,Yes,No,DSL,Yes,No,Yes,No,No,No,Month-to-month,Yes,Mailed check,55.29,440.0,No
3883-NNN,Female,0,No,Yes,40,Yes,Yes,No,No internet service,No internet service,No internet service,No internet service,No internet service,No internet service,One year,Yes,Credit card (automatic),21.79,863.22,No
2204-OQU,Female,0,No,No,50,Yes,Yes,Fiber optic,No,Yes,No,No,No,Yes,Month-to-month,No,Electronic check,84.89,4245.86,No
1544-PTB,Male,0,No,No,56,Yes,No,Fiber optic,No,Yes,No,No,Yes,No,Month-to-month,No,Bank transfer (automatic),103.1,5765.17,Yes
2223-QWI,Female,0,No,No,72,No,No phone service,DSL,Yes,No,No,Yes,No,No,Month-to-month,No,Credit card (automatic),71.7,5167.07,Yes
4172-RZP,Male,0,Yes,Yes,60,Yes,No,Fiber optic,Yes,No,Yes,No,No,Yes,Month-to-month,Yes,Bank transfer (automatic),117.42,7052.99,Yes
9959-SCW,Male,0,Yes,Yes,5,Yes,No,DSL,Yes,Yes,Yes,Yes,No,No,Two year,Yes,Mailed check,69.13,342.13,No
7450-TFD,Female,0,No,Yes,25,Yes,No,DSL,No,Yes,No,No,No,No,Month-to-month,No,Bank transfer (automatic),78.03,1945.92,No
7520-UIK,Male,0,Yes,No,5,No,No phone service,DSL,No,Yes,No,No,No,No,Month-to-month,No,Electronic check,73.76,373.39,No
1654-VLR,Female,0,Yes,No,52,Yes,Yes,Fiber optic,No,No,Yes,Yes,Yes,No,One year,Yes,Bank transfer (automatic),70.56,3659.62,No
7821-WOY,Female,0,No,No,60,Yes,Yes,Fiber optic,No,Yes,No,Yes,No,No,Two year,Yes,Credit card (automatic),83.37,4995.64,No
3446-XRF,Male,0,No,No,32,Yes,No,No,No internet service,No internet service,No internet service,No internet service,No internet service,No internet service,Month-to-month,Yes,Mailed check,18.61,586.37,Yes
6892-YUM,Female,1,Yes,No,44,Yes,No,DSL,Yes,No,Yes,No,No,No,Two year,No,Mailed check,45.17,1994.38,No
9412-ZXT,Male,0,Yes,No,39,Yes,No,Fiber optic,No,No,No,No,Yes,Yes,Two year,Yes,Mailed check,98.72,3854.58,No
4666-AAA,Male,0,Yes,No,23,Yes,Yes,DSL,No,No,Yes,No,No,No,One year,No,Mailed check,51.75,1197.93,No
5277-BDH,Female,0,Yes,No,44,Yes,Yes,No,No internet service,No internet service,No internet service,No internet service,No internet service,No internet service,Month-to-month,Yes,Electronic check,22.29,973.91,No
5402-CGO,Male,0,No,Yes,37,Yes,Yes,Fiber optic,No,No,No,No,Yes,No,Month-to-month,Yes,Bank transfer (automatic),88.2,3259.55,No
3569-DJV,Male,0,Yes,Yes,28,Yes,No,Fiber optic,No,No,Yes,Yes,No,No,Month-to-month,No,Mailed check,115.49,3225.25,No
6515-EMC,Female,0,No,Yes,7,Yes,No,DSL,Yes,No,No,Yes,No,Yes,Two year,Yes,Electronic check,51.97,371.47,No
4985-FPJ,Female,0,No,No,63,Yes,No,No,No internet service,No internet service,No internet service,No internet service,No internet service,No internet service,One year,No,Electronic check,21.66,1359.33,No
9167-GSQ,Male,0,No,No,72,Yes,No,No,No internet service,No internet service,No internet service,No internet service,No internet service,No internet service,Month-to-month,No,Credit card (automatic),21.39,1544.36,Yes
8448-HVX,Male,0,No,No,50,Yes,No,No,No internet service,No internet service,No internet service,No internet service,No internet service,No internet service,Two year,Yes,Bank transfer (automatic),20.11,998.58,No
5310-IYE,Female,0,Yes,No,5,Yes,Yes,Fiber optic,No,No,Yes,No,No,No,Month-to-month,Yes,Credit card (automatic),88.45,432.27,Yes
4019-JBL,Female,0,No,No,46,Yes,No,Fiber optic,No,Yes,Yes,Yes,Yes,No,One year,Yes,Mailed check,72.67,3349.87,No
4681-KES,Male,1,No,Yes,48,Yes,No,Fiber optic,Yes,Yes,Yes,No,No,No,Month-to-month,No,Bank transfer (automatic),72.1,3469.56,Yes
5196-LHZ,Male,0,No,No,31,Yes,No,DSL,No,Yes,No,No,Yes,Yes,Month-to-month,Yes,Electronic check,46.58,1451.87,Yes
1572-MKG,Female,0,Yes,No,53,Yes,No,Fiber optic,Yes,Yes,No,Yes,Yes,No,One year,Yes,Electronic check,102.08,5403.44,No
5753-NNN,Male,0,Yes,No,35,Yes,Yes,Fiber optic,No,No,No,No,Yes,Yes,Two year,No,Bank transfer (automatic),75.26,2641.07,No
8082-OQU,Female,0,Yes,Yes,18,Yes,No,DSL,Yes,No,Yes,No,No,Yes,One year,No,Electronic check,60.82,1097.75,No
5002-PTB,Male,0,No,No,36,Yes,No,Fiber optic,No,No,Yes,Yes,No,Yes,Two year,Yes,Electronic check,93.72,3383.3,No
6629-QWI,Female,0,No,Yes,16,Yes,No,Fiber optic,No,No,No,Yes,Yes,No,Two year,No,Electronic check,92.3,1470.56,No
9417-RZP,Female,0,No,Yes,15,No,No phone service,Fiber optic,No,Yes,Yes,No,Yes,No,Month-to-month,No,Mailed check,71.52,1067.31,No
5200-SCW,Female,0,No,No,57,Yes,No,DSL,Yes,Yes,No,Yes,Yes,No,One year,No,Credit card (automatic),57.91,3308.98,No
2997-TFD,Male,0,Yes,Yes,43,Yes,No,DSL,No,No,No,No,No,Yes,Month-to-month,No,Mailed check,83.68,3607.35,No
9963-UIK,Male,0,No,Yes,67,Yes,Yes,DSL,No,No,Yes,No,No,No,Month-to-month,No,Bank transfer (automatic),67.44,4516.64,No
8422-VLR,Male,0,No,No,48,Yes,No,No,No internet service,No internet service,No internet service,No internet service,No internet service,No internet service,Month-to-month,Yes,Mailed check,20.72,1004.19,Yes
5524-WOY,Male,0,Yes,No,50,Yes,No,DSL,No,No,No,Yes,Yes,No,Two year,Yes,Credit card (automatic),72.46,3614.49,No
9625-XRF,Female,0,No,Yes,4,Yes,No,Fiber optic,Yes,Yes,No,No,No,Yes,Month-to-month,No,Credit card (automatic),85.76,346.74,Yes
4407-YUM,Male,0,No,Yes,57,Yes,No,DSL,No,No,Yes,No,No,No,One year,Yes,Credit card (automatic),75.64,4317.53,No
7731-ZXT,Female,0,Yes,No,45,Yes,Yes,No,No internet service,No internet service,No internet service,No internet service,No internet service,No internet service,Month-to-month,Yes,Mailed check,21.22,962.58,No
8795-AAA,Male,0,No,Yes,54,Yes,Yes,Fiber optic,Yes,No,No,No,Yes,No,Month-to-month,No,Mailed check,107.91,5824.34,No
3793-BDH,Female,1,No,No,72,Yes,No,DSL,Yes,No,No,No,Yes,No,Month-to-month,Yes,Bank transfer (automatic),75.62,5448.12,No
8334-CGO,Female,0,Yes,No,16,No,No phone service,No,No internet service,No internet service,No internet service,No internet service,No internet service,No internet service,One year,No,Mailed check,20.5,336.2,Yes
3911-DJV,Male,0,No,No,11,Yes,Yes,No,No internet service,No internet service,No internet service,No internet service,No internet service,No internet service,One year,Yes,Electronic check,20.75,238.14,No
8952-EMC,Male,0,Yes,Yes,23,No,No phone service,Fiber optic,No,No,Yes,No,Yes,No,One year,Yes,Bank transfer (automatic),93.59,2160.89,No
3415-FPJ,Male,0,No,No,55,Yes,Yes,Fiber optic,Yes,Yes,No,No,Yes,No,One year,No,Electronic check,99.18,5459.74,No
1250-GSQ,Male,1,Yes,No,54,Yes,No,DSL,No,No,No,No,No,No,One year,No,Credit card (automatic),83.3,4500.9,No
5951-HVX,Female,0,Yes,No,15,Yes,Yes,No,No internet service,No internet service,No internet service,No internet service,No internet service,No internet service,Month-to-month,No,Electronic check,22.79,346.73,No
9098-IYE,Male,0,Yes,No,21,Yes,Yes,No,No internet service,No internet service,No internet service,No internet service,No internet service,No internet service,Month-to-month,Yes,Bank transfer (automatic),20.34,423.87,No
6289-JBL,Female,0,Yes,Yes,43,Yes,Yes,Fiber optic,No,No,No,No,No,No,Month-to-month,Yes,Electronic check,103.45,4452.85,No
9102-KES,Male,0,Yes,Yes,42,Yes,Yes,Fiber optic,No,No,No,Yes,No,Yes,Month-to-month,Yes,Bank transfer (automatic),78.65,3294.69,Yes
8257-LHZ,Male,0,Yes,No,20,Yes,Yes,DSL,No,Yes,No,No,Yes,No,Month-to-month,Yes,Electronic check,65.4,1317.72,No
6565-MKG,Female,0,Yes,No,7,Yes,No,Fiber optic,No,Yes,Yes,Yes,No,Yes,Month-to-month,Yes,Electronic check,94.56,667.29,Yes
7437-NNN,Female,0,Yes,No,48,Yes,Yes,DSL,No,No,No,Yes,No,No,Month-to-month,Yes,Electronic check,49.44,2375.76,No
2173-OQU,Female,0,No,Yes,5,Yes,No,Fiber optic,No,Yes,No,Yes,No,Yes,One year,Yes,Electronic check,95.08,473.75,Yes
9624-PTB,Female,0,No,No,46,Yes,Yes,Fiber optic,No,Yes,Yes,No,Yes,No,Two year,Yes,Electronic check,104.91,4817.39,No
1835-QWI,Female,0,Yes,No,35,Yes,Yes,Fiber optic,No,No,Yes,No,Yes,Yes,One year,Yes,Electronic check,94.06,3288.87,Yes
3262-RZP,Female,0,No,No,22,Yes,No,Fiber optic,Yes,Yes,Yes,No,No,No,Month-to-month,Yes,Electronic check,89.52,1976.35,Yes
5567-SCW,Female,0,No,No,30,Yes,No,Fiber optic,No,Yes,No,No,No,No,Two year,No,Mailed check,102.19,3063.48,No
4815-TFD,Male,0,Yes,No,61,Yes,No,DSL,No,Yes,No,No,No,No,One year,No,Electronic check,64.15,3922.26,No
1246-UIK,Male,0,Yes,No,56,Yes,No,DSL,No,No,Yes,Yes,No,No,Month-to-month,No,Electronic check,57.82,3238.35,No
3429-VLR,Female,1,No,No,69,Yes,Yes,Fiber optic,No,Yes,Yes,No,Yes,No,One year,Yes,Electronic check,91.74,6337.71,Yes
6287-WOY,Female,0,Yes,No,64,Yes,No,Fiber optic,No,No,Yes,No,Yes,Yes,One year,No,Credit card (automatic),73.8,4730.18,No
3607-XRF,Female,0,No,No,36,Yes,Yes,Fiber optic,No,Yes,Yes,No,No,Yes,Two year,No,Electronic check,109.59,3940.1,No
6930-YUM,Male,0,No,Yes,67,Yes,Yes,No,No internet service,No internet service,No internet service,No internet service,No internet service,No internet service,Month-to-month,Yes,Mailed check,20.57,1374.29,No
5022-ZXT,Male,0,No,No,16,Yes,No,Fiber optic,No,Yes,No,No,No,No,Two year,Yes,Electronic check,100.16,1596.58,No
5784-AAA,Male,1,No,No,6,Yes,Yes,Fiber optic,No,Yes,Yes,No,Yes,No,Two year,Yes,Mailed check,97.13,575.95,Yes
7617-BDH,Male,0,No,No,51,Yes,Yes,DSL,No,Yes,No,Yes,No,No,Month-to-month,Yes,Credit card (automatic),51.7,2631.14,No
4151-CGO,Male,0,No,Yes,34,Yes,Yes,No,No internet service,No internet service,No internet service,No internet service,No internet service,No internet service,Two year,No,Mailed check,20.64,707.63,No
6580-DJV,Male,0,No,Yes,1,Yes,No,Fiber optic,Yes,Yes,No,No,No,No,One year,Yes,Electronic check,117.06,108.82,No
8054-EMC,Female,0,Yes,Yes,39,No,No phone service,Fiber optic,Yes,No,No,Yes,Yes,Yes,One year,Yes,Mailed check,105.87,4133.71,Yes
8706-FPJ,Male,1,No,Yes,36,Yes,No,DSL,Yes,No,No,Yes,No,No,Two year,No,Mailed check,60.86,2185.89,No
8619-GSQ,Male,0,No,Yes,56,Yes,Yes,DSL,Yes,No,No,Yes,No,No,Month-to-month,Yes,Credit card (automatic),80.66,4516.98,No
5573-HVX,Male,0,No,Yes,9,Yes,Yes,DSL,Yes,No,Yes,No,Yes,Yes,Month-to-month,No,Credit card (automatic),68.04,603.16,Yes
4491-IYE,Male,0,Yes,No,45,Yes,No,Fiber optic,Yes,Yes,No,Yes,No,No,Month-to-month,Yes,Credit card (automatic),111.26,5010.84,Yes
1706-JBL,Female,1,Yes,Yes,4,Yes,Yes,Fiber optic,No,No,Yes,No,No,No,Month-to-month,Yes,Electronic check,95.63,375.54,No
7997-KES,Male,1,No,No,4,Yes,Yes,Fiber optic,Yes,Yes,Yes,No,No,No,Month-to-month,Yes,Electronic check,115.41,467.61,Yes
6233-LHZ,Female,0,No,Yes,26,Yes,No,No,No internet service,No internet service,No internet service,No internet service,No internet service,No internet service,Month-to-month,No,Electronic check,23.89,613.16,No
9945-MKG,Female,1,No,No,4,No,No phone service,Fiber optic,No,Yes,Yes,Yes,Yes,Yes,Month-to-month,Yes,Mailed check,73.9,289.43,Yes
6755-NNN,Female,1,Yes,No,60,Yes,Yes,DSL,No,Yes,Yes,Yes,No,No,Month-to-month,Yes,Electronic check,72.0,4328.45,No
7960-OQU,Male,0,No,Yes,7,Yes,Yes,No,No internet service,No internet service,No internet service,No internet service,No internet service,No internet service,Two year,No,Bank transfer (automatic),21.26,152.67,No
9779-PTB,Male,0,Yes,Yes,30,Yes,No,DSL,No,Yes,No,Yes,No,Yes,One year,Yes,Credit card (automatic),50.18,1497.26,No
2334-QWI,Male,0,Yes,Yes,20,Yes,Yes,DSL,No,No,Yes,No,No,No,Month-to-month,Yes,Bank transfer (automatic),76.84,1531.43,Yes
6588-RZP,Male,0,No,No,20,Yes,No,Fiber optic,No,No,Yes,No,No,No,Month-to-month,Yes,Bank transfer (automatic),93.9,1881.42,Yes
2847-SCW,Female,0,No,No,50,Yes,No,No,No internet service,No internet service,No internet service,No internet service,No internet service,No internet service,Month-to-month,Yes,Electronic check,19.61,977.44,No
7851-TFD,Male,0,Yes,No,58,No,No phone service,Fiber optic,No,No,No,No,Yes,Yes,Month-to-month,Yes,Credit card (automatic),85.84,4984.54,No
8211-UIK,Male,0,No,Yes,1,Yes,Yes,DSL,No,Yes,Yes,No,Yes,No,Two year,Yes,Credit card (automatic),50.89,60.27,Yes
8865-VLR,Male,1,No,No,29,Yes,No,Fiber optic,No,No,No,No,Yes,No,Month-to-month,Yes,Credit card (automatic),99.89,2900.48,Yes
4317-WOY,Female,1,No,No,57,Yes,No,Fiber optic,Yes,Yes,No,No,Yes,Yes,Month-to-month,No,Credit card (automatic),100.97,5757.19,No
7811-XRF,Male,0,Yes,No,19,Yes,No,No,No internet service,No internet service,No internet service,No internet service,No internet service,No internet service,Two year,Yes,Electronic check,20.24,380.23,No
1164-YUM,Male,0,Yes,No,39,Yes,No,DSL,Yes,No,No,No,Yes,Yes,Two year,Yes,Mailed check,55.38,2167.37,No
8060-ZXT,Male,0,Yes,Yes,28,Yes,Yes,Fiber optic,No,Yes,Yes,No,No,Yes,Month-to-month,Yes,Electronic check,75.41,2103.55,Yes
4057-AAA,Male,0,Yes,Yes,4,Yes,No,No,No internet service,No internet service,No internet service,No internet service,No internet service,No internet service,Month-to-month,Yes,Credit card (automatic),24.83,95.09,Yes
5428-BDH,Male,0,Yes,No,9,Yes,Yes,DSL,Yes,Yes,No,No,Yes,No,Month-to-month,No,Credit card (automatic),56.89,510.72,Yes
1402-CGO,Male,0,Yes,No,60,Yes,No,No,No internet service,No internet service,No internet service,No internet service,No internet service,No internet service,Two year,Yes,Bank transfer (automatic),22.29,1329.59,No
9605-DJV,Male,0,Yes,Yes,0,Yes,No,DSL,No,No,No,No,Yes,No,One year,Yes,Electronic check,51.75, ,No
9236-EMC,Male,0,Yes,Yes,46,Yes,Yes,DSL,No,No,No,No,No,No,Two year,Yes,Electronic check,73.53,3376.26,No
7349-FPJ,Female,0,Yes,No,56,Yes,Yes,DSL,No,No,No,Yes,No,No,Month-to-month,No,Credit card (automatic),71.07,3980.57,Yes
5157-GSQ,Male,0,Yes,No,13,No,No phone service,Fiber optic,Yes,No,Yes,Yes,No,Yes,Two year,No,Mailed check,76.01,980.21,Yes
1867-HVX,Male,1,No,Yes,24,Yes,Yes,Fiber optic,No,Yes,No,No,No,Yes,Month-to-month,No,Bank transfer (automatic),70.88,1698.63,Yes
9210-IYE,Male,0,No,No,20,Yes,No,DSL,Yes,No,No,Yes,Yes,Yes,Month-to-month,Yes,Credit card (automatic),44.9,906.26,No
1364-JBL,Female,0,Yes,No,15,Yes,Yes,Fiber optic,Yes,Yes,No,No,No,No,Month-to-month,Yes,Bank transfer (automatic),84.09,1260.83,No
8467-KES,Female,0,Yes,No,31,Yes,No,DSL,No,Yes,Yes,No,No,Yes,One year,Yes,Credit card (automatic),60.86,1888.7,No
7571-LHZ,Female,0,No,No,44,Yes,No,No,No internet service,No internet service,No internet service,No internet service,No internet service,No internet service,Month-to-month,No,Bank transfer (automatic),24.99,1093.59,Yes
1579-MKG,Male,0,Yes,No,63,Yes,Yes,DSL,Yes,No,No,No,No,No,Month-to-month,No,Mailed check,83.36,5258.54,No
8674-NNN,Male,0,No,No,72,Yes,No,No,No internet service,No internet service,No internet service,No internet service,No internet service,No internet service,One year,Yes,Bank transfer (automatic),19.32,1393.15,No
9737-OQU,Female,0,No,No,59,No,No phone service,Fiber optic,No,No,No,Yes,No,No,Month-to-month,Yes,Mailed check,101.98,6026.07,No
7468-PTB,Female,0,Yes,No,18,Yes,No,No,No internet service,No internet service,No internet service,No internet service,No internet service,No internet service,Two year,No,Bank transfer (automatic),19.79,351.4,No
5150-QWI,Female,0,No,No,46,No,No phone service,No,No internet service,No internet service,No internet service,No internet service,No internet service,No internet service,Month-to-month,Yes,Credit card (automatic),18.43,849.77,No
4039-RZP,Female,0,No,No,63,No,No phone service,No,No internet service,No internet service,No internet service,No internet service,No internet service,No internet service,Two year,No,Credit card (automatic),22.53,1421.14,No
5137-SCW,Female,0,Yes,Yes,29,Yes,Yes,DSL,Yes,No,No,Yes,No,Yes,Two year,Yes,Mailed check,51.31,1495.74,No
1452-TFD,Female,0,Yes,Yes,46,Yes,Yes,No,No internet service,No internet service,No internet service,No internet service,No internet service,No internet service,Month-to-month,No,Credit card (automatic),20.34,940.46,Yes
7537-UIK,Female,0,No,No,32,Yes,Yes,No,No internet service,No internet service,No internet service,No internet service,No internet service,No internet service,Month-to-month,No,Electronic check,19.91,630.42,No
2381-VLR,Female,0,No,Yes,20,Yes,No,No,No internet service,No internet service,No internet service,No internet service,No internet service,No internet service,Two year,Yes,Mailed check,19.67,400.34,No
9154-WOY,Female,1,Yes,No,62,Yes,No,DSL,No,No,No,No,No,No,One year,No,Mailed check,45.33,2817.91,No
2467-XRF,Male,0,Yes,Yes,41,Yes,Yes,No,No internet service,No internet service,No internet service,No internet service,No internet service,No internet service,Two year,No,Electronic check,23.45,962.12,No
3738-YUM,Female,0,Yes,No,60,Yes,No,Fiber optic,No,No,No,Yes,No,No,Month-to-month,Yes,Credit card (automatic),82.53,4951.58,Yes
8572-ZXT,Female,0,No,No,42,Yes,Yes,Fiber optic,No,No,No,Yes,No,No,Month-to-month,Yes,Credit card (automatic),117.77,4947.49,Yes
7747-AAA,Female,0,No,No,67,Yes,No,Fiber optic,No,No,No,No,No,Yes,Month-to-month,Yes,Electronic check,118.17,7908.4,Yes
1880-BDH,Female,0,Yes,Yes,25,Yes,Yes,Fiber optic,No,Yes,No,No,No,No,Month-to-month,Yes,Mailed check,112.45,2814.08,Yes
4149-CGO,Female,0,No,No,32,Yes,Yes,DSL,Yes,No,Yes,No,Yes,Yes,Month-to-month,Yes,Electronic check,81.05,2585.42,Yes
9276-DJV,Female,0,Yes,No,32,Yes,Yes,DSL,Yes,No,Yes,No,Yes,Yes,Two year,No,Mailed check,45.7,1465.84,No
8892-EMC,Male,0,No,No,48,Yes,No,No,No internet service,No internet service,No internet service,No internet service,No internet service,No internet service,Two year,Yes,Electronic check,22.89,1107.52,No
5144-FPJ,Male,0,Yes,No,40,Yes,Yes,DSL,No,Yes,No,No,Yes,No,Two year,No,Mailed check,48.23,1932.76,No
2168-GSQ,Male,1,No,No,71,Yes,Yes,DSL,No,Yes,Yes,No,No,No,One year,Yes,Bank transfer (automatic),61.88,4392.97,No
4129-HVX,Male,0,No,No,35,Yes,No,DSL,No,No,No,Yes,No,No,Month-to-month,No,Mailed check,63.04,2210.0,Yes
4645-IYE,Female,0,No,No,71,Yes,No,DSL,No,No,No,Yes,Yes,No,Month-to-month,Yes,Mailed check,45.73,3250.14,No
3526-JBL,Male,0,Yes,No,21,Yes,Yes,Fiber optic,No,Yes,Yes,No,No,No,Month-to-month,No,Mailed check,88.93,1868.04,Yes
4516-KES,Female,0,No,No,46,Yes,No,No,No internet service,No internet service,No internet service,No internet service,No internet service,No internet service,Two year,Yes,Bank transfer (automatic),20.16,933.27,No
4367-LHZ,Male,0,No,No,19,Yes,Yes,DSL,No,Yes,No,No,Yes,No,Two year,No,Electronic check,68.21,1304.55,No
8338-MKG,Female,0,No,No,23,Yes,No,DSL,Yes,No,Yes,Yes,No,Yes,One year,Yes,Credit card (automatic),62.35,1424.95,No
4555-NNN,Male,1,Yes,Yes,42,Yes,Yes,No,No internet service,No internet service,No internet service,No internet service,No internet service,No internet service,Two year,No,Mailed check,22.44,950.8,No
6111-OQU,Male,0,No,No,72,Yes,No,Fiber optic,No,No,No,No,No,No,Two year,No,Electronic check,70.1,5044.99,No
7752-PTB,Female,0,Yes,Yes,15,Yes,No,Fiber optic,No,Yes,No,No,No,Yes,Month-to-month,Yes,Electronic check,107.72,1609.31,Yes
1445-QWI,Male,1,Yes,No,26,Yes,Yes,Fiber optic,Yes,No,No,No,No,Yes,Month-to-month,No,Bank transfer (automatic),94.87,2457.89,Yes
7364-RZP,Female,0,Yes,Yes,44,Yes,No,No,No internet service,No internet service,No internet service,No internet service,No internet service,No internet service,Month-to-month,Yes,Mailed check,19.37,858.54,No
4626-SCW,Male,0,Yes,No,36,Yes,No,DSL,Yes,Yes,No,No,Yes,Yes,Month-to-month,Yes,Electronic check,60.43,2183.06,No
5016-TFD,Male,0,Yes,No,12,Yes,No,Fiber optic,Yes,No,No,No,No,No,Month-to-month,Yes,Credit card (automatic),86.66,1049.01,Yes
4875-UIK,Female,0,Yes,No,50,Yes,Yes,Fiber optic,Yes,No,No,No,No,No,One year,No,Bank transfer (automatic),111.81,5592.91,No
6497-VLR,Female,0,Yes,No,1,Yes,No,DSL,No,No,No,No,No,No,One year,Yes,Electronic check,77.97,69.19,No
7238-WOY,Female,0,No,Yes,58,Yes,No,No,No internet service,No internet service,No internet service,No internet service,No internet service,No internet service,Two year,No,Electronic check,19.33,1119.21,No
1261-XRF,Male,1,Yes,No,13,Yes,No,Fiber optic,Yes,No,Yes,Yes,Yes,Yes,Month-to-month,Yes,Electronic check,111.3,1440.44,Yes
5992-YUM,Female,0,No,No,48,Yes,Yes,DSL,No,Yes,Yes,No,No,No,Month-to-month,No,Electronic check,68.96,3315.39,Yes
5025-ZXT,Male,0,No,No,29,Yes,Yes,No,No internet service,No internet service,No internet service,No internet service,No internet service,No internet service,One year,Yes,Credit card (automatic),19.94,585.99,No
9283-AAA,Male,0,No,No,8,Yes,No,DSL,No,No,No,No,Yes,No,One year,Yes,Credit card (automatic),82.19,651.1,No
5222-BDH,Female,0,No,No,23,No,No phone service,Fiber optic,No,No,No,No,No,Yes,Month-to-month,Yes,Mailed check,88.1,2016.87,No
5175-CGO,Male,0,Yes,No,40,Yes,Yes,No,No internet service,No internet service,No internet service,No internet service,No internet service,No internet service,Two year,No,Electronic check,23.6,948.05,No
4443-DJV,Male,0,No,Yes,59,Yes,Yes,DSL,No,No,No,No,Yes,No,Month-to-month,Yes,Mailed check,71.49,4213.52,No
6011-EMC,Female,0,No,No,31,Yes,Yes,No,No internet service,No internet service,No internet service,No internet service,No internet service,No internet service,Month-to-month,Yes,Mailed check,23.62,732.78,No
1693-FPJ,Female,0,No,No,46,Yes,Yes,No,No internet service,No internet service,No internet service,No internet service,No internet service,No internet service,One year,Yes,Electronic check,18.89,877.06,No
9347-GSQ,Male,1,No,Yes,20,Yes,No,Fiber optic,No,Yes,Yes,Yes,No,No,One year,Yes,Electronic check,80.16,1604.01,No
2812-HVX,Female,1,No,No,41,Yes,No,Fiber optic,No,Yes,No,No,No,No,One year,No,Electronic check,104.81,4287.58,No
6724-IYE,Female,0,Yes,Yes,69,Yes,Yes,No,No internet service,No internet service,No internet service,No internet service,No internet service,No internet service,Month-to-month,No,Credit card (automatic),19.24,1331.77,No
2407-JBL,Female,0,No,No,1,Yes,No,DSL,Yes,Yes,Yes,No,Yes,No,Month-to-month,Yes,Credit card (automatic),74.78,84.13,No
9032-KES,Male,0,No,No,30,Yes,No,DSL,No,No,No,No,No,No,Two year,No,Electronic check,56.59,1705.75,No
2410-LHZ,Male,0,Yes,Yes,55,Yes,No,No,No internet service,No internet service,No internet service,No internet service,No internet service,No internet service,Two year,No,Bank transfer (automatic),22.32,1237.3,No
4497-MKG,Male,1,No,Yes,29,Yes,No,DSL,No,Yes,No,Yes,Yes,No,Month-to-month,No,Electronic check,59.0,1702.84,No
5372-NNN,Female,0,No,Yes,62,Yes,Yes,DSL,No,No,No,No,No,No,Two year,No,Electronic check,68.6,4262.15,No
8394-OQU,Male,0,No,No,14,Yes,No,Fiber optic,No,No,No,No,No,No,Two year,No,Bank transfer (automatic),100.24,1411.23,No
1551-PTB,Male,0,No,No,17,Yes,No,DSL,No,No,Yes,No,Yes,No,Two year,No,Bank transfer (automatic),61.8,1045.16,No
5332-QWI,Female,0,Yes,No,31,Yes,Yes,DSL,No,No,No,No,Yes,Yes,One year,Yes,Bank transfer (automatic),82.11,2537.16,Yes
1997-RZP,Female,0,No,No,13,Yes,No,No,No internet service,No internet service,No internet service,No internet service,No internet service,No internet service,Month-to-month,Yes,Mailed check,24.81,331.32,No
5076-SCW,Male,0,No,No,61,Yes,No,Fiber optic,No,Yes,No,No,Yes,No,Month-to-month,Yes,Electronic check,114.16,6958.79,No
7099-TFD,Male,1,No,No,51,Yes,No,Fiber optic,Yes,Yes,Yes,No,No,No,Month-to-month,No,Mailed check,105.83,5399.85,Yes
6555-UIK,Male,0,Yes,No,21,Yes,Yes,Fiber optic,No,No,No,Yes,No,Yes,Month-to-month,Yes,Electronic check,76.02,1592.54,No
5052-VLR,Male,0,Yes,No,13,No,No phone service,Fiber optic,No,Yes,No,Yes,Yes,No,Two year,No,Electronic check,115.21,1496.57,Yes
6303-WOY,Male,0,No,Yes,33,Yes,No,DSL,No,Yes,Yes,Yes,Yes,No,Month-to-month,Yes,Electronic check,70.11,2315.8,Yes
9118-XRF,Female,0,Yes,Yes,55,Yes,Yes,Fiber optic,No,No,No,Yes,Yes,Yes,Month-to-month,No,Electronic check,74.76,4104.66,Yes
7102-YUM,Male,0,No,No,52,Yes,Yes,Fiber optic,No,Yes,Yes,No,Yes,Yes,One year,Yes,Electronic check,102.29,5314.24,No
6490-ZXT,Male,0,Yes,Yes,48,Yes,Yes,DSL,Yes,Yes,Yes,No,No,No,Two year,Yes,Electronic check,58.56,2805.38,No
9564-AAA,Male,1,No,No,62,Yes,Yes,DSL,Yes,Yes,Yes,No,No,No,Month-to-month,Yes,Mailed check,81.09,5035.75,Yes
6616-BDH,Female,0,Yes,Yes,15,Yes,Yes,No,No internet service,No internet service,No internet service,No internet service,No internet service,No internet service,Month-to-month,Yes,Credit card (automatic),23.07,337.9,Yes
3248-CGO,Male,0,No,No,39,Yes,Yes,DSL,No,Yes,No,No,No,Yes,Month-to-month,Yes,Credit card (automatic),69.1,2704.8,No
1848-DJV,Male,0,No,No,37,Yes,No,Fiber optic,No,No,Yes,No,Yes,No,Month-to-month,Yes,Mailed check,81.13,3003.3,No
7354-EMC,Female,0,Yes,No,17,Yes,Yes,DSL,Yes,Yes,Yes,No,Yes,Yes,Two year,No,Bank transfer (automatic),78.84,1344.59,No
9695-FPJ,Female,0,No,No,22,Yes,Yes,Fiber optic,Yes,No,No,No,No,Yes,Month-to-month,Yes,Electronic check,114.96,2533.64,No
9070-GSQ,Male,0,Yes,Yes,47,Yes,Yes,No,No internet service,No internet service,No internet service,No internet service,No internet service,No internet service,Month-to-month,Yes,Mailed check,22.51,1066.28,No
9894-HVX,Female,0,No,Yes,45,Yes,Yes,Fiber optic,No,Yes,Yes,No,No,Yes,Month-to-month,Yes,Credit card (automatic),113.79,5114.02,Yes
4625-IYE,Male,0,No,No,21,Yes,No,Fiber optic,No,No,No,No,No,No,Month-to-month,Yes,Electronic check,79.01,1668.62,Yes
1314-JBL,Male,0,Yes,No,53,Yes,Yes,Fiber optic,Yes,No,No,No,No,No,Month-to-month,Yes,Bank transfer (automatic),93.58,4956.91,No
3376-KES,Female,0,Yes,No,39,Yes,Yes,DSL,Yes,No,No,No,Yes,Yes,Two year,Yes,Mailed check,49.31,1921.68,No
5378-LHZ,Male,0,No,No,29,Yes,Yes,Fiber optic,Yes,Yes,No,No,Yes,No,Month-to-month,No,Electronic check,106.58,3085.3,Yes
9449-MKG,Male,0,Yes,Yes,54,Yes,No,Fiber optic,Yes,Yes,No,Yes,No,Yes,Month-to-month,Yes,Electronic check,90.76,4897.43,Yes
1574-NNN,Male,0,Yes,No,55,Yes,Yes,Fiber optic,No,No,No,No,No,No,One year,Yes,Credit card (automatic),114.32,6280.07,No
6585-OQU,Female,0,No,No,41,Yes,Yes,No,No internet service,No internet service,No internet service,No internet service,No internet service,No internet service,Month-to-month,No,Electronic check,24.46,1004.71,No
6492-PTB,Male,0,Yes,No,41,Yes,No,Fiber optic,Yes,Yes,Yes,No,No,No,Month-to-month,No,Credit card (automatic),95.68,3932.31,No
9949-QWI,Female,0,No,Yes,61,Yes,No,Fiber optic,No,No,No,No,No,No,One year,No,Mailed check,74.93,4578.68,No
3810-RZP,Female,1,No,No,52,Yes,No,Fiber optic,No,Yes,No,No,Yes,Yes,Month-to-month,Yes,Credit card (automatic),87.05,4526.13,No
9134-SCW,Female,0,Yes,No,52,Yes,No,No,No internet service,No internet service,No internet service,No internet service,No internet service,No internet service,Month-to-month,No,Credit card (automatic),24.35,1264.9,Yes
6670-TFD,Female,0,Yes,No,63,Yes,No,DSL,No,No,No,Yes,No,Yes,Two year,Yes,Electronic check,65.82,4147.8,No
8715-UIK,Female,0,No,Yes,0,Yes,Yes,DSL,No,Yes,Yes,No,No,No,One year,Yes,Credit card (automatic),49.2, ,No
7567-VLR,Male,0,Yes,Yes,68,Yes,Yes,Fiber optic,No,Yes,No,Yes,No,No,Two year,Yes,Mailed check,73.35,4989.57,No
4459-WOY,Male,0,Yes,No,26,Yes,No,DSL,No,No,No,Yes,Yes,Yes,Month-to-month,Yes,Credit card (automatic),82.54,2150.61,Yes
7117-XRF,Female,0,No,Yes,16,Yes,Yes,Fiber optic,Yes,No,No,No,No,Yes,One year,Yes,Credit card (automatic),106.28,1691.08,No
4992-YUM,Female,1,No,No,62,Yes,No,No,No internet service,No internet service,No internet service,No internet service,No internet service,No internet service,Two year,No,Electronic check,22.25,1373.31,No
8837-ZXT,Male,0,Yes,No,40,Yes,No,DSL,Yes,Yes,Yes,No,No,No,One year,No,Bank transfer (automatic),46.02,1831.68,No
1203-AAA,Female,0,No,No,57,Yes,No,Fiber optic,No,Yes,Yes,No,No,Yes,Month-to-month,Yes,Electronic check,102.5,5847.33,Yes
3775-BDH,Male,0,No,No,56,Yes,Yes,DSL,Yes,No,No,Yes,No,No,Month-to-month,No,Bank transfer (automatic),82.35,4609.91,No
2992-CGO,Male,0,No,Yes,37,Yes,No,DSL,No,No,No,Yes,No,No,Month-to-month,Yes,Mailed check,59.82,2203.62,No
3243-DJV,Male,0,No,No,65,Yes,No,Fiber optic,No,No,No,No,No,No,Month-to-month,Yes,Electronic check,107.64,7003.6,Yes
9498-EMC,Female,1,No,Yes,44,Yes,Yes,Fiber optic,Yes,Yes,Yes,No,Yes,No,Two year,No,Electronic check,106.65,4686.85,No
2687-FPJ,Female,1,Yes,Yes,22,No,No phone service,Fiber optic,No,No,No,Yes,No,No,Month-to-month,Yes,Electronic check,108.41,2378.45,Yes
5109-GSQ,Female,0,Yes,Yes,19,Yes,Yes,Fiber optic,No,No,No,No,Yes,No,Two year,Yes,Credit card (automatic),89.48,1695.22,No
2860-HVX,Female,0,Yes,No,35,No,No phone service,DSL,No,Yes,No,No,No,No,Month-to-month,No,Bank transfer (automatic),70.44,2466.28,Yes
6176-IYE,Female,0,Yes,No,41,Yes,No,No,No internet service,No internet service,No internet service,No internet service,No internet service,No internet service,Two year,No,Electronic check,18.82,771.87,No
1722-JBL,Male,0,Yes,No,21,Yes,Yes,No,No internet service,No internet service,No internet service,No internet service,No internet service,No internet service,Month-to-month,No,Mailed check,19.83,418.7,Yes
9971-KES,Male,1,Yes,Yes,59,Yes,No,No,No internet service,No internet service,No internet service,No internet service,No internet service,No internet service,One year,Yes,Bank transfer (automatic),20.42,1211.11,No
9720-LHZ,Male,0,No,No,10,Yes,No,DSL,Yes,No,Yes,No,No,Yes,Two year,No,Credit card (automatic),76.58,758.65,Yes
5893-MKG,Male,0,Yes,Yes,27,Yes,No,DSL,Yes,No,Yes,No,No,Yes,Month-to-month,No,Bank transfer (automatic),71.52,1931.44,No
1343-NNN,Female,0,No,Yes,44,Yes,Yes,Fiber optic,No,No,No,No,No,No,One year,Yes,Electronic check,90.72,4000.29,No
6398-OQU,Male,0,Yes,No,21,Yes,No,No,No internet service,No internet service,No internet service,No internet service,No internet service,No internet service,Month-to-month,No,Credit card (automatic),20.95,432.9,Yes
9400-PTB,Female,0,No,No,62,Yes,Yes,DSL,Yes,Yes,No,No,Yes,Yes,Month-to-month,Yes,Mailed check,62.38,3873.1,No
5736-QWI,Female,0,No,No,30,No,No phone service,Fiber optic,No,No,Yes,No,No,No,Month-to-month,No,Bank transfer (automatic),96.35,2898.38,Yes
4406-RZP,Male,0,No,No,10,Yes,Yes,No,No internet service,No internet service,No internet service,No internet service,No internet service,No internet service,Month-to-month,Yes,Electronic check,21.96,210.55,Yes
1919-SCW,Male,0,No,Yes,35,Yes,Yes,DSL,No,No,No,No,No,Yes,One year,Yes,Bank transfer (automatic),64.16,2242.7,No
6819-TFD,Male,0,No,No,34,Yes,Yes,DSL,Yes,Yes,No,No,No,Yes,Month-to-month,Yes,Mailed check,68.39,2316.3,Yes
3044-UIK,Female,0,No,No,22,Yes,Yes,Fiber optic,Yes,No,Yes,Yes,No,No,Two year,No,Electronic check,81.24,1795.6,No
1418-VLR,Female,0,Yes,Yes,28,Yes,Yes,Fiber optic,No,Yes,No,Yes,Yes,Yes,Month-to-month,Yes,Credit card (automatic),98.19,2746.04,Yes
2749-WOY,Female,0,No,No,22,Yes,No,Fiber optic,Yes,Yes,No,Yes,Yes,Yes,Month-to-month,No,Bank transfer (automatic),117.74,2581.93,Yes
8378-XRF,Female,0,Yes,No,15,Yes,Yes,No,No internet service,No internet service,No internet service,No internet service,No internet service,No internet service,Month-to-month,Yes,Electronic check,20.76,303.1,No
2099-YUM,Female,0,Yes,No,18,Yes,Yes,No,No internet service,No internet service,No internet service,No internet service,No internet service,No internet service,Month-to-month,No,Bank transfer (automatic),18.74,340.95,No
4392-ZXT,Male,0,Yes,No,62,Yes,No,Fiber optic,Yes,No,Yes,Yes,Yes,Yes,One year,Yes,Credit card (automatic),112.35,6975.59,No
3772-AAA,Male,0,Yes,No,49,No,No phone service,DSL,Yes,Yes,Yes,Yes,No,No,One year,Yes,Mailed check,72.7,3564.24,No
7784-BDH,Female,0,Yes,No,72,Yes,No,No,No internet service,No internet service,No internet service,No internet service,No internet service,No internet service,One year,Yes,Mailed check,24.35,1743.27,No
2545-CGO,Male,0,Yes,No,42,No,No phone service,Fiber optic,Yes,No,No,No,Yes,Yes,Two year,Yes,Bank transfer (automatic),111.9,4695.72,No
2070-DJV,Female,0,Yes,No,18,Yes,No,DSL,No,Yes,No,No,Yes,Yes,Month-to-month,Yes,Mailed check,77.74,1391.16,Yes
7522-EMC,Male,0,Yes,Yes,17,Yes,No,No,No internet service,No internet service,No internet service,No internet service,No internet service,No internet service,Month-to-month,No,Mailed check,18.32,306.54,Yes
2850-FPJ,Female,0,Yes,No,5,Yes,No,Fiber optic,Yes,No,Yes,No,No,Yes,Month-to-month,Yes,Mailed check,110.45,557.11,Yes
6053-GSQ,Male,0,No,Yes,34,Yes,Yes,No,No internet service,No internet service,No internet service,No internet service,No internet service,No internet service,One year,Yes,Electronic check,19.76,669.83,No
3939-HVX,Male,1,Yes,No,13,No,No phone service,DSL,No,No,Yes,Yes,Yes,No,Two year,No,Electronic check,47.61,613.84,No
8194-IYE,Male,0,No,Yes,63,No,No phone service,Fiber optic,No,No,No,Yes,Yes,No,Two year,Yes,Mailed check,81.44,5128.5,Yes
6851-JBL,Female,0,Yes,Yes,8,Yes,Yes,No,No internet service,No internet service,No internet service,No internet service,No internet service,No internet service,Two year,Yes,Electronic check,23.95,188.9,No
7673-KES,Male,0,No,Yes,34,Yes,Yes,Fiber optic,No,No,No,No,No,Yes,One year,No,Bank transfer (automatic),110.84,3763.14,No
1678-LHZ,Female,1,Yes,Yes,1,Yes,Yes,DSL,Yes,Yes,Yes,Yes,No,No,One year,No,Credit card (automatic),60.4,52.67,No
1988-MKG,Female,1,No,Yes,5,Yes,Yes,Fiber optic,Yes,No,No,No,No,No,Month-to-month,No,Mailed check,100.09,506.68,Yes
2502-NNN,Female,1,Yes,No,24,Yes,No,No,No internet service,No internet service,No internet service,No internet service,No internet service,No internet service,One year,Yes,Credit card (automatic),22.8,550.5,No
2789-OQU,Male,0,No,No,72,Yes,No,DSL,No,No,Yes,No,Yes,No,Month-to-month,Yes,Credit card (automatic),69.99,5034.7,No
6281-PTB,Male,0,Yes,No,49,Yes,No,Fiber optic,Yes,No,Yes,No,Yes,Yes,Month-to-month,No,Bank transfer (automatic),98.69,4827.13,No
6027-QWI,Female,0,No,No,6,Yes,Yes,Fiber optic,No,No,Yes,No,Yes,Yes,Month-to-month,No,Bank transfer (automatic),110.69,668.35,Yes
2425-RZP,Male,0,Yes,No,62,Yes,Yes,Fiber optic,No,Yes,Yes,No,No,No,Month-to-month,No,Bank transfer (automatic),87.65,5428.5,No
7654-SCW,Male,0,No,No,27,Yes,No,Fiber optic,Yes,No,Yes,No,Yes,No,Month-to-month,Yes,Electronic check,86.83,2347.41,Yes
3440-TFD,Male,0,No,No,1,Yes,No,No,No internet service,No internet service,No internet service,No internet service,No internet service,No internet service,Two year,Yes,Bank transfer (automatic),20.63,19.23,No
7856-UIK,Female,0,No,Yes,64,No,No phone service,No,No internet service,No internet service,No internet service,No internet service,No internet service,No internet service,Two year,No,Mailed check,20.02,1277.42,No
8367-VLR,Female,0,No,Yes,58,Yes,Yes,DSL,No,No,No,No,No,Yes,One year,No,Electronic check,81.66,4730.93,Yes
3594-WOY,Male,0,Yes,No,23,Yes,Yes,No,No internet service,No internet service,No internet service,No internet service,No internet service,No internet service,Two year,Yes,Bank transfer (automatic),19.68,447.23,No
5689-XRF,Female,0,Yes,No,61,Yes,Yes,DSL,Yes,No,Yes,Yes,Yes,Yes,Month-to-month,Yes,Credit card (automatic),73.33,4465.17,No
3436-YUM,Male,0,No,Yes,70,Yes,Yes,Fiber optic,Yes,No,No,No,No,No,Two year,Yes,Electronic check,103.61,7261.51,No
6517-ZXT,Female,0,Yes,No,37,Yes,No,DSL,No,No,Yes,No,Yes,Yes,Two year,Yes,Electronic check,74.79,2763.64,No
7310-AAA,Female,0,No,Yes,61,Yes,Yes,DSL,No,No,No,Yes,Yes,No,Month-to-month,Yes,Mailed check,70.98,4339.19,No
4539-BDH,Female,0,Yes,No,64,Yes,Yes,Fiber optic,No,Yes,No,Yes,No,No,Month-to-month,Yes,Electronic check,72.99,4668.36,Yes
4483-CGO,Female,1,No,No,50,Yes,No,Fiber optic,Yes,Yes,No,Yes,Yes,Yes,One year,No,Electronic check,80.7,4044.85,No
8371-DJV,Male,0,No,No,51,Yes,No,DSL,Yes,No,Yes,Yes,No,Yes,Month-to-month,No,Mailed check,83.22,4244.07,No
3241-EMC,Female,1,Yes,No,62,Yes,No,DSL,Yes,No,No,No,No,No,Month-to-month,Yes,Mailed check,52.48,3244.78,Yes
7378-FPJ,Male,0,No,No,10,No,No phone service,DSL,Yes,Yes,Yes,No,No,No,Two year,Yes,Bank transfer (automatic),57.7,574.15,No
3765-GSQ,Female,0,Yes,Yes,47,No,No phone service,Fiber optic,No,No,No,Yes,No,Yes,Month-to-month,No,Mailed check,116.49,5481.83,No
5911-HVX,Male,0,Yes,No,53,Yes,Yes,Fiber optic,No,No,No,Yes,Yes,Yes,One year,No,Electronic check,115.19,6098.74,Yes
1403-IYE,Male,0,No,No,49,Yes,Yes,Fiber optic,No,No,No,No,No,No,Month-to-month,Yes,Electronic check,83.39,4086.25,Yes
4382-JBL,Male,0,Yes,No,37,Yes,No,No,No internet service,No internet service,No internet service,No internet service,No internet service,No internet service,Month-to-month,Yes,Mailed check,21.93,818.48,No
5163-KES,Male,0,No,No,7,Yes,No,Fiber optic,Yes,Yes,Yes,Yes,No,Yes,Two year,Yes,Bank transfer (automatic),79.36,563.13,No
8630-LHZ,Male,1,No,Yes,5,Yes,No,DSL,No,No,No,Yes,No,No,Month-to-month,No,Bank transfer (automatic),67.0,330.95,Yes
1087-MKG,Female,1,No,No,67,Yes,No,Fiber optic,Yes,No,No,No,No,Yes,Month-to-month,Yes,Mailed check,79.94,5346.05,Yes
6816-NNN,Male,1,Yes,Yes,68,Yes,Yes,No,No internet service,No internet service,No internet service,No internet service,No internet service,No internet service,One year,Yes,Electronic check,22.5,1529.76,No
6470-OQU,Male,1,No,Yes,5,Yes,No,Fiber optic,No,Yes,Yes,No,No,No,Month-to-month,Yes,Mailed check,75.41,382.86,No
7276-PTB,Male,0,Yes,No,31,Yes,No,Fiber optic,No,No,Yes,No,Yes,No,Month-to-month,No,Bank transfer (automatic),87.68,2712.49,Yes
6739-QWI,Male,0,Yes,No,37,Yes,No,DSL,No,No,No,No,No,No,One year,Yes,Credit card (automatic),75.86,2799.94,No
5273-RZP,Male,0,No,No,56,No,No phone service,Fiber optic,Yes,No,Yes,No,Yes,No,One year,Yes,Electronic check,94.29,5278.21,Yes
7523-SCW,Female,0,Yes,No,63,Yes,No,DSL,No,Yes,No,Yes,Yes,No,One year,No,Bank transfer (automatic),83.03,5226.75,No
6003-TFD,Male,0,No,No,53,Yes,No,Fiber optic,No,Yes,Yes,No,No,Yes,One year,No,Bank transfer (automatic),88.82,4702.4,No
9038-UIK,Female,1,Yes,No,13,Yes,No,DSL,No,Yes,No,No,Yes,No,Two year,Yes,Electronic check,80.92,1058.92,No
7606-VLR,Female,0,Yes,No,63,No,No phone service,DSL,No,No,No,No,Yes,No,Month-to-month,No,Mailed check,76.08,4785.87,Yes
3064-WOY,Male,0,Yes,No,49,Yes,Yes,Fiber optic,No,No,Yes,No,No,Yes,Month-to-month,Yes,Bank transfer (automatic),106.87,5228.08,Yes
6315-XRF,Female,0,Yes,Yes,46,Yes,No,Fiber optic,No,No,Yes,No,Yes,Yes,Two year,No,Credit card (automatic),93.13,4276.77,No
1317-YUM,Female,0,Yes,No,53,Yes,No,Fiber optic,Yes,No,No,Yes,Yes,Yes,One year,No,Bank transfer (automatic),94.45,5005.74,No
2502-ZXT,Male,0,Yes,No,18,Yes,Yes,Fiber optic,No,Yes,Yes,Yes,No,Yes,Two year,Yes,Credit card (automatic),84.84,1535.8,No
7130-AAA,Male,1,No,No,38,Yes,No,Fiber optic,No,Yes,Yes,Yes,Yes,No,Month-to-month,No,Credit card (automatic),114.37,4338.98,Yes
8419-BDH,Male,1,Yes,Yes,64,Yes,No,No,No internet service,No internet service,No internet service,No internet service,No internet service,No internet service,Month-to-month,No,Mailed check,19.75,1272.18,No
3042-CGO,Male,0,Yes,No,59,Yes,Yes,DSL,Yes,No,No,Yes,Yes,Yes,Month-to-month,No,Credit card (automatic),60.49,3576.64,No
5598-DJV,Male,0,Yes,No,32,Yes,No,DSL,Yes,No,No,No,No,Yes,Month-to-month,No,Electronic check,67.2,2149.09,Yes
1118-EMC,Female,0,No,No,31,Yes,Yes,Fiber optic,No,No,No,No,Yes,No,Month-to-month,Yes,Bank transfer (automatic),82.85,2577.2,Yes
1709-FPJ,Male,0,Yes,No,35,Yes,Yes,DSL,Yes,No,Yes,Yes,No,Yes,One year,Yes,Electronic check,54.94,1921.27,No
4557-GSQ,Female,1,No,No,23,Yes,No,No,No internet service,No internet service,No internet service,No internet service,No internet service,No internet service,Two year,Yes,Credit card (automatic),20.74,471.38,No
4250-HVX,Female,0,Yes,No,42,Yes,Yes,No,No internet service,No internet service,No internet service,No internet service,No internet service,No internet service,Month-to-month,Yes,Bank transfer (automatic),23.64,999.17,No
9061-IYE,Male,0,Yes,No,70,Yes,Yes,DSL,No,No,Yes,No,Yes,Yes,Month-to-month,No,Bank transfer (automatic),48.94,3426.44,No
9609-JBL,Male,0,Yes,Yes,70,Yes,No,DSL,No,No,Yes,Yes,No,No,One year,Yes,Bank transfer (automatic),69.77,4884.6,No
3603-KES,Female,1,Yes,No,45,Yes,No,Fiber optic,Yes,No,Yes,No,Yes,No,Month-to-month,Yes,Mailed check,117.36,5283.07,Yes
2101-LHZ,Female,0,No,Yes,46,No,No phone service,DSL,Yes,Yes,No,No,Yes,No,One year,Yes,Mailed check,70.97,3255.02,No
5421-MKG,Male,0,Yes,Yes,68,Yes,No,No,No internet service,No internet service,No internet service,No internet service,No internet service,No internet service,Two year,Yes,Electronic check,21.29,1439.56,No
8857-NNN,Male,0,Yes,No,13,Yes,Yes,Fiber optic,Yes,Yes,No,No,No,Yes,One year,Yes,Credit card (automatic),97.64,1259.72,Yes
9177-OQU,Male,0,Yes,Yes,44,Yes,No,Fiber optic,No,No,Yes,Yes,No,No,Month-to-month,Yes,Electronic check,74.53,3279.06,Yes
7082-PTB,Female,0,Yes,No,51,Yes,Yes,Fiber optic,No,Yes,No,No,No,Yes,One year,No,Credit card (automatic),90.54,4615.58,No
7658-QWI,Male,0,No,No,49,No,No phone service,No,No internet service,No internet service,No internet service,No internet service,No internet service,No internet service,Month-to-month,No,Bank transfer (automatic),19.08,944.21,Yes
3261-RZP,Female,1,No,No,64,Yes,No,Fiber optic,No,No,Yes,Yes,No,No,Month-to-month,Yes,Mailed check,84.68,5423.85,Yes
9021-SCW,Female,0,Yes,Yes,63,Yes,No,DSL,Yes,Yes,No,No,No,No,Two year,Yes,Bank transfer (automatic),59.07,3726.23,No
1508-TFD,Male,0,Yes,Yes,22,Yes,No,Fiber optic,Yes,No,No,No,No,Yes,One year,No,Credit card (automatic),110.33,2422.92,Yes
3379-UIK,Male,0,No,Yes,70,Yes,No,DSL,Yes,No,No,Yes,Yes,No,Two year,Yes,Electronic check,62.97,4410.75,No
9879-VLR,Female,0,No,Yes,69,Yes,No,DSL,Yes,Yes,No,Yes,No,Yes,Two year,No,Electronic check,55.2,3801.4,Yes
5752-WOY,Female,0,No,No,58,Yes,Yes,DSL,Yes,No,Yes,No,Yes,Yes,Month-to-month,Yes,Credit card (automatic),70.0,4059.58,Yes
6495-XRF,Male,0,No,No,72,Yes,Yes,DSL,Yes,No,No,No,No,Yes,Month-to-month,Yes,Mailed check,71.82,5175.42,No
4209-YUM,Female,0,Yes,No,53,Yes,No,Fiber optic,Yes,No,Yes,Yes,No,No,Month-to-month,No,Bank transfer (automatic),87.87,4663.59,Yes
8398-ZXT,Female,0,No,No,70,Yes,Yes,DSL,Yes,Yes,Yes,No,Yes,No,Month-to-month,Yes,Electronic check,59.32,4158.33,No
7743-AAA,Female,1,No,No,25,Yes,Yes,Fiber optic,No,Yes,No,Yes,No,No,One year,No,Mailed check,111.06,2769.15,Yes
6648-BDH,Female,1,No,No,43,Yes,Yes,Fiber optic,No,No,Yes,Yes,No,Yes,Two year,Yes,Credit card (automatic),93.82,4031.78,No
6171-CGO,Female,0,Yes,Yes,12,Yes,No,Fiber optic,No,Yes,No,No,Yes,No,One year,No,Mailed check,106.95,1280.15,No
8890-DJV,Male,0,No,No,53,Yes,No,DSL,Yes,Yes,Yes,No,Yes,No,Month-to-month,No,Credit card (automatic),49.59,2629.02,No
1324-EMC,Male,0,Yes,Yes,39,Yes,No,No,No internet service,No internet service,No internet service,No internet service,No internet service,No internet service,One year,No,Electronic check,21.22,824.26,No
4557-FPJ,Male,0,Yes,No,3,No,No phone service,Fiber optic,No,No,Yes,No,Yes,Yes,Month-to-month,Yes,Mailed check,77.42,231.64,Yes
4587-GSQ,Male,0,No,Yes,52,Yes,Yes,Fiber optic,Yes,No,No,No,No,No,Month-to-month,Yes,Credit card (automatic),71.64,3721.46,Yes
1151-HVX,Male,0,No,No,0,No,No phone service,No,No internet service,No internet service,No internet service,No internet service,No internet service,No internet service,Month-to-month,Yes,Mailed check,22.96, ,Yes
1954-IYE,Male,1,No,Yes,5,Yes,No,DSL,No,No,No,Yes,Yes,Yes,Month-to-month,Yes,Electronic check,53.84,264.51,No
5354-JBL,Male,0,No,Yes,54,Yes,Yes,No,No internet service,No internet service,No internet service,No internet service,No internet service,No internet service,Two year,No,Electronic check,22.14,1188.85,No
8160-KES,Female,1,No,No,65,Yes,No,Fiber optic,No,No,No,No,Yes,No,Month-to-month,No,Mailed check,85.0,5522.23,No
1687-LHZ,Male,0,No,Yes,17,Yes,No,Fiber optic,No,Yes,Yes,No,No,No,Month-to-month,Yes,Bank transfer (automatic),112.57,1908.73,Yes
9501-MKG,Female,0,No,Yes,28,Yes,Yes,No,No internet service,No internet service,No internet service,No internet service,No internet service,No internet service,Two year,Yes,Electronic check,23.38,650.68,No
4127-NNN,Male,0,Yes,No,52,Yes,Yes,DSL,No,No,No,No,Yes,No,Month-to-month,Yes,Bank transfer (automatic),58.43,3035.14,Yes
7763-OQU,Male,1,No,No,32,Yes,No,DSL,No,Yes,Yes,No,No,Yes,One year,Yes,Electronic check,56.77,1808.56,No
4395-PTB,Male,0,Yes,No,2,Yes,Yes,Fiber optic,No,No,No,No,No,Yes,Two year,Yes,Electronic check,79.06,151.01,Yes
1845-QWI,Male,0,No,No,19,Yes,Yes,No,No internet service,No internet service,No internet service,No internet service,No internet service,No internet service,Month-to-month,No,Electronic check,20.67,386.79,No
2164-RZP,Female,0,Yes,No,3,Yes,No,No,No internet service,No internet service,No internet service,No internet service,No internet service,No internet service,Month-to-month,Yes,Mailed check,21.43,65.66,Yes
6904-SCW,Female,0,Yes,Yes,7,Yes,Yes,Fiber optic,No,No,No,No,Yes,Yes,Two year,Yes,Bank transfer (automatic),106.36,743.02,No
6360-TFD,Female,0,Yes,No,27,Yes,No,Fiber optic,No,Yes,No,No,No,No,One year,Yes,Electronic check,116.87,3145.84,No
1354-UIK,Female,0,No,No,65,Yes,Yes,DSL,Yes,Yes,No,No,No,No,Month-to-month,Yes,Bank transfer (automatic),54.74,3567.47,No
2872-VLR,Female,1,Yes,Yes,72,Yes,No,Fiber optic,Yes,Yes,Yes,Yes,Yes,No,One year,No,Bank transfer (automatic),108.77,7828.87,No
3024-WOY,Female,0,Yes,Yes,25,Yes,Yes,Fiber optic,No,No,No,No,No,Yes,Two year,Yes,Credit card (automatic),85.6,2139.1,Yes
3817-XRF,Female,0,No,No,33,Yes,Yes,No,No internet service,No internet service,No internet service,No internet service,No internet service,No internet service,Two year,No,Electronic check,20.97,686.52,No
4832-YUM,Male,0,Yes,No,70,Yes,No,Fiber optic,No,No,Yes,Yes,Yes,Yes,Two year,Yes,Electronic check,96.73,6768.86,No
9257-ZXT,Female,0,Yes,Yes,48,Yes,Yes,DSL,Yes,No,Yes,No,No,No,One year,No,Bank transfer (automatic),62.64,3004.88,No
3581-AAA,Female,1,Yes,Yes,48,Yes,No,Fiber optic,No,Yes,No,No,No,No,Two year,Yes,Mailed check,85.08,4081.78,No
3486-BDH,Female,0,No,No,72,Yes,No,DSL,No,Yes,Yes,Yes,Yes,No,Month-to-month,No,Bank transfer (automatic),45.17,3243.64,No
9418-CGO,Male,0,No,Yes,26,Yes,Yes,Fiber optic,Yes,No,No,Yes,No,No,Month-to-month,Yes,Electronic check,108.99,2841.12,No
3443-DJV,Female,0,No,No,64,Yes,No,DSL,No,No,No,No,Yes,Yes,Two year,Yes,Electronic check,63.77,4071.79,No
9919-EMC,Male,0,Yes,No,32,Yes,No,DSL,Yes,Yes,Yes,No,No,Yes,Two year,Yes,Bank transfer (automatic),51.69,1657.34,No
2036-FPJ,Female,0,Yes,No,71,Yes,Yes,No,No internet service,No internet service,No internet service,No internet service,No internet service,No internet service,Month-to-month,No,Electronic check,22.47,1589.1,Yes
9684-GSQ,Male,0,Yes,Yes,48,Yes,Yes,DSL,Yes,No,Yes,No,No,Yes,Two year,No,Credit card (automatic),75.69,3642.34,No
8435-HVX,Male,0,No,Yes,62,Yes,No,Fiber optic,No,No,Yes,Yes,Yes,No,Month-to-month,Yes,Bank transfer (automatic),103.5,6412.55,No
2548-IYE,Female,0,No,No,31,Yes,No,No,No internet service,No internet service,No internet service,No internet service,No internet service,No internet service,Month-to-month,Yes,Credit card (automatic),22.04,679.7,No
6065-JBL,Female,0,No,No,18,Yes,No,DSL,Yes,No,No,No,Yes,Yes,Month-to-month,Yes,Bank transfer (automatic),51.79,933.07,Yes
7496-KES,Female,1,No,No,49,No,No phone service,Fiber optic,No,Yes,No,No,No,Yes,Month-to-month,Yes,Bank transfer (automatic),82.88,4062.67,No
7183-LHZ,Male,0,Yes,Yes,21,Yes,No,Fiber optic,No,No,No,No,No,Yes,Two year,Yes,Mailed check,74.93,1574.45,No
4957-MKG,Female,0,Yes,Yes,66,Yes,No,Fiber optic,No,No,No,No,No,No,Month-to-month,No,Credit card (automatic),80.84,5328.73,Yes
4407-NNN,Male,0,No,No,8,Yes,No,Fiber optic,Yes,No,No,No,Yes,No,Month-to-month,Yes,Electronic check,79.17,631.38,Yes
1639-OQU,Male,0,No,No,34,Yes,No,Fiber optic,No,Yes,No,No,Yes,No,Month-to-month,Yes,Electronic check,114.68,3893.76,No
1172-PTB,Male,0,No,No,70,Yes,Yes,Fiber optic,No,No,Yes,Yes,No,No,Month-to-month,Yes,Credit card (automatic),75.43,5271.68,No
6666-QWI,Female,0,No,No,3,Yes,No,Fiber optic,Yes,No,No,Yes,No,No,Two year,No,Mailed check,115.99,342.9,Yes
5354-RZP,Female,1,No,Yes,36,Yes,No,DSL,Yes,No,No,Yes,No,Yes,Month-to-month,Yes,Mailed check,49.86,1797.36,Yes
4959-SCW,Male,0,No,No,27,Yes,No,Fiber optic,Yes,Yes,No,No,No,No,Month-to-month,Yes,Electronic check,98.33,2652.62,Yes
9708-TFD,Male,0,No,Yes,8,Yes,No,No,No internet service,No internet service,No internet service,No internet service,No internet service,No internet service,One year,Yes,Credit card (automatic),19.53,164.31,No
9714-UIK,Male,0,Yes,Yes,34,Yes,No,Fiber optic,Yes,No,Yes,No,Yes,Yes,Month-to-month,Yes,Credit card (automatic),102.04,3471.79,Yes
3886-VLR,Male,1,No,Yes,24,Yes,Yes,No,No internet service,No internet service,No internet service,No internet service,No internet service,No internet service,Two year,Yes,Credit card (automatic),23.86,570.02,No
3164-WOY,Male,1,No,No,8,Yes,Yes,Fiber optic,Yes,No,Yes,No,Yes,No,Month-to-month,Yes,Bank transfer (automatic),74.53,605.4,Yes
4945-XRF,Male,0,No,Yes,60,Yes,No,No,No internet service,No internet service,No internet service,No internet service,No internet service,No internet service,Two year,Yes,Electronic check,24.67,1487.67,No
6235-YUM,Male,0,Yes,No,51,Yes,Yes,Fiber optic,No,No,Yes,No,No,No,Month-to-month,Yes,Credit card (automatic),77.52,3952.18,Yes
8746-ZXT,Female,0,Yes,No,16,Yes,No,No,No internet service,No internet service,No internet service,No internet service,No internet service,No internet service,Month-to-month,No,Credit card (automatic),21.35,347.32,Yes
3590-AAA,Male,0,Yes,Yes,8,Yes,Yes,DSL,No,Yes,No,No,No,Yes,Month-to-month,Yes,Electronic check,82.35,662.21,No
8754-BDH,Female,0,No,No,53,Yes,No,Fiber optic,Yes,No,Yes,No,No,No,Month-to-month,Yes,Bank transfer (automatic),112.96,5986.46,Yes
5934-CGO,Female,0,Yes,No,4,Yes,No,Fiber optic,Yes,No,No,No,No,No,Month-to-month,Yes,Electronic check,75.17,302.67,Yes
5076-DJV,Male,0,Yes,No,62,Yes,Yes,No,No internet service,No internet service,No internet service,No internet service,No internet service,No internet service,Month-to-month,Yes,Credit card (automatic),22.43,1391.97,No
6185-EMC,Female,0,No,No,46,Yes,Yes,Fiber optic,No,Yes,No,No,Yes,Yes,One year,Yes,Bank transfer (automatic),108.92,5004.95,No
2093-FPJ,Female,0,No,Yes,18,Yes,Yes,Fiber optic,No,No,Yes,No,No,Yes,Month-to-month,No,Electronic check,106.48,1910.65,No
4880-GSQ,Female,0,No,Yes,65,Yes,No,Fiber optic,Yes,No,No,No,No,Yes,Month-to-month,No,Electronic check,82.03,5334.91,No
7559-HVX,Male,0,No,Yes,44,Yes,Yes,Fiber optic,No,No,No,No,Yes,Yes,Month-to-month,No,Mailed check,86.69,3811.52,No
3785-IYE,Male,0,No,No,70,No,No phone service,Fiber optic,Yes,No,Yes,Yes,No,Yes,Two year,Yes,Bank transfer (automatic),82.19,5744.24,No
7065-JBL,Male,0,No,No,72,Yes,Yes,DSL,No,No,Yes,No,No,Yes,One year,Yes,Bank transfer (automatic),70.73,5097.72,No
7539-KES,Female,1,Yes,No,32,Yes,Yes,DSL,Yes,No,No,Yes,Yes,No,Month-to-month,Yes,Electronic check,64.19,2049.69,Yes
2574-LHZ,Female,0,Yes,Yes,42,Yes,No,Fiber optic,Yes,Yes,Yes,No,No,No,Two year,No,Electronic check,115.28,4849.04,No
6676-MKG,Female,0,No,No,71,Yes,No,No,No internet service,No internet service,No internet service,No internet service,No internet service,No internet service,Month-to-month,No,Bank transfer (automatic),20.27,1430.4,No
9060-NNN,Female,0,Yes,Yes,25,Yes,No,DSL,No,No,Yes,No,No,No,Month-to-month,No,Electronic check,74.96,1874.86,No
4990-OQU,Male,0,No,No,44,Yes,Yes,Fiber optic,No,No,No,Yes,No,No,Month-to-month,Yes,Mailed check,75.16,3300.83,Yes
6210-PTB,Female,0,Yes,No,34,Yes,No,Fiber optic,No,Yes,No,No,No,No,Month-to-month,Yes,Electronic check,85.78,2915.05,Yes
5845-QWI,Female,0,Yes,Yes,52,Yes,No,No,No internet service,No internet service,No internet service,No internet service,No internet service,No internet service,One year,No,Mailed check,21.65,1123.28,No
2189-RZP,Female,0,Yes,No,9,Yes,Yes,DSL,No,No,Yes,No,No,No,One year,No,Electronic check,53.83,483.75,Yes
3689-SCW,Female,0,No,No,40,Yes,Yes,No,No internet service,No internet service,No internet service,No internet service,No internet service,No internet service,Month-to-month,No,Credit card (automatic),23.47,940.7,No
5095-TFD,Female,0,Yes,No,16,Yes,Yes,Fiber optic,No,Yes,Yes,No,No,Yes,Month-to-month,Yes,Electronic check,106.35,1700.82,Yes
2875-UIK,Male,0,Yes,No,70,Yes,Yes,DSL,No,No,Yes,No,No,No,Month-to-month,Yes,Credit card (automatic),79.29,5553.37,No
8768-VLR,Male,1,No,No,65,Yes,No,Fiber optic,Yes,Yes,No,No,No,No,Month-to-month,Yes,Mailed check,97.37,6323.39,Yes
4406-WOY,Male,0,No,No,10,Yes,Yes,DSL,Yes,No,No,No,No,Yes,Month-to-month,Yes,Electronic check,62.12,620.3,No
4932-XRF,Male,0,Yes,No,62,No,No phone service,Fiber optic,No,Yes,Yes,No,No,Yes,Month-to-month,No,Electronic check,76.5,4734.25,Yes
9240-YUM,Female,1,No,Yes,66,Yes,No,DSL,No,No,No,No,No,Yes,Two year,Yes,Credit card (automatic),74.9,4943.92,No
6408-ZXT,Male,0,No,No,45,Yes,Yes,No,No internet service,No internet service,No internet service,No internet service,No internet service,No internet service,Month-to-month,Yes,Electronic check,22.19,996.96,Yes
4861-AAA,Male,0,Yes,No,19,Yes,No,DSL,No,No,No,Yes,No,Yes,Month-to-month,No,Bank transfer (automatic),45.24,862.58,Yes
8406-BDH,Female,0,No,Yes,12,Yes,Yes,Fiber optic,No,No,No,Yes,No,Yes,Month-to-month,Yes,Electronic check,77.21,920.23,Yes
3833-CGO,Male,0,Yes,No,16,Yes,No,Fiber optic,No,No,Yes,No,Yes,No,One year,Yes,Credit card (automatic),81.21,1294.69,No
6285-DJV,Male,0,No,No,31,Yes,No,DSL,Yes,No,No,Yes,Yes,No,One year,Yes,Bank transfer (automatic),75.88,2355.99,No
8645-EMC,Female,0,No,No,15,No,No phone service,DSL,No,No,No,Yes,Yes,No,Month-to-month,No,Credit card (automatic),82.92,1240.82,No
5777-FPJ,Male,0,No,No,22,Yes,No,DSL,No,No,No,Yes,Yes,Yes,One year,No,Electronic check,78.41,1732.95,Yes
3735-GSQ,Male,0,Yes,No,10,Yes,No,No,No internet service,No internet service,No internet service,No internet service,No internet service,No internet service,Month-to-month,Yes,Bank transfer (automatic),23.39,227.11,Yes
9273-HVX,Male,0,No,Yes,13,Yes,No,No,No internet service,No internet service,No internet service,No internet service,No internet service,No internet service,Two year,Yes,Credit card (automatic),20.46,270.06,No
9278-IYE,Male,0,No,No,66,Yes,No,DSL,Yes,No,No,No,Yes,No,Month-to-month,No,Mailed check,61.17,4030.07,No
7368-JBL,Female,0,No,Yes,70,No,No phone service,Fiber optic,No,Yes,Yes,No,Yes,No,Month-to-month,Yes,Credit card (automatic),111.69,7815.4,No
1821-KES,Female,0,No,Yes,44,Yes,Yes,No,No internet service,No internet service,No internet service,No internet service,No internet service,No internet service,One year,No,Mailed check,21.65,945.17,No
8525-LHZ,Male,0,No,Yes,32,Yes,No,Fiber optic,No,No,No,Yes,No,No,Month-to-month,No,Credit card (automatic),110.79,3544.78,Yes
1162-MKG,Male,0,Yes,No,44,Yes,No,Fiber optic,No,Yes,No,Yes,No,No,Two year,No,Electronic check,99.85,4397.18,No
8777-NNN,Male,0,Yes,No,53,Yes,Yes,Fiber optic,Yes,Yes,No,No,Yes,No,Month-to-month,Yes,Credit card (automatic),92.45,4894.26,No
2932-OQU,Female,0,No,No,50,Yes,No,No,No internet service,No internet service,No internet service,No internet service,No internet service,No internet service,Two year,Yes,Bank transfer (automatic),20.76,1047.85,Yes
4535-PTB,Female,0,No,No,22,Yes,Yes,Fiber optic,Yes,Yes,Yes,Yes,No,No,Month-to-month,No,Credit card (automatic),70.57,1548.45,No
6956-QWI,Female,0,Yes,Yes,28,No,No phone service,Fiber optic,No,No,No,Yes,No,No,Month-to-month,No,Electronic check,118.23,3313.29,Yes
4446-RZP,Female,0,Yes,No,5,Yes,No,Fiber optic,No,Yes,No,No,Yes,No,Two year,Yes,Credit card (automatic),112.74,560.3,No
3790-SCW,Female,1,No,No,38,Yes,No,Fiber optic,No,Yes,Yes,Yes,Yes,Yes,One year,Yes,Mailed check,70.86,2688.49,Yes
3707-TFD,Female,0,Yes,Yes,4,Yes,No,DSL,No,Yes,No,No,No,No,Month-to-month,Yes,Mailed check,55.53,217.19,Yes
8959-UIK,Female,0,Yes,No,39,Yes,No,DSL,Yes,No,No,Yes,No,No,One year,No,Bank transfer (automatic),56.45,2200.64,Yes
4933-VLR,Female,0,Yes,Yes,20,Yes,Yes,No,No internet service,No internet service,No internet service,No internet service,No internet service,No internet service,Month-to-month,No,Credit card (automatic),20.51,418.63,Yes
4385-WOY,Female,0,Yes,No,58,Yes,Yes,Fiber optic,Yes,No,No,Yes,No,No,Two year,Yes,Credit card (automatic),84.24,4884.72,No
7636-XRF,Male,1,Yes,No,19,Yes,Yes,Fiber optic,Yes,No,Yes,No,Yes,No,Month-to-month,No,Electronic check,114.98,2189.35,Yes
1922-YUM,Male,1,Yes,No,23,No,No phone service,DSL,No,No,No,Yes,No,No,Month-to-month,No,Electronic check,72.25,1660.06,Yes
9089-ZXT,Female,0,No,Yes,2,Yes,No,No,No internet service,No internet service,No internet service,No internet service,No internet service,No internet service,Month-to-month,Yes,Mailed check,22.27,47.76,Yes
1564-AAA,Male,0,Yes,No,71,Yes,Yes,Fiber optic,No,No,No,Yes,No,Yes,One year,Yes,Credit card (automatic),91.06,6460.38,No
4258-BDH,Male,1,No,No,56,Yes,Yes,Fiber optic,No,Yes,Yes,No,No,Yes,One year,No,Mailed check,103.79,5820.32,No
3500-CGO,Male,0,No,No,70,No,No phone service,Fiber optic,No,Yes,No,No,Yes,No,Two year,Yes,Electronic check,100.2,7023.44,No
5566-DJV,Female,0,Yes,No,69,No,No phone service,DSL,Yes,Yes,Yes,No,No,Yes,Month-to-month,No,Mailed check,51.22,3537.26,No
7881-EMC,Female,0,Yes,No,69,Yes,No,DSL,No,No,No,Yes,No,Yes,Month-to-month,No,Mailed check,56.3,3876.86,No
4636-FPJ,Male,0,No,Yes,62,Yes,Yes,DSL,No,Yes,No,No,No,No,One year,Yes,Credit card (automatic),83.59,5175.31,No
7030-GSQ,Female,0,Yes,Yes,46,Yes,No,Fiber optic,Yes,Yes,No,Yes,No,No,Two year,No,Credit card (automatic),118.11,5435.79,No
1223-HVX,Male,0,Yes,No,18,Yes,No,No,No internet service,No internet service,No internet service,No internet service,No internet service,No internet service,One year,Yes,Electronic check,18.55,324.62,No
7297-IYE,Male,1,Yes,No,12,Yes,Yes,No,No internet service,No internet service,No internet service,No internet service,No internet service,No internet service,One year,No,Electronic check,20.33,236.7,No
1350-JBL,Male,1,Yes,Yes,44,Yes,No,Fiber optic,Yes,Yes,No,No,No,Yes,One year,No,Mailed check,118.07,5196.46,Yes
8314-KES,Female,0,No,Yes,31,Yes,Yes,DSL,Yes,No,Yes,Yes,No,No,Month-to-month,No,Bank transfer (automatic),44.68,1392.0,Yes
2928-LHZ,Female,0,No,Yes,29,Yes,No,DSL,No,No,No,Yes,No,Yes,Two year,No,Electronic check,83.09,2404.75,No
8743-MKG,Female,0,Yes,No,41,Yes,No,DSL,No,No,No,Yes,Yes,Yes,One year,Yes,Bank transfer (automatic),72.0,2954.47,No
9540-NNN,Male,0,No,No,71,Yes,Yes,DSL,Yes,Yes,No,No,Yes,Yes,Month-to-month,No,Electronic check,69.74,4947.96,No
5732-OQU,Female,0,Yes,No,41,Yes,Yes,No,No internet service,No internet service,No internet service,No internet service,No internet service,No internet service,One year,No,Mailed check,23.81,975.81,No
2017-PTB,Male,0,No,No,6,Yes,No,DSL,Yes,Yes,No,No,No,No,Two year,No,Mailed check,84.92,500.15,Yes
3226-QWI,Female,0,No,No,2,Yes,No,Fiber optic,Yes,No,Yes,No,Yes,Yes,Two year,No,Credit card (automatic),87.53,181.89,Yes
8206-RZP,Female,0,No,No,36,Yes,Yes,DSL,No,Yes,No,No,No,Yes,Month-to-month,No,Electronic check,80.19,2895.95,Yes
8170-SCW,Female,0,Yes,Yes,2,Yes,No,Fiber optic,No,No,No,No,No,No,Month-to-month,Yes,Credit card (automatic),94.14,184.73,Yes
7207-TFD,Male,1,No,Yes,17,Yes,No,Fiber optic,No,No,Yes,Yes,Yes,No,Month-to-month,Yes,Electronic check,105.58,1801.65,Yes
3419-UIK,Male,0,Yes,No,41,Yes,No,Fiber optic,No,Yes,No,Yes,No,No,One year,Yes,Electronic check,110.17,4509.11,No
7240-VLR,Female,0,Yes,No,8,Yes,No,Fiber optic,No,No,No,No,No,No,Month-to-month,No,Electronic check,83.89,680.1,Yes
2893-WOY,Male,0,No,No,56,Yes,Yes,No,No internet service,No internet service,No internet service,No internet service,No internet service,No internet service,Month-to-month,Yes,Mailed check,19.46,1099.56,Yes
6322-XRF,Male,1,No,No,23,Yes,Yes,DSL,Yes,Yes,No,No,No,Yes,Month-to-month,No,Mailed check,44.21,1007.2,Yes
8718-YUM,Male,0,Yes,Yes,6,Yes,Yes,No,No internet service,No internet service,No internet service,No internet service,No internet service,No internet service,Month-to-month,Yes,Mailed check,20.36,114.98,No
7878-ZXT,Male,0,Yes,Yes,41,No,No phone service,No,No internet service,No internet service,No internet service,No internet service,No internet service,No internet service,Month-to-month,No,Bank transfer (automatic),20.67,848.13,Yes
2125-AAA,Female,0,Yes,No,57,Yes,Yes,Fiber optic,Yes,No,Yes,Yes,Yes,Yes,One year,Yes,Credit card (automatic),89.49,5102.16,No
4117-BDH,Female,0,Yes,No,55,Yes,No,Fiber optic,Yes,Yes,No,No,Yes,No,One year,Yes,Credit card (automatic),113.71,6255.79,No
5161-CGO,Male,0,Yes,No,57,No,No phone service,Fiber optic,Yes,No,No,No,No,Yes,Month-to-month,No,Credit card (automatic),77.59,4414.15,No
5042-DJV,Female,0,No,No,17,Yes,Yes,DSL,No,Yes,No,No,Yes,No,Two year,Yes,Electronic check,76.12,1300.91,No
5433-EMC,Female,0,Yes,Yes,38,Yes,Yes,DSL,No,No,Yes,No,Yes,No,Two year,No,Bank transfer (automatic),47.62,1816.76,No
9638-FPJ,Female,1,Yes,No,49,Yes,No,DSL,No,Yes,Yes,Yes,No,No,Month-to-month,Yes,Bank transfer (automatic),55.04,2702.84,No
3658-GSQ,Male,0,No,Yes,32,Yes,No,No,No internet service,No internet service,No internet service,No internet service,No internet service,No internet service,Two year,Yes,Mailed check,20.22,651.52,No
4483-HVX,Female,0,No,No,27,Yes,No,No,No internet service,No internet service,No internet service,No internet service,No internet service,No internet service,Two year,Yes,Credit card (automatic),20.02,530.96,No
3944-IYE,Male,0,No,No,55,Yes,Yes,Fiber optic,No,No,No,No,Yes,Yes,Month-to-month,Yes,Bank transfer (automatic),117.6,6474.61,No
8210-JBL,Female,0,No,No,24,Yes,Yes,No,No internet service,No internet service,No internet service,No internet service,No internet service,No internet service,Month-to-month,No,Mailed check,23.88,563.27,No
8653-KES,Male,0,Yes,No,13,Yes,No,No,No internet service,No internet service,No internet service,No internet service,No internet service,No internet service,Month-to-month,No,Mailed check,19.28,244.07,No
9787-LHZ,Female,0,No,No,54,Yes,No,DSL,No,No,No,No,No,Yes,Month-to-month,Yes,Mailed check,82.79,4463.16,No
2986-MKG,Male,0,No,No,6,Yes,Yes,Fiber optic,No,No,No,No,No,No,Month-to-month,Yes,Mailed check,88.02,532.46,Yes
2074-NNN,Male,0,No,No,3,Yes,Yes,Fiber optic,No,Yes,No,No,No,Yes,One year,Yes,Bank transfer (automatic),98.08,287.61,Yes
5305-OQU,Male,0,No,No,29,Yes,Yes,Fiber optic,No,No,Yes,No,Yes,No,Month-to-month,No,Electronic check,73.22,2125.7,Yes
4007-PTB,Female,1,No,No,61,Yes,Yes,Fiber optic,Yes,Yes,No,Yes,Yes,Yes,One year,Yes,Electronic check,103.52,6307.46,No
1969-QWI,Male,0,No,No,56,Yes,Yes,DSL,Yes,No,No,Yes,No,Yes,Month-to-month,Yes,Electronic check,44.64,2503.55,Yes
9772-RZP,Female,0,Yes,No,36,Yes,No,DSL,No,No,No,Yes,Yes,No,Month-to-month,No,Credit card (automatic),69.72,2517.91,Yes
3824-SCW,Female,0,Yes,No,54,Yes,Yes,Fiber optic,No,No,No,No,No,Yes,Month-to-month,Yes,Mailed check,98.81,5341.18,Yes
2211-TFD,Male,0,No,No,64,Yes,Yes,Fiber optic,No,Yes,No,No,No,No,Month-to-month,No,Bank transfer (automatic),100.68,6439.38,No
1229-UIK,Male,1,No,Yes,51,Yes,Yes,Fiber optic,No,No,Yes,No,No,No,Month-to-month,No,Electronic check,72.85,3719.8,Yes
5284-VLR,Male,0,Yes,Yes,2,Yes,No,Fiber optic,No,Yes,No,No,No,Yes,Month-to-month,No,Mailed check,117.33,244.55,Yes
4185-WOY,Male,0,No,No,6,Yes,No,No,No internet service,No internet service,No internet service,No internet service,No internet service,No internet service,Two year,Yes,Mailed check,21.96,135.16,No
1501-XRF,Female,0,Yes,Yes,69,Yes,No,Fiber optic,No,No,Yes,No,Yes,No,Month-to-month,Yes,Mailed check,104.14,7178.21,Yes
1048-YUM,Male,0,No,No,69,Yes,Yes,Fiber optic,No,No,No,No,No,No,Month-to-month,No,Credit card (automatic),95.37,6581.77,Yes
4566-ZXT,Female,0,No,No,33,Yes,Yes,Fiber optic,Yes,No,No,No,No,Yes,Two year,Yes,Electronic check,107.12,3533.23,Yes
4055-AAA,Male,1,Yes,No,15,Yes,No,DSL,No,No,Yes,No,No,Yes,Month-to-month,No,Mailed check,51.89,772.22,Yes
9880-BDH,Male,0,Yes,No,7,Yes,Yes,DSL,No,No,No,Yes,No,No,Month-to-month,No,Credit card (automatic),71.05,491.0,Yes
1386-CGO,Female,0,Yes,No,20,Yes,Yes,DSL,No,No,No,Yes,No,Yes,Two year,No,Bank transfer (automatic),69.96,1405.28,No
1969-DJV,Female,0,No,No,10,Yes,Yes,DSL,No,No,Yes,No,No,Yes,One year,Yes,Credit card (automatic),71.17,704.84,Yes
6820-EMC,Male,1,No,Yes,49,Yes,Yes,Fiber optic,No,No,Yes,Yes,No,Yes,Two year,Yes,Bank transfer (automatic),101.94,5004.08,No
4052-FPJ,Female,0,No,No,5,Yes,No,Fiber optic,Yes,No,Yes,Yes,No,No,Month-to-month,No,Electronic check,71.69,367.15,No
8397-GSQ,Female,0,No,Yes,14,Yes,Yes,DSL,Yes,Yes,No,No,Yes,No,Two year,Yes,Mailed check,69.07,974.82,No
3302-HVX,Female,0,Yes,No,10,No,No phone service,DSL,No,No,No,No,No,No,One year,Yes,Electronic check,78.78,781.47,Yes
3283-IYE,Male,0,Yes,No,26,No,No phone service,Fiber optic,Yes,No,Yes,No,No,Yes,Month-to-month,Yes,Mailed check,98.03,2546.57,No
5366-JBL,Female,0,No,No,44,Yes,Yes,DSL,No,No,No,Yes,No,No,One year,Yes,Bank transfer (automatic),82.05,3609.91,No
1122-KES,Female,0,No,No,37,Yes,Yes,Fiber optic,Yes,Yes,Yes,Yes,No,No,One year,Yes,Electronic check,71.57,2652.19,No
7799-LHZ,Female,0,Yes,No,3,Yes,No,DSL,Yes,No,No,No,No,Yes,Two year,No,Bank transfer (automatic),63.85,187.08,No
4727-MKG,Female,0,Yes,No,44,Yes,Yes,DSL,Yes,Yes,No,Yes,No,No,Month-to-month,Yes,Electronic check,57.28,2513.11,No
9450-NNN,Male,0,Yes,No,9,Yes,Yes,DSL,No,No,No,No,No,No,Month-to-month,Yes,Electronic check,54.01,488.6,No
5958-OQU,Male,0,No,No,53,Yes,No,Fiber optic,No,No,Yes,Yes,Yes,Yes,Month-to-month,No,Mailed check,85.88,4552.58,No
1524-PTB,Female,1,Yes,No,28,No,No phone service,DSL,No,Yes,No,Yes,No,No,Month-to-month,Yes,Mailed check,45.69,1279.51,Yes
9399-QWI,Male,0,No,No,11,Yes,No,No,No internet service,No internet service,No internet service,No internet service,No internet service,No internet service,Two year,No,Mailed check,18.84,198.52,Yes
1148-RZP,Male,0,Yes,Yes,55,Yes,Yes,DSL,No,No,Yes,No,No,No,One year,Yes,Mailed check,72.98,4015.0,No
9001-SCW,Male,0,Yes,Yes,39,Yes,No,No,No internet service,No internet service,No internet service,No internet service,No internet service,No internet service,One year,No,Mailed check,18.8,727.59,No
1437-TFD,Male,1,Yes,No,36,Yes,Yes,Fiber optic,No,Yes,Yes,No,Yes,No,Two year,Yes,Bank transfer (automatic),113.72,4092.2,Yes
4749-UIK,Female,0,No,No,65,Yes,No,DSL,No,No,No,No,No,No,One year,No,Credit card (automatic),72.01,4677.65,No
9186-VLR,Female,0,Yes,No,19,Yes,No,Fiber optic,No,No,Yes,Yes,Yes,No,One year,Yes,Bank transfer (automatic),101.41,1928.14,No
5453-WOY,Female,0,Yes,No,11,Yes,Yes,No,No internet service,No internet service,No internet service,No internet service,No internet service,No internet service,Month-to-month,No,Credit card (automatic),22.2,241.41,Yes
6336-XRF,Female,0,Yes,No,37,Yes,No,No,No internet service,No internet service,No internet service,No internet service,No internet service,No internet service,Month-to-month,No,Mailed check,24.42,903.8,Yes
5551-YUM,Male,0,No,Yes,29,Yes,No,No,No internet service,No internet service,No internet service,No internet service,No internet service,No internet service,Two year,Yes,Bank transfer (automatic),20.66,606.58,No
3823-ZXT,Male,1,Yes,No,46,Yes,No,Fiber optic,Yes,No,No,Yes,No,No,Month-to-month,No,Electronic check,81.97,3776.33,No
6728-AAA,Female,1,No,No,70,Yes,No,Fiber optic,Yes,No,No,Yes,No,No,Two year,Yes,Credit card (automatic),102.3,7168.78,No
9677-BDH,Female,0,Yes,No,41,Yes,Yes,Fiber optic,No,Yes,No,Yes,No,No,Month-to-month,Yes,Credit card (automatic),93.69,3846.88,No
9391-CGO,Male,0,No,Yes,4,Yes,Yes,No,No internet service,No internet service,No internet service,No internet service,No internet service,No internet service,Month-to-month,No,Credit card (automatic),24.34,95.54,No
2982-DJV,Male,0,No,No,47,No,No phone service,Fiber optic,No,No,Yes,Yes,No,No,Month-to-month,Yes,Electronic check,73.09,3437.17,No
7996-EMC,Male,1,Yes,No,50,Yes,Yes,DSL,Yes,Yes,No,No,Yes,No,Month-to-month,No,Credit card (automatic),70.2,3512.94,No
3311-FPJ,Female,0,No,No,11,Yes,No,Fiber optic,No,Yes,Yes,No,No,No,Two year,Yes,Mailed check,111.28,1226.19,No
8225-GSQ,Male,0,Yes,No,9,Yes,No,Fiber optic,No,No,No,No,Yes,No,Two year,Yes,Credit card (automatic),81.31,734.54,Yes
1604-HVX,Female,1,No,Yes,36,Yes,No,Fiber optic,Yes,Yes,No,Yes,Yes,No,Two year,Yes,Bank transfer (automatic),110.1,3966.29,No
9175-IYE,Female,0,Yes,No,65,Yes,Yes,No,No internet service,No internet service,No internet service,No internet service,No internet service,No internet service,Month-to-month,Yes,Credit card (automatic),22.11,1440.77,No
6785-JBL,Female,0,Yes,Yes,66,Yes,Yes,No,No internet service,No internet service,No internet service,No internet service,No internet service,No internet service,Two year,No,Bank transfer (automatic),24.49,1620.1,No
5597-KES,Male,0,Yes,Yes,13,Yes,Yes,Fiber optic,Yes,Yes,No,No,Yes,Yes,Month-to-month,Yes,Electronic check,92.03,1198.16,Yes
8759-LHZ,Male,0,No,No,46,Yes,Yes,Fiber optic,Yes,Yes,Yes,No,No,No,Two year,Yes,Bank transfer (automatic),82.78,3803.04,Yes
8532-MKG,Male,0,Yes,No,19,Yes,Yes,No,No internet service,No internet service,No internet service,No internet service,No internet service,No internet service,One year,Yes,Electronic check,23.28,442.61,No
9740-NNN,Male,0,No,No,51,Yes,Yes,Fiber optic,Yes,No,No,No,No,Yes,One year,Yes,Electronic check,86.25,4398.27,No
1838-OQU,Female,1,Yes,No,67,No,No phone service,Fiber optic,Yes,Yes,Yes,Yes,Yes,No,Two year,No,Electronic check,80.72,5412.39,No
4815-PTB,Female,0,No,No,25,Yes,Yes,No,No internet service,No internet service,No internet service,No internet service,No internet service,No internet service,One year,Yes,Electronic check,23.06,583.91,No
1847-QWI,Female,0,No,No,46,Yes,No,No,No internet service,No internet service,No internet service,No internet service,No internet service,No internet service,Month-to-month,Yes,Credit card (automatic),23.83,1103.62,No
5709-RZP,Male,0,No,No,72,Yes,No,Fiber optic,No,No,Yes,No,No,Yes,Month-to-month,No,Electronic check,116.09,8353.06,No
5507-SCW,Male,0,No,No,2,Yes,Yes,Fiber optic,Yes,Yes,No,Yes,No,Yes,Month-to-month,Yes,Mailed check,84.62,168.73,Yes
7575-TFD,Male,0,Yes,Yes,1,No,No phone service,Fiber optic,Yes,No,Yes,Yes,Yes,No,Month-to-month,Yes,Bank transfer (automatic),92.86,100.32,Yes
5773-UIK,Male,0,Yes,No,40,No,No phone service,DSL,No,No,Yes,No,Yes,Yes,Two year,No,Electronic check,51.54,2063.53,No
5468-VLR,Male,0,Yes,No,29,Yes,No,Fiber optic,No,Yes,Yes,Yes,No,Yes,Month-to-month,Yes,Electronic check,115.79,3362.0,Yes
6192-WOY,Male,0,No,No,36,Yes,Yes,Fiber optic,Yes,No,No,Yes,Yes,No,Two year,Yes,Credit card (automatic),110.11,3968.81,No
4320-XRF,Male,0,No,No,2,Yes,Yes,No,No internet service,No internet service,No internet service,No internet service,No internet service,No internet service,Month-to-month,No,Electronic check,22.07,35.65,No
5698-YUM,Male,0,No,No,8,No,No phone service,DSL,Yes,Yes,No,No,Yes,Yes,Two year,No,Electronic check,81.57,650.72,No
5311-ZXT,Male,0,No,No,7,Yes,Yes,No,No internet service,No internet service,No internet service,No internet service,No internet service,No internet service,Month-to-month,No,Credit card (automatic),23.79,166.53,Yes
4673-AAA,Male,1,No,Yes,8,Yes,Yes,Fiber optic,No,No,Yes,No,No,No,Month-to-month,No,Bank transfer (automatic),71.51,581.8,Yes
2564-BDH,Male,0,No,No,16,Yes,No,No,No internet service,No internet service,No internet service,No internet service,No internet service,No internet service,Month-to-month,No,Credit card (automatic),23.51,383.63,No
2840-CGO,Female,0,No,Yes,23,Yes,Yes,No,No internet service,No internet service,No internet service,No internet service,No internet service,No internet service,One year,Yes,Electronic check,19.07,447.97,Yes
7058-DJV,Female,0,No,Yes,71,Yes,No,Fiber optic,No,Yes,Yes,Yes,Yes,Yes,Two year,No,Electronic check,86.15,6120.83,No
8131-EMC,Female,0,No,No,13,Yes,No,Fiber optic,No,No,No,No,No,Yes,Month-to-month,Yes,Mailed check,75.78,984.79,No
1726-FPJ,Female,0,No,No,53,Yes,Yes,Fiber optic,Yes,No,No,Yes,No,No,Two year,No,Bank transfer (automatic),73.11,3884.52,No
7697-GSQ,Male,0,No,Yes,17,No,No phone service,Fiber optic,No,No,No,Yes,No,Yes,Month-to-month,No,Electronic check,99.54,1694.52,Yes
1282-HVX,Female,0,No,No,38,Yes,Yes,Fiber optic,No,No,Yes,No,Yes,Yes,Month-to-month,Yes,Electronic check,116.43,4425.26,Yes
2081-IYE,Female,0,Yes,No,46,No,No phone service,Fiber optic,No,No,Yes,No,Yes,Yes,Month-to-month,Yes,Credit card (automatic),73.51,3391.33,Yes
4885-JBL,Female,0,No,Yes,26,Yes,Yes,Fiber optic,No,Yes,Yes,No,Yes,No,Two year,Yes,Mailed check,106.52,2770.55,No
3881-KES,Male,0,No,No,70,Yes,No,No,No internet service,No internet service,No internet service,No internet service,No internet service,No internet service,One year,Yes,Bank transfer (automatic),20.14,1403.75,No
3970-LHZ,Female,0,Yes,No,33,Yes,Yes,DSL,No,Yes,No,No,Yes,No,Month-to-month,Yes,Mailed check,47.7,1572.48,Yes
7985-MKG,Female,0,Yes,No,18,Yes,Yes,Fiber optic,No,No,No,No,No,Yes,One year,No,Electronic check,114.96,2069.84,No
1947-NNN,Female,0,No,No,5,Yes,No,Fiber optic,Yes,Yes,No,No,No,No,Two year,Yes,Credit card (automatic),72.64,369.96,Yes
5760-OQU,Female,0,No,No,29,Yes,No,DSL,No,No,Yes,No,No,No,Month-to-month,No,Mailed check,48.34,1401.67,Yes
1066-PTB,Male,0,Yes,No,11,No,No phone service,Fiber optic,Yes,Yes,No,No,No,Yes,One year,Yes,Mailed check,81.05,894.36,No
9828-QWI,Female,0,Yes,Yes,14,Yes,Yes,DSL,No,Yes,No,No,No,No,Month-to-month,No,Bank transfer (automatic),82.16,1158.98,No
9505-RZP,Male,0,No,No,38,Yes,No,DSL,Yes,No,Yes,Yes,No,Yes,Month-to-month,No,Bank transfer (automatic),56.44,2150.23,No
1564-SCW,Male,0,Yes,No,63,Yes,Yes,Fiber optic,Yes,No,No,No,No,No,Two year,Yes,Bank transfer (automatic),71.43,4500.37,No
4670-TFD,Male,0,Yes,No,63,Yes,No,Fiber optic,No,Yes,No,Yes,Yes,No,Two year,Yes,Credit card (automatic),79.15,4984.4,No
3251-UIK,Female,1,No,No,14,Yes,Yes,Fiber optic,No,Yes,Yes,No,No,No,Two year,Yes,Electronic check,91.69,1286.4,No
1804-VLR,Female,0,No,Yes,57,Yes,No,No,No internet service,No internet service,No internet service,No internet service,No internet service,No internet service,Month-to-month,Yes,Electronic check,24.21,1389.69,No
5631-WOY,Female,0,No,Yes,66,No,No phone service,DSL,No,Yes,No,No,No,Yes,Month-to-month,Yes,Mailed check,54.67,3611.17,Yes
2235-XRF,Female,0,Yes,No,0,Yes,No,No,No internet service,No internet service,No internet service,No internet service,No internet service,No internet service,Two year,Yes,Electronic check,21.7, ,No
7720-YUM,Male,0,Yes,No,6,Yes,No,Fiber optic,Yes,No,Yes,No,No,Yes,One year,Yes,Electronic check,84.72,502.36,Yes
7906-ZXT,Female,1,Yes,No,8,Yes,No,No,No internet service,No internet service,No internet service,No internet service,No internet service,No internet service,Month-to-month,Yes,Electronic check,22.13,170.97,Yes
7016-AAA,Female,1,Yes,No,0,Yes,Yes,DSL,Yes,Yes,No,No,Yes,No,Month-to-month,Yes,Bank transfer (automatic),47.63, ,No
4549-BDH,Male,0,Yes,No,4,No,No phone service,Fiber optic,Yes,No,Yes,Yes,Yes,Yes,Month-to-month,Yes,Bank transfer (automatic),94.38,369.5,No
8938-CGO,Male,1,No,No,46,Yes,Yes,DSL,No,No,No,Yes,No,No,Month-to-month,No,Electronic check,46.92,2151.83,No
5141-DJV,Female,1,Yes,No,9,Yes,No,DSL,No,No,No,No,No,No,Two year,Yes,Electronic check,84.17,765.51,No
7966-EMC,Female,0,No,No,1,Yes,Yes,Fiber optic,No,No,Yes,Yes,No,No,Month-to-month,Yes,Bank transfer (automatic),114.74,110.81,Yes
6335-FPJ,Female,1,Yes,Yes,22,No,No phone service,DSL,Yes,Yes,No,No,Yes,No,Month-to-month,Yes,Electronic check,70.51,1542.5,Yes
6077-GSQ,Male,0,No,No,55,Yes,Yes,No,No internet service,No internet service,No internet service,No internet service,No internet service,No internet service,Month-to-month,No,Mailed check,24.46,1349.15,Yes
6611-HVX,Male,0,No,No,18,Yes,No,Fiber optic,No,No,No,Yes,Yes,No,Month-to-month,Yes,Mailed check,98.67,1766.93,Yes
9089-IYE,Male,0,Yes,No,37,Yes,No,No,No internet service,No internet service,No internet service,No internet service,No internet service,No internet service,Two year,Yes,Electronic check,20.32,742.26,No
3892-JBL,Male,0,Yes,Yes,46,Yes,Yes,DSL,No,No,No,No,No,No,Month-to-month,Yes,Electronic check,49.98,2295.43,No
6577-KES,Male,0,No,No,51,Yes,No,DSL,Yes,No,No,No,Yes,Yes,Month-to-month,No,Electronic check,84.73,4311.41,Yes
4618-LHZ,Female,0,No,No,48,No,No phone service,No,No internet service,No internet service,No internet service,No internet service,No internet service,No internet service,Month-to-month,Yes,Bank transfer (automatic),19.9,955.51,No
2559-MKG,Female,0,No,No,70,Yes,No,DSL,No,Yes,Yes,No,No,No,One year,Yes,Electronic check,79.53,5571.09,No
7683-NNN,Male,0,Yes,No,22,Yes,Yes,Fiber optic,No,No,No,Yes,Yes,No,One year,Yes,Bank transfer (automatic),91.06,1997.45,No
2507-OQU,Male,0,No,Yes,49,Yes,Yes,DSL,No,No,No,No,Yes,No,One year,No,Mailed check,57.31,2810.04,No
3063-PTB,Female,0,No,Yes,16,Yes,No,Fiber optic,Yes,Yes,No,Yes,Yes,Yes,Month-to-month,Yes,Electronic check,82.11,1312.4,No
4642-QWI,Male,0,Yes,Yes,47,Yes,Yes,DSL,No,Yes,Yes,No,Yes,No,Month-to-month,Yes,Electronic check,79.36,3737.12,Yes
3000-RZP,Male,0,No,No,1,Yes,No,DSL,No,No,No,No,No,No,One year,Yes,Electronic check,78.48,78.61,No
2294-SCW,Female,0,No,Yes,68,Yes,No,Fiber optic,No,No,No,Yes,No,No,Two year,Yes,Credit card (automatic),112.53,7649.18,No
5065-TFD,Male,0,No,Yes,61,Yes,Yes,No,No internet service,No internet service,No internet service,No internet service,No internet service,No internet service,Month-to-month,Yes,Credit card (automatic),23.21,1416.23,No
9014-UIK,Female,0,No,No,12,Yes,No,DSL,No,No,No,Yes,Yes,No,Two year,No,Electronic check,46.59,553.91,No
2603-VLR,Female,0,No,No,60,Yes,No,Fiber optic,No,Yes,Yes,No,No,Yes,Two year,No,Mailed check,87.24,5232.35,No
2322-WOY,Female,0,Yes,No,10,No,No phone service,No,No internet service,No internet service,No internet service,No internet service,No internet service,No internet service,One year,Yes,Bank transfer (automatic),23.75,238.05,Yes
6956-XRF,Male,1,No,No,26,Yes,No,DSL,No,Yes,Yes,Yes,Yes,No,Month-to-month,Yes,Mailed check,83.9,2185.66,No
3441-YUM,Male,0,No,Yes,34,Yes,No,DSL,No,No,Yes,Yes,Yes,No,One year,No,Bank transfer (automatic),79.29,2689.41,Yes
2098-ZXT,Female,0,No,No,17,Yes,Yes,Fiber optic,No,No,Yes,Yes,No,Yes,Month-to-month,Yes,Electronic check,102.6,1749.51,No
6073-AAA,Male,0,No,No,67,Yes,No,DSL,No,No,Yes,No,No,Yes,Month-to-month,Yes,Credit card (automatic),77.76,5201.68,No
9488-BDH,Male,0,Yes,Yes,60,Yes,No,No,No internet service,No internet service,No internet service,No internet service,No internet service,No internet service,One year,Yes,Electronic check,20.73,1234.23,No
4787-CGO,Male,0,Yes,No,40,Yes,Yes,Fiber optic,No,No,Yes,No,No,Yes,Month-to-month,Yes,Bank transfer (automatic),102.66,4113.36,Yes
3096-DJV,Female,0,No,No,42,No,No phone service,Fiber optic,No,Yes,No,No,Yes,No,One year,Yes,Credit card (automatic),106.98,4484.65,No
3208-EMC,Male,0,No,No,48,Yes,Yes,Fiber optic,Yes,No,No,No,No,No,One year,Yes,Bank transfer (automatic),94.5,4543.26,No
6988-FPJ,Female,0,Yes,Yes,10,Yes,No,Fiber optic,No,No,Yes,No,Yes,Yes,Month-to-month,Yes,Bank transfer (automatic),82.71,836.4,Yes
1175-GSQ,Female,0,No,No,66,Yes,No,Fiber optic,Yes,Yes,Yes,No,No,Yes,One year,No,Credit card (automatic),115.24,7609.77,No
8169-HVX,Female,1,Yes,No,50,Yes,No,DSL,Yes,No,Yes,Yes,Yes,No,Two year,Yes,Bank transfer (automatic),76.79,3839.25,No
7014-IYE,Female,0,Yes,Yes,51,Yes,No,Fiber optic,No,Yes,Yes,No,No,Yes,Month-to-month,No,Mailed check,82.04,4184.85,No
2667-JBL,Male,1,No,No,42,Yes,Yes,DSL,Yes,Yes,No,No,No,Yes,Two year,Yes,Mailed check,48.92,2054.14,No
9867-KES,Female,0,Yes,No,57,Yes,No,Fiber optic,Yes,No,Yes,No,Yes,Yes,Month-to-month,Yes,Electronic check,106.01,6039.91,No
2823-LHZ,Female,0,No,Yes,69,Yes,No,No,No internet service,No internet service,No internet service,No internet service,No internet service,No internet service,Two year,No,Electronic check,22.7,1566.07,No
6147-MKG,Male,0,Yes,No,28,Yes,No,DSL,No,Yes,Yes,Yes,No,Yes,Month-to-month,Yes,Mailed check,68.26,1906.6,Yes
2356-NNN,Male,0,Yes,Yes,30,Yes,No,DSL,No,Yes,No,No,Yes,No,One year,Yes,Mailed check,83.29,2492.51,No
4072-OQU,Male,0,No,No,27,Yes,No,Fiber optic,No,No,No,No,No,No,One year,Yes,Mailed check,86.61,2334.9,No
4259-PTB,Female,0,No,No,49,Yes,No,DSL,No,Yes,No,No,No,No,One year,Yes,Electronic check,49.02,2392.04,No
7199-QWI,Male,0,No,No,35,Yes,No,DSL,Yes,Yes,No,No,No,No,One year,No,Credit card (automatic),52.45,1834.47,No
1546-RZP,Female,0,Yes,Yes,18,Yes,No,Fiber optic,Yes,No,No,No,No,No,Two year,No,Credit card (automatic),105.19,1884.3,No
6231-SCW,Male,0,No,Yes,66,Yes,No,Fiber optic,Yes,No,No,No,No,No,Month-to-month,Yes,Electronic check,114.42,7544.63,Yes
8965-TFD,Male,0,Yes,No,11,Yes,No,Fiber optic,No,No,No,No,No,Yes,Two year,No,Mailed check,103.49,1136.27,No
3083-UIK,Male,0,No,No,23,Yes,No,DSL,Yes,Yes,No,Yes,Yes,Yes,Month-to-month,Yes,Mailed check,49.98,1153.38,No
3040-VLR,Female,0,Yes,No,64,Yes,Yes,DSL,Yes,No,No,No,Yes,No,Two year,No,Electronic check,72.97,4670.99,No
5534-WOY,Female,0,No,No,20,Yes,No,DSL,No,Yes,No,No,Yes,No,Month-to-month,No,Electronic check,56.98,1135.87,No
2752-XRF,Female,0,Yes,No,25,No,No phone service,DSL,Yes,No,Yes,Yes,No,No,Month-to-month,No,Credit card (automatic),60.35,1500.21,Yes
2849-YUM,Female,0,No,Yes,34,Yes,Yes,Fiber optic,No,Yes,Yes,No,Yes,No,Month-to-month,Yes,Bank transfer (automatic),101.35,3444.29,No
3642-ZXT,Female,0,No,No,57,Yes,No,Fiber optic,No,No,No,No,No,Yes,Month-to-month,Yes,Credit card (automatic),90.82,5184.88,No
2600-AAA,Male,0,Yes,No,41,Yes,Yes,DSL,Yes,Yes,No,No,Yes,Yes,Month-to-month,No,Bank transfer (automatic),83.41,3413.18,No
5402-BDH,Female,1,No,Yes,28,Yes,Yes,No,No internet service,No internet service,No internet service,No internet service,No internet service,No internet service,Two year,Yes,Credit card (automatic),23.61,668.32,No
4799-CGO,Male,0,Yes,Yes,28,Yes,Yes,No,No internet service,No internet service,No internet service,No internet service,No internet service,No internet service,Month-to-month,Yes,Mailed check,21.92,619.16,No
1618-DJV,Female,0,Yes,No,8,Yes,Yes,No,No internet service,No internet service,No internet service,No internet service,No internet service,No internet service,Month-to-month,No,Bank transfer (automatic),21.17,170.59,No
2132-EMC,Female,0,Yes,No,71,Yes,Yes,Fiber optic,No,No,Yes,No,Yes,Yes,Month-to-month,No,Mailed check,86.1,6112.23,Yes
6491-FPJ,Male,1,No,No,1,Yes,No,DSL,Yes,Yes,No,No,No,No,Month-to-month,No,Credit card (automatic),57.6,60.74,Yes
6795-GSQ,Male,0,Yes,No,1,No,No phone service,Fiber optic,Yes,No,No,No,No,No,Month-to-month,No,Bank transfer (automatic),101.44,106.53,Yes
8633-HVX,Female,1,No,No,17,Yes,Yes,DSL,No,Yes,No,Yes,No,No,Two year,No,Bank transfer (automatic),78.14,1333.98,No
2487-IYE,Female,0,No,No,68,Yes,No,DSL,Yes,No,No,No,No,Yes,Month-to-month,No,Electronic check,51.86,3530.47,No
8848-JBL,Male,0,Yes,No,56,No,No phone service,Fiber optic,Yes,No,Yes,Yes,Yes,No,One year,Yes,Credit card (automatic),115.14,6445.17,Yes
6009-KES,Female,0,Yes,No,70,No,No phone service,DSL,No,No,No,No,No,No,Month-to-month,Yes,Credit card (automatic),56.33,3933.59,No
3113-LHZ,Female,0,No,No,22,Yes,Yes,No,No internet service,No internet service,No internet service,No internet service,No internet service,No internet service,Month-to-month,Yes,Credit card (automatic),23.02,506.14,No
2044-MKG,Male,0,Yes,No,18,Yes,No,Fiber optic,Yes,Yes,Yes,No,No,No,Month-to-month,Yes,Mailed check,107.17,1921.93,Yes
3431-NNN,Female,0,Yes,No,18,Yes,No,DSL,No,No,No,No,No,Yes,Month-to-month,Yes,Electronic check,77.68,1397.25,Yes
8979-OQU,Female,0,No,No,57,Yes,Yes,DSL,No,No,Yes,Yes,Yes,No,One year,No,Electronic check,60.03,3420.89,No
2582-PTB,Male,0,No,Yes,48,Yes,Yes,Fiber optic,No,No,No,Yes,No,No,Two year,No,Mailed check,90.02,4321.17,No
2308-QWI,Male,0,Yes,No,44,Yes,No,Fiber optic,No,No,No,Yes,Yes,No,Month-to-month,Yes,Electronic check,102.91,4536.83,Yes
5917-RZP,Female,0,No,No,27,Yes,No,Fiber optic,Yes,No,No,No,No,Yes,Month-to-month,Yes,Mailed check,116.4,3145.39,Yes
9793-SCW,Male,0,Yes,Yes,49,Yes,No,DSL,No,No,No,No,Yes,Yes,Month-to-month,Yes,Electronic check,82.1,4013.69,No
2620-TFD,Female,0,No,No,10,Yes,No,DSL,No,No,Yes,No,No,Yes,Two year,No,Electronic check,74.61,750.78,No
8503-UIK,Male,0,No,No,54,Yes,Yes,Fiber optic,No,Yes,No,No,Yes,No,Month-to-month,Yes,Credit card (automatic),79.38,4290.31,Yes
5766-VLR,Male,0,Yes,No,8,Yes,No,DSL,No,No,Yes,Yes,No,Yes,One year,Yes,Electronic check,71.44,577.19,No
6362-WOY,Female,0,No,No,13,Yes,No,DSL,Yes,No,Yes,No,No,No,Month-to-month,Yes,Electronic check,77.6,1006.32,Yes
6192-XRF,Female,0,No,No,20,Yes,No,No,No internet service,No internet service,No internet service,No internet service,No internet service,No internet service,One year,Yes,Bank transfer (automatic),24.91,506.43,No
7622-YUM,Female,0,No,Yes,47,Yes,No,DSL,No,Yes,No,No,No,No,One year,Yes,Credit card (automatic),66.47,3127.69,No
7093-ZXT,Male,0,Yes,Yes,57,Yes,Yes,Fiber optic,No,No,No,Yes,No,Yes,Two year,Yes,Electronic check,98.7,5619.18,No
7704-AAA,Male,0,Yes,No,68,No,No phone service,DSL,No,No,No,No,No,Yes,Month-to-month,Yes,Credit card (automatic),84.34,5739.01,No
1100-BDH,Female,1,Yes,Yes,8,Yes,No,DSL,No,No,No,Yes,No,No,One year,Yes,Electronic check,78.68,627.94,No
7657-CGO,Female,0,Yes,Yes,66,Yes,No,No,No internet service,No internet service,No internet service,No internet service,No internet service,No internet service,Month-to-month,Yes,Credit card (automatic),18.73,1234.17,Yes
6875-DJV,Female,0,No,No,17,Yes,No,DSL,No,No,Yes,No,No,No,Month-to-month,Yes,Credit card (automatic),83.53,1411.5,No
5271-EMC,Female,0,Yes,Yes,11,Yes,No,Fiber optic,Yes,No,No,Yes,No,Yes,One year,Yes,Bank transfer (automatic),81.98,905.23,No
1237-FPJ,Female,0,No,Yes,15,Yes,Yes,Fiber optic,No,Yes,Yes,No,No,Yes,One year,Yes,Bank transfer (automatic),111.55,1670.14,No
8226-GSQ,Male,1,Yes,No,36,No,No phone service,No,No internet service,No internet service,No internet service,No internet service,No internet service,No internet service,Month-to-month,Yes,Bank transfer (automatic),20.88,753.02,Yes
9032-HVX,Male,0,Yes,Yes,19,Yes,Yes,Fiber optic,Yes,Yes,No,No,Yes,No,Two year,Yes,Electronic check,77.44,1479.19,No
6218-IYE,Male,0,No,Yes,19,Yes,Yes,DSL,No,No,Yes,No,Yes,Yes,One year,Yes,Mailed check,79.12,1500.67,Yes
5025-JBL,Male,0,Yes,No,14,Yes,Yes,Fiber optic,Yes,Yes,No,No,Yes,No,Month-to-month,Yes,Electronic check,71.2,990.87,No
7073-KES,Male,1,No,No,24,Yes,No,DSL,No,No,Yes,Yes,Yes,No,One year,Yes,Electronic check,67.93,1631.27,No
3542-LHZ,Male,0,Yes,No,16,Yes,No,DSL,No,Yes,No,Yes,Yes,No,Month-to-month,Yes,Credit card (automatic),53.58,867.18,No
2537-MKG,Male,0,Yes,Yes,11,Yes,Yes,No,No internet service,No internet service,No internet service,No internet service,No internet service,No internet service,Month-to-month,Yes,Bank transfer (automatic),19.43,212.61,Yes
1754-NNN,Female,0,Yes,No,41,No,No phone service,No,No internet service,No internet service,No internet service,No internet service,No internet service,No internet service,Month-to-month,No,Mailed check,21.93,898.59,Yes
8396-OQU,Female,0,Yes,No,38,Yes,No,DSL,Yes,Yes,No,No,No,Yes,Month-to-month,No,Mailed check,81.44,3085.09,No
8823-PTB,Female,0,No,No,55,Yes,No,Fiber optic,No,Yes,No,Yes,Yes,No,Month-to-month,No,Bank transfer (automatic),117.02,6433.41,No
6507-QWI,Male,0,Yes,Yes,52,Yes,Yes,Fiber optic,Yes,Yes,Yes,No,No,Yes,One year,Yes,Bank transfer (automatic),77.02,4014.64,No
5235-RZP,Male,0,No,Yes,70,Yes,Yes,DSL,No,No,Yes,No,Yes,No,Month-to-month,Yes,Mailed check,74.95,5245.56,Yes
1540-SCW,Female,0,Yes,No,71,Yes,Yes,DSL,Yes,No,No,Yes,Yes,No,One year,Yes,Bank transfer (automatic),72.22,5119.07,No
6510-TFD,Male,1,No,No,46,Yes,Yes,Fiber optic,Yes,Yes,No,Yes,No,No,Month-to-month,Yes,Electronic check,89.42,4118.88,No
9461-UIK,Male,0,No,Yes,24,Yes,No,DSL,No,No,Yes,No,Yes,No,One year,No,Electronic check,47.98,1158.94,No
8926-VLR,Female,0,No,No,49,Yes,No,No,No internet service,No internet service,No internet service,No internet service,No internet service,No internet service,Month-to-month,Yes,Electronic check,21.75,1069.83,No
6131-WOY,Female,0,No,No,32,Yes,No,DSL,Yes,Yes,No,No,No,No,Month-to-month,Yes,Bank transfer (automatic),76.11,2431.41,No
9697-XRF,Female,0,No,No,28,Yes,Yes,DSL,No,Yes,Yes,Yes,No,No,Month-to-month,Yes,Bank transfer (automatic),44.25,1235.36,Yes
2129-YUM,Female,0,No,No,2,Yes,No,DSL,No,No,No,Yes,No,No,Two year,Yes,Mailed check,59.49,121.52,No
4145-ZXT,Male,0,Yes,No,38,Yes,No,No,No internet service,No internet service,No internet service,No internet service,No internet service,No internet service,Month-to-month,No,Mailed check,18.74,716.4,Yes
9553-AAA,Male,0,No,No,3,Yes,Yes,Fiber optic,No,No,No,No,Yes,No,One year,No,Electronic check,72.73,223.14,Yes
4720-BDH,Male,0,No,No,36,Yes,Yes,Fiber optic,Yes,No,No,Yes,No,Yes,Month-to-month,No,Mailed check,81.23,2931.8,Yes
5067-CGO,Male,0,Yes,No,5,Yes,No,DSL,Yes,Yes,Yes,No,No,Yes,Month-to-month,No,Electronic check,80.39,404.77,No
5195-DJV,Male,0,No,No,9,Yes,No,DSL,Yes,No,Yes,No,Yes,Yes,One year,Yes,Mailed check,62.01,559.68,No
8281-EMC,Male,0,No,No,11,Yes,No,DSL,No,No,No,No,No,No,Two year,No,Electronic check,73.85,811.49,No
3509-FPJ,Male,0,No,No,65,Yes,No,No,No internet service,No internet service,No internet service,No internet service,No internet service,No internet service,One year,No,Electronic check,24.72,1614.46,No
6016-GSQ,Male,0,No,Yes,2,Yes,Yes,No,No internet service,No internet service,No internet service,No internet service,No internet service,No internet service,Month-to-month,Yes,Credit card (automatic),18.29,33.94,No
7533-HVX,Male,0,No,No,64,Yes,No,Fiber optic,Yes,No,Yes,No,No,Yes,Month-to-month,No,Electronic check,108.9,6965.46,No
5727-IYE,Female,0,No,Yes,63,Yes,No,DSL,No,Yes,No,Yes,No,No,Month-to-month,Yes,Credit card (automatic),49.05,3096.95,No
1681-JBL,Male,0,Yes,No,34,Yes,No,No,No internet service,No internet service,No internet service,No internet service,No internet service,No internet service,Month-to-month,No,Credit card (automatic),18.62,630.91,No
4932-KES,Female,0,Yes,Yes,23,Yes,Yes,DSL,No,No,No,Yes,No,Yes,Month-to-month,Yes,Bank transfer (automatic),71.03,1641.64,No
6560-LHZ,Male,0,Yes,No,46,Yes,No,DSL,Yes,No,No,No,Yes,No,Month-to-month,Yes,Credit card (automatic),73.2,3370.66,No
5016-MKG,Female,0,Yes,No,51,Yes,Yes,No,No internet service,No internet service,No internet service,No internet service,No internet service,No internet service,One year,Yes,Bank transfer (automatic),23.09,1186.26,No
8339-NNN,Female,0,Yes,Yes,33,Yes,No,No,No internet service,No internet service,No internet service,No internet service,No internet service,No internet service,One year,No,Electronic check,20.0,652.72,No
1719-OQU,Male,0,No,No,24,Yes,No,Fiber optic,Yes,No,Yes,Yes,Yes,Yes,Month-to-month,No,Mailed check,77.45,1852.38,No
1074-PTB,Female,1,Yes,No,68,Yes,No,Fiber optic,No,No,Yes,No,No,No,Month-to-month,No,Bank transfer (automatic),76.05,5180.38,No
5157-QWI,Female,0,No,No,28,Yes,No,No,No internet service,No internet service,No internet service,No internet service,No internet service,No internet service,Month-to-month,No,Bank transfer (automatic),20.09,568.46,Yes
9511-RZP,Female,0,No,No,63,Yes,Yes,DSL,No,No,No,No,No,No,Month-to-month,No,Mailed check,60.88,3836.82,No
3149-SCW,Male,0,No,No,52,Yes,No,DSL,No,Yes,No,No,No,Yes,Month-to-month,Yes,Electronic check,80.95,4216.44,Yes
7713-TFD,Male,0,Yes,Yes,57,Yes,Yes,No,No internet service,No internet service,No internet service,No internet service,No internet service,No internet service,Month-to-month,Yes,Credit card (automatic),24.79,1417.19,No
5207-UIK,Male,0,Yes,No,40,Yes,Yes,No,No internet service,No internet service,No internet service,No internet service,No internet service,No internet service,One year,No,Credit card (automatic),18.47,738.5,No
8141-VLR,Male,0,Yes,No,50,Yes,Yes,DSL,Yes,No,No,Yes,Yes,Yes,One year,Yes,Credit card (automatic),44.84,2246.14,No
9652-WOY,Female,1,No,No,17,No,No phone service,Fiber optic,No,Yes,No,No,Yes,Yes,Month-to-month,Yes,Mailed check,98.44,1671.76,Yes
4936-XRF,Female,0,No,No,40,Yes,No,DSL,No,Yes,No,No,No,Yes,One year,Yes,Mailed check,63.05,2531.08,No
2075-YUM,Female,0,No,No,60,Yes,No,Fiber optic,Yes,No,No,No,No,Yes,Month-to-month,Yes,Credit card (automatic),94.75,5684.85,No
4876-ZXT,Male,0,No,No,23,Yes,No,Fiber optic,No,Yes,No,Yes,No,No,Two year,No,Credit card (automatic),117.64,2698.35,No
5615-AAA,Male,0,Yes,Yes,46,Yes,Yes,DSL,No,Yes,No,Yes,No,Yes,Month-to-month,Yes,Bank transfer (automatic),73.65,3385.21,No
8265-BDH,Female,0,Yes,No,27,Yes,Yes,No,No internet service,No internet service,No internet service,No internet service,No internet service,No internet service,Month-to-month,Yes,Electronic check,19.28,522.78,Yes
7379-CGO,Female,1,No,No,35,Yes,Yes,No,No internet service,No internet service,No internet service,No internet service,No internet service,No internet service,Month-to-month,Yes,Mailed check,24.9,869.68,No
5652-DJV,Female,0,Yes,No,20,No,No phone service,No,No internet service,No internet service,No internet service,No internet service,No internet service,No internet service,One year,Yes,Bank transfer (automatic),21.66,442.33,Yes
7792-EMC,Male,0,No,No,55,Yes,No,Fiber optic,No,Yes,No,No,Yes,No,Month-to-month,No,Electronic check,97.81,5388.68,No
8456-FPJ,Female,0,No,No,68,Yes,Yes,DSL,No,Yes,No,No,No,Yes,Two year,Yes,Credit card (automatic),84.16,5725.1,No
5674-GSQ,Female,1,Yes,No,25,Yes,No,Fiber optic,Yes,No,Yes,No,No,No,One year,Yes,Electronic check,74.95,1863.96,No
1541-HVX,Female,0,No,Yes,53,Yes,No,No,No internet service,No internet service,No internet service,No internet service,No internet service,No internet service,Month-to-month,Yes,Electronic check,18.83,996.62,Yes
3161-IYE,Male,0,No,Yes,43,Yes,Yes,DSL,No,Yes,No,No,Yes,No,Two year,Yes,Electronic check,50.72,2183.82,No
3251-JBL,Male,0,No,Yes,32,Yes,No,No,No internet service,No internet service,No internet service,No internet service,No internet service,No internet service,Two year,Yes,Bank transfer (automatic),19.71,638.76,No
5569-KES,Female,1,Yes,No,25,No,No phone service,Fiber optic,No,Yes,No,No,No,No,Month-to-month,No,Mailed check,95.13,2372.36,No
3744-LHZ,Male,0,No,No,21,Yes,No,No,No internet service,No internet service,No internet service,No internet service,No internet service,No internet service,Month-to-month,Yes,Mailed check,21.09,434.6,No
7041-MKG,Male,0,Yes,No,19,Yes,Yes,Fiber optic,Yes,Yes,Yes,No,No,No,Month-to-month,No,Mailed check,101.15,1925.81,No
5675-NNN,Male,1,No,Yes,1,Yes,Yes,Fiber optic,No,No,No,Yes,No,No,Two year,Yes,Electronic check,92.87,87.87,No
2560-OQU,Female,0,Yes,No,40,Yes,No,Fiber optic,Yes,No,No,No,No,Yes,One year,No,Mailed check,103.14,4133.24,No
2164-PTB,Male,0,Yes,No,53,Yes,Yes,DSL,No,No,Yes,No,No,No,Two year,No,Electronic check,53.93,2865.6,No
6419-QWI,Female,0,Yes,No,56,Yes,Yes,Fiber optic,Yes,Yes,No,No,Yes,Yes,Month-to-month,No,Electronic check,105.55,5911.95,No
3722-RZP,Female,0,Yes,No,17,Yes,No,Fiber optic,No,No,Yes,No,No,Yes,Two year,Yes,Credit card (automatic),117.08,1990.09,No
1470-SCW,Male,0,Yes,No,4,Yes,No,DSL,No,No,No,No,No,Yes,Month-to-month,No,Credit card (automatic),45.62,173.36,Yes
2468-TFD,Female,0,Yes,No,45,Yes,No,Fiber optic,No,No,Yes,Yes,Yes,Yes,Two year,Yes,Bank transfer (automatic),89.37,4031.56,No
8925-UIK,Female,0,No,No,20,Yes,No,DSL,Yes,No,No,No,No,No,Month-to-month,Yes,Credit card (automatic),73.26,1459.98,Yes
1808-VLR,Female,0,Yes,Yes,21,Yes,Yes,DSL,Yes,Yes,Yes,No,No,No,Month-to-month,No,Mailed check,51.97,1089.47,Yes
9363-WOY,Female,0,No,No,2,Yes,Yes,No,No internet service,No internet service,No internet service,No internet service,No internet service,No internet service,Two year,No,Electronic check,20.07,42.49,Yes
7719-XRF,Female,0,No,No,8,Yes,Yes,Fiber optic,No,No,No,No,No,Yes,Two year,No,Mailed check,116.53,930.44,No
6073-YUM,Female,0,Yes,No,1,Yes,No,Fiber optic,Yes,Yes,Yes,Yes,No,Yes,Two year,Yes,Credit card (automatic),106.31,112.66,No
9012-ZXT,Male,0,No,No,27,Yes,Yes,Fiber optic,No,No,No,No,No,No,Month-to-month,No,Electronic check,116.17,3128.06,No
2645-AAA,Male,0,Yes,No,33,Yes,No,Fiber optic,Yes,Yes,No,No,No,Yes,One year,Yes,Bank transfer (automatic),118.27,3908.1,Yes
9249-BDH,Female,1,No,No,52,No,No phone service,Fiber optic,Yes,Yes,Yes,No,No,No,Month-to-month,No,Bank transfer (automatic),84.12,4368.76,No
2129-CGO,Male,0,No,No,58,Yes,No,Fiber optic,Yes,No,Yes,No,Yes,Yes,Month-to-month,Yes,Electronic check,111.49,6469.83,Yes
2353-DJV,Male,0,No,Yes,9,Yes,Yes,No,No internet service,No internet service,No internet service,No internet service,No internet service,No internet service,Two year,Yes,Credit card (automatic),19.97,185.43,Yes
1767-EMC,Female,0,Yes,No,1,Yes,No,Fiber optic,No,No,Yes,No,No,No,Month-to-month,No,Bank transfer (automatic),108.05,114.42,Yes
4895-FPJ,Female,0,No,Yes,47,No,No phone service,Fiber optic,No,No,Yes,No,No,Yes,Month-to-month,Yes,Electronic check,108.82,5117.05,No
9874-GSQ,Male,0,Yes,Yes,5,Yes,Yes,DSL,No,Yes,Yes,No,No,No,Month-to-month,Yes,Bank transfer (automatic),83.7,423.41,No
4454-HVX,Male,0,No,No,43,Yes,Yes,Fiber optic,No,Yes,Yes,No,No,No,Two year,Yes,Credit card (automatic),118.56,5102.82,No
8329-IYE,Female,0,Yes,Yes,53,Yes,Yes,DSL,Yes,Yes,No,No,No,No,Month-to-month,Yes,Credit card (automatic),70.12,3706.67,No
2790-JBL,Female,0,No,Yes,70,Yes,No,DSL,No,Yes,No,Yes,No,No,Two year,No,Credit card (automatic),74.15,5192.52,No
1885-KES,Male,0,No,No,35,Yes,No,Fiber optic,Yes,Yes,No,No,No,Yes,Month-to-month,Yes,Electronic check,109.65,3833.91,No
8734-LHZ,Male,0,No,Yes,7,Yes,Yes,DSL,No,Yes,No,No,No,No,Month-to-month,Yes,Electronic check,78.19,546.82,Yes
4906-MKG,Female,0,Yes,Yes,9,Yes,No,No,No internet service,No internet service,No internet service,No internet service,No internet service,No internet service,One year,Yes,Electronic check,21.7,198.22,Yes
5492-NNN,Male,0,No,Yes,32,Yes,No,DSL,No,No,Yes,No,No,No,Month-to-month,No,Electronic check,53.1,1707.65,Yes
3073-OQU,Female,0,Yes,No,18,Yes,Yes,Fiber optic,Yes,Yes,Yes,No,No,Yes,Two year,No,Bank transfer (automatic),110.16,1986.21,No
1312-PTB,Female,0,No,Yes,17,Yes,No,No,No internet service,No internet service,No internet service,No internet service,No internet service,No internet service,Month-to-month,Yes,Mailed check,22.45,379.83,Yes
7269-QWI,Female,1,No,No,50,Yes,Yes,No,No internet service,No internet service,No internet service,No internet service,No internet service,No internet service,Month-to-month,Yes,Electronic check,22.72,1133.79,Yes
6317-RZP,Male,1,Yes,No,22,Yes,Yes,Fiber optic,No,No,Yes,No,No,Yes,Two year,No,Credit card (automatic),90.01,1976.31,No
1810-SCW,Female,0,No,Yes,0,Yes,No,Fiber optic,No,No,Yes,Yes,No,No,Month-to-month,Yes,Electronic check,115.06, ,Yes
7841-TFD,Female,0,Yes,Yes,58,Yes,No,No,No internet service,No internet service,No internet service,No internet service,No internet service,No internet service,One year,Yes,Credit card (automatic),24.21,1406.65,No
3032-UIK,Male,0,Yes,No,2,Yes,Yes,DSL,No,No,No,No,No,No,Month-to-month,No,Mailed check,49.9,103.31,No
8129-VLR,Male,0,Yes,No,9,Yes,Yes,Fiber optic,Yes,No,No,No,Yes,Yes,Month-to-month,No,Electronic check,79.08,720.23,Yes
3705-WOY,Female,1,No,Yes,70,Yes,Yes,Fiber optic,Yes,Yes,Yes,Yes,Yes,No,Month-to-month,Yes,Electronic check,93.0,6502.32,No
9788-XRF,Female,0,No,Yes,48,Yes,No,Fiber optic,No,Yes,No,No,Yes,No,Month-to-month,Yes,Mailed check,101.79,4894.86,Yes
3147-YUM,Male,0,No,No,55,No,No phone service,No,No internet service,No internet service,No internet service,No internet service,No internet service,No internet service,Month-to-month,No,Mailed check,20.18,1110.13,No
1615-ZXT,Male,1,No,No,15,Yes,No,Fiber optic,No,Yes,Yes,Yes,Yes,No,One year,Yes,Mailed check,91.06,1369.37,No
1947-AAA,Female,0,No,Yes,38,Yes,No,DSL,No,Yes,Yes,No,No,Yes,Month-to-month,Yes,Bank transfer (automatic),50.61,1926.81,Yes
6677-BDH,Male,0,Yes,Yes,43,Yes,Yes,No,No internet service,No internet service,No internet service,No internet service,No internet service,No internet service,Month-to-month,No,Electronic check,20.35,868.25,No
5651-CGO,Female,0,No,No,7,No,No phone service,Fiber optic,No,No,Yes,No,No,No,One year,No,Electronic check,99.44,699.91,Yes
8866-DJV,Male,0,Yes,No,7,No,No phone service,Fiber optic,No,No,No,No,Yes,Yes,Month-to-month,Yes,Mailed check,80.36,556.69,Yes
3013-EMC,Female,0,No,Yes,44,Yes,No,DSL,Yes,No,No,Yes,No,No,Month-to-month,No,Electronic check,82.68,3634.75,No
4697-FPJ,Male,0,Yes,Yes,10,Yes,No,Fiber optic,Yes,Yes,Yes,No,No,No,Month-to-month,No,Credit card (automatic),116.3,1170.45,No
1490-GSQ,Female,1,No,No,24,Yes,Yes,No,No internet service,No internet service,No internet service,No internet service,No internet service,No internet service,Month-to-month,No,Credit card (automatic),22.38,543.95,Yes
5350-HVX,Male,0,No,Yes,16,Yes,No,Fiber optic,No,Yes,No,No,No,Yes,Two year,No,Electronic check,76.23,1223.56,No
3428-IYE,Male,0,No,Yes,54,Yes,No,No,No internet service,No internet service,No internet service,No internet service,No internet service,No internet service,Month-to-month,No,Credit card (automatic),20.86,1119.67,No
5987-JBL,Female,0,Yes,No,55,Yes,No,DSL,Yes,No,No,No,No,No,Month-to-month,No,Mailed check,74.06,4067.4,No
9733-KES,Male,0,Yes,No,43,Yes,No,Fiber optic,Yes,Yes,No,No,No,No,Month-to-month,No,Mailed check,81.71,3517.06,No
5920-LHZ,Female,1,Yes,No,52,No,No phone service,No,No internet service,No internet service,No internet service,No internet service,No internet service,No internet service,One year,Yes,Bank transfer (automatic),23.67,1226.44,No
3926-MKG,Male,0,No,No,34,Yes,No,DSL,No,Yes,No,No,No,No,One year,Yes,Electronic check,44.32,1502.71,No
8282-NNN,Male,0,No,No,38,Yes,No,Fiber optic,Yes,No,Yes,Yes,Yes,Yes,Month-to-month,Yes,Electronic check,79.27,3005.91,Yes
5376-OQU,Male,0,Yes,Yes,1,Yes,Yes,No,No internet service,No internet service,No internet service,No internet service,No internet service,No internet service,Two year,No,Bank transfer (automatic),20.37,18.35,No
5868-PTB,Male,0,Yes,Yes,24,Yes,Yes,DSL,No,No,Yes,No,Yes,Yes,Month-to-month,Yes,Credit card (automatic),83.61,1999.1,Yes
7986-QWI,Male,1,Yes,Yes,37,Yes,No,Fiber optic,No,Yes,No,No,Yes,No,Month-to-month,Yes,Bank transfer (automatic),106.81,3955.99,No
7862-RZP,Female,0,No,No,67,Yes,No,DSL,No,Yes,No,No,Yes,No,Month-to-month,Yes,Bank transfer (automatic),44.79,2991.01,No
5423-SCW,Female,0,Yes,No,31,Yes,Yes,DSL,No,No,No,Yes,Yes,No,Month-to-month,No,Credit card (automatic),62.99,1943.4,Yes
7870-TFD,Male,0,No,Yes,40,No,No phone service,DSL,No,No,No,Yes,No,No,Month-to-month,Yes,Credit card (automatic),72.36,2900.26,No
9159-UIK,Female,0,Yes,Yes,70,Yes,No,DSL,Yes,No,No,Yes,Yes,Yes,Month-to-month,No,Electronic check,69.34,4846.51,No
3073-VLR,Male,0,No,No,6,No,No phone service,Fiber optic,No,Yes,No,No,No,Yes,Month-to-month,No,Electronic check,92.59,562.05,No
7170-WOY,Male,1,No,Yes,71,Yes,No,No,No internet service,No internet service,No internet service,No internet service,No internet service,No internet service,One year,Yes,Bank transfer (automatic),20.01,1411.07,No
1701-XRF,Female,0,Yes,No,17,Yes,No,Fiber optic,No,Yes,No,No,No,No,Month-to-month,No,Electronic check,88.18,1492.24,No
9113-YUM,Female,0,No,No,16,Yes,No,DSL,Yes,No,Yes,Yes,No,No,Month-to-month,No,Mailed check,73.13,1169.85,No
7825-ZXT,Female,0,Yes,Yes,58,Yes,No,Fiber optic,No,No,No,No,Yes,No,Two year,Yes,Electronic check,106.94,6200.58,No
8867-AAA,Male,0,No,Yes,10,Yes,No,No,No internet service,No internet service,No internet service,No internet service,No internet service,No internet service,One year,Yes,Credit card (automatic),21.57,215.26,Yes
5264-BDH,Female,0,No,Yes,50,Yes,No,Fiber optic,Yes,No,No,Yes,No,No,Month-to-month,No,Mailed check,114.6,5739.73,No
8968-CGO,Female,0,Yes,Yes,6,Yes,Yes,DSL,No,No,No,No,No,Yes,One year,Yes,Electronic check,83.31,502.14,No
9146-DJV,Male,0,No,No,26,Yes,No,Fiber optic,No,Yes,No,Yes,No,No,Month-to-month,Yes,Bank transfer (automatic),108.15,2804.81,No
8776-EMC,Male,0,No,Yes,58,Yes,No,DSL,Yes,Yes,No,No,Yes,Yes,Two year,Yes,Electronic check,52.33,3028.75,No
9558-FPJ,Male,0,No,No,36,Yes,No,Fiber optic,Yes,Yes,No,No,Yes,Yes,Month-to-month,Yes,Credit card (automatic),112.86,4068.58,Yes
9719-GSQ,Male,1,Yes,No,4,Yes,Yes,DSL,No,No,No,No,No,Yes,Month-to-month,Yes,Credit card (automatic),62.61,246.92,No
5886-HVX,Male,0,Yes,No,61,Yes,Yes,DSL,No,No,No,Yes,No,Yes,Month-to-month,Yes,Electronic check,53.09,3240.84,No
4935-IYE,Female,0,Yes,No,71,Yes,No,Fiber optic,No,No,No,No,No,Yes,Month-to-month,No,Electronic check,108.29,7686.77,No
5619-JBL,Male,0,No,Yes,54,No,No phone service,DSL,No,Yes,No,Yes,No,No,Month-to-month,Yes,Electronic check,60.45,3256.01,No
6191-KES,Female,0,No,Yes,15,Yes,Yes,DSL,No,No,No,Yes,No,No,Two year,Yes,Electronic check,53.79,816.78,No
7875-LHZ,Male,0,Yes,No,55,Yes,No,Fiber optic,Yes,No,No,No,Yes,No,Month-to-month,Yes,Electronic check,98.65,5424.03,Yes
8856-MKG,Male,1,Yes,Yes,50,Yes,No,DSL,No,No,No,Yes,No,Yes,Month-to-month,No,Electronic check,48.84,2434.75,Yes
6401-NNN,Male,0,No,Yes,67,Yes,Yes,No,No internet service,No internet service,No internet service,No internet service,No internet service,No internet service,Two year,Yes,Credit card (automatic),20.81,1400.81,No
4022-OQU,Female,0,No,No,45,Yes,Yes,No,No internet service,No internet service,No internet service,No internet service,No internet service,No internet service,Month-to-month,Yes,Credit card (automatic),20.59,926.02,No
6738-PTB,Female,0,No,Yes,60,Yes,Yes,No,No internet service,No internet service,No internet service,No internet service,No internet service,No internet service,Month-to-month,Yes,Bank transfer (automatic),20.96,1250.07,No
6984-QWI,Male,0,Yes,Yes,32,Yes,Yes,Fiber optic,No,No,Yes,No,Yes,No,Two year,Yes,Mailed check,91.64,2934.04,Yes
2770-RZP,Female,0,Yes,No,54,Yes,Yes,Fiber optic,Yes,No,No,Yes,No,No,Two year,No,Mailed check,101.08,5463.2,No
9989-SCW,Male,0,Yes,Yes,17,Yes,No,No,No internet service,No internet service,No internet service,No internet service,No internet service,No internet service,Month-to-month,No,Bank transfer (automatic),18.64,313.47,No
4215-TFD,Male,0,Yes,Yes,11,Yes,Yes,Fiber optic,No,No,Yes,Yes,Yes,No,Two year,Yes,Electronic check,92.57,1018.32,No
7694-UIK,Male,0,No,Yes,20,Yes,Yes,Fiber optic,No,No,No,No,No,No,Month-to-month,Yes,Bank transfer (automatic),94.23,1892.23,Yes
3976-VLR,Male,0,No,No,72,Yes,Yes,DSL,No,No,No,No,Yes,No,Two year,Yes,Electronic check,57.82,4160.54,No
4737-WOY,Male,0,No,No,25,Yes,Yes,No,No internet service,No internet service,No internet service,No internet service,No internet service,No internet service,Two year,No,Bank transfer (automatic),23.27,590.34,No
1752-XRF,Female,0,Yes,No,20,Yes,Yes,Fiber optic,Yes,Yes,Yes,No,No,Yes,One year,Yes,Mailed check,104.93,2093.83,No
2392-YUM,Female,0,No,Yes,21,Yes,No,DSL,No,No,No,Yes,Yes,Yes,Two year,Yes,Bank transfer (automatic),65.38,1372.65,No
7789-ZXT,Male,1,No,Yes,54,Yes,Yes,DSL,No,No,No,No,No,No,One year,Yes,Bank transfer (automatic),79.16,4280.0,No
1677-AAA,Male,0,Yes,No,45,Yes,No,DSL,No,No,No,No,Yes,Yes,Month-to-month,Yes,Electronic check,48.82,2193.15,No
1105-BDH,Male,0,No,No,40,Yes,No,DSL,No,Yes,Yes,No,No,No,One year,Yes,Mailed check,59.39,2372.44,Yes
5753-CGO,Male,1,No,No,4,Yes,No,Fiber optic,Yes,No,No,No,Yes,Yes,One year,Yes,Bank transfer (automatic),103.13,415.69,Yes
2946-DJV,Female,0,No,No,43,Yes,Yes,Fiber optic,No,Yes,Yes,No,No,No,One year,No,Electronic check,115.01,4945.24,Yes
6544-EMC,Female,0,Yes,No,15,Yes,Yes,DSL,No,Yes,No,No,No,No,Two year,No,Credit card (automatic),79.27,1185.41,No
2095-FPJ,Female,1,No,Yes,34,Yes,Yes,Fiber optic,Yes,Yes,Yes,No,No,Yes,Month-to-month,No,Mailed check,77.97,2650.52,No
7985-GSQ,Male,0,No,Yes,4,Yes,No,DSL,No,No,No,Yes,No,No,One year,No,Electronic check,46.55,181.68,No
2782-HVX,Female,1,No,No,61,Yes,Yes,No,No internet service,No internet service,No internet service,No internet service,No internet service,No internet service,One year,No,Bank transfer (automatic),22.0,1339.1,No
5541-IYE,Female,0,No,Yes,25,Yes,No,DSL,Yes,No,No,No,No,Yes,Month-to-month,No,Credit card (automatic),64.33,1614.67,No
4257-JBL,Male,0,Yes,No,60,Yes,Yes,Fiber optic,No,No,No,No,No,Yes,Month-to-month,Yes,Mailed check,87.69,5262.25,No
7213-KES,Female,0,No,No,50,Yes,No,No,No internet service,No internet service,No internet service,No internet service,No internet service,No internet service,Month-to-month,Yes,Bank transfer (automatic),19.65,981.14,Yes
5869-LHZ,Male,1,No,No,68,Yes,No,DSL,Yes,No,Yes,No,No,Yes,Month-to-month,Yes,Electronic check,60.4,4103.27,No
2561-MKG,Female,0,No,Yes,55,Yes,Yes,DSL,No,No,Yes,Yes,Yes,No,Two year,Yes,Bank transfer (automatic),63.54,3499.75,No
5006-NNN,Female,0,Yes,No,49,Yes,Yes,Fiber optic,Yes,No,No,No,No,Yes,Month-to-month,No,Mailed check,84.37,4141.14,Yes
4981-OQU,Female,0,No,Yes,35,Yes,Yes,DSL,No,Yes,Yes,Yes,No,No,Two year,Yes,Electronic check,44.5,1552.72,No
6682-PTB,Male,0,No,No,23,Yes,Yes,Fiber optic,No,No,Yes,Yes,Yes,No,Two year,Yes,Credit card (automatic),97.21,2245.77,No
6782-QWI,Female,0,No,Yes,29,Yes,Yes,DSL,No,Yes,Yes,Yes,Yes,Yes,Two year,No,Credit card (automatic),83.23,2416.25,No
1943-RZP,Female,1,No,No,68,Yes,Yes,Fiber optic,No,No,Yes,Yes,Yes,No,One year,No,Mailed check,86.93,5918.87,Yes
5550-SCW,Female,0,No,Yes,47,Yes,No,DSL,Yes,No,No,No,Yes,No,One year,Yes,Mailed check,75.53,3549.39,No
1600-TFD,Female,0,No,No,21,Yes,No,DSL,No,No,Yes,Yes,Yes,No,Month-to-month,No,Bank transfer (automatic),80.69,1698.71,No
7376-UIK,Male,0,No,Yes,32,Yes,No,Fiber optic,No,Yes,No,Yes,No,No,One year,Yes,Credit card (automatic),91.13,2925.88,No
2524-VLR,Female,0,Yes,No,68,Yes,No,No,No internet service,No internet service,No internet service,No internet service,No internet service,No internet service,Two year,No,Mailed check,20.69,1415.8,No
4766-WOY,Male,0,Yes,No,49,Yes,No,DSL,No,Yes,No,Yes,No,No,Month-to-month,No,Credit card (automatic),80.54,3940.84,No
1250-XRF,Female,0,No,Yes,22,Yes,Yes,Fiber optic,No,No,Yes,No,No,No,Two year,Yes,Electronic check,75.13,1657.62,No
1078-YUM,Male,0,No,No,9,Yes,Yes,DSL,Yes,Yes,No,Yes,Yes,No,Month-to-month,No,Electronic check,64.1,571.9,Yes
4123-ZXT,Male,0,No,No,35,Yes,Yes,DSL,No,No,Yes,No,No,No,Two year,No,Credit card (automatic),70.43,2474.47,No
8064-AAA,Male,0,Yes,Yes,16,Yes,No,Fiber optic,Yes,No,Yes,No,No,No,Month-to-month,Yes,Bank transfer (automatic),102.83,1651.1,No
9417-BDH,Male,0,Yes,No,52,Yes,No,DSL,No,No,No,Yes,Yes,Yes,Two year,No,Bank transfer (automatic),48.64,2535.58,No
2209-CGO,Female,0,No,Yes,7,Yes,Yes,Fiber optic,No,No,No,No,No,No,Two year,No,Bank transfer (automatic),75.43,536.74,Yes
6153-DJV,Male,0,No,No,43,Yes,No,Fiber optic,No,No,No,No,Yes,No,One year,No,Electronic check,83.99,3616.22,No
5898-EMC,Female,0,No,No,60,Yes,Yes,No,No internet service,No internet service,No internet service,No internet service,No internet service,No internet service,Month-to-month,Yes,Credit card (automatic),23.52,1407.49,No
3178-FPJ,Female,0,No,No,5,Yes,No,Fiber optic,Yes,Yes,Yes,Yes,No,No,Month-to-month,Yes,Electronic check,117.86,592.52,Yes
8610-GSQ,Male,0,Yes,Yes,70,Yes,No,No,No internet service,No internet service,No internet service,No internet service,No internet service,No internet service,Month-to-month,Yes,Electronic check,22.24,1557.53,No
9895-HVX,Female,1,No,Yes,36,Yes,Yes,DSL,Yes,Yes,Yes,Yes,Yes,No,Month-to-month,No,Bank transfer (automatic),71.18,2567.09,No
3544-IYE,Male,1,No,No,53,Yes,No,No,No internet service,No internet service,No internet service,No internet service,No internet service,No internet service,Two year,Yes,Electronic check,24.88,1313.9,No
6522-JBL,Female,0,No,No,22,Yes,No,Fiber optic,Yes,No,No,Yes,No,No,Month-to-month,No,Credit card (automatic),81.26,1788.72,No
3370-KES,Male,0,Yes,No,56,Yes,No,DSL,No,Yes,No,Yes,No,Yes,Month-to-month,Yes,Bank transfer (automatic),47.8,2672.36,No
4281-LHZ,Male,0,Yes,Yes,50,Yes,Yes,Fiber optic,Yes,No,Yes,Yes,No,Yes,Month-to-month,No,Bank transfer (automatic),78.37,3923.01,No
5710-MKG,Male,0,No,Yes,57,No,No phone service,No,No internet service,No internet service,No internet service,No internet service,No internet service,No internet service,Month-to-month,Yes,Mailed check,20.32,1164.26,Yes
1328-NNN,Male,0,Yes,No,18,Yes,No,Fiber optic,No,Yes,No,Yes,No,No,Month-to-month,No,Mailed check,103.2,1851.16,Yes
6579-OQU,Male,1,Yes,No,26,Yes,No,DSL,No,No,Yes,No,Yes,No,Month-to-month,Yes,Mailed check,56.38,1475.08,Yes
5228-PTB,Male,0,Yes,Yes,24,Yes,Yes,No,No internet service,No internet service,No internet service,No internet service,No internet service,No internet service,One year,No,Bank transfer (automatic),21.62,519.83,No
7794-QWI,Female,0,No,No,20,Yes,No,Fiber optic,No,No,No,No,Yes,No,Two year,Yes,Electronic check,71.33,1434.24,No
1120-RZP,Male,0,Yes,Yes,24,Yes,No,Fiber optic,Yes,No,No,Yes,No,Yes,One year,No,Mailed check,115.78,2773.8,Yes
7749-SCW,Female,1,No,No,50,No,No phone service,DSL,No,No,No,Yes,Yes,Yes,Month-to-month,Yes,Credit card (automatic),68.19,3403.38,Yes
1964-TFD,Female,0,No,No,70,Yes,Yes,DSL,Yes,No,Yes,Yes,No,No,Month-to-month,No,Electronic check,66.4,4656.98,Yes
5224-UIK,Female,0,No,No,34,Yes,Yes,DSL,No,No,No,Yes,No,No,One year,Yes,Mailed check,74.54,2544.23,No
4675-VLR,Female,1,No,No,69,Yes,Yes,Fiber optic,Yes,No,Yes,No,No,No,One year,No,Electronic check,116.25,8015.25,No
6694-WOY,Male,0,Yes,No,49,Yes,No,Fiber optic,No,No,No,Yes,No,No,One year,Yes,Mailed check,99.81,4891.93,No
3076-XRF,Male,0,Yes,No,14,Yes,Yes,Fiber optic,No,No,No,Yes,No,No,Two year,Yes,Electronic check,103.1,1447.71,No
7865-YUM,Male,0,Yes,Yes,23,Yes,Yes,Fiber optic,Yes,No,Yes,No,Yes,Yes,Month-to-month,Yes,Mailed check,83.58,1919.23,Yes
6643-ZXT,Male,1,No,No,48,Yes,Yes,Fiber optic,No,No,Yes,No,No,No,Month-to-month,No,Mailed check,110.17,5286.35,Yes
9524-AAA,Female,1,No,No,67,Yes,No,Fiber optic,Yes,No,No,No,No,Yes,One year,No,Credit card (automatic),108.41,7263.47,Yes
6249-BDH,Female,0,No,Yes,6,Yes,Yes,DSL,No,No,Yes,No,No,No,Month-to-month,Yes,Electronic check,44.88,260.59,Yes
2316-CGO,Female,0,No,No,53,No,No phone service,DSL,No,No,No,No,No,No,Month-to-month,No,Electronic check,75.88,4023.31,No
2196-DJV,Male,0,No,No,37,Yes,No,DSL,No,No,No,No,Yes,No,Month-to-month,Yes,Electronic check,51.91,1918.36,No
4170-EMC,Female,0,No,Yes,44,Yes,No,No,No internet service,No internet service,No internet service,No internet service,No internet service,No internet service,Month-to-month,No,Electronic check,19.46,860.81,No
1355-FPJ,Male,0,No,No,8,Yes,Yes,DSL,Yes,Yes,No,No,No,No,One year,Yes,Credit card (automatic),57.48,454.54,Yes
1028-GSQ,Male,0,Yes,No,54,Yes,No,Fiber optic,Yes,No,Yes,No,No,No,Month-to-month,Yes,Bank transfer (automatic),116.31,6286.39,No
2013-HVX,Male,0,No,Yes,51,Yes,No,DSL,No,No,Yes,Yes,No,Yes,Two year,No,Electronic check,68.22,3470.86,No
3024-IYE,Male,0,No,No,48,Yes,Yes,No,No internet service,No internet service,No internet service,No internet service,No internet service,No internet service,One year,Yes,Electronic check,24.64,1178.8,Yes
9490-JBL,Male,0,No,No,54,Yes,No,Fiber optic,No,Yes,No,No,Yes,No,Month-to-month,Yes,Electronic check,73.82,3987.36,Yes
6839-KES,Female,1,No,Yes,69,Yes,No,No,No internet service,No internet service,No internet service,No internet service,No internet service,No internet service,Month-to-month,Yes,Electronic check,21.84,1499.92,Yes
6791-LHZ,Female,0,Yes,No,2,Yes,No,DSL,No,No,No,No,No,No,Month-to-month,Yes,Electronic check,64.71,123.82,No
1754-MKG,Male,0,Yes,No,67,Yes,Yes,DSL,No,Yes,Yes,No,Yes,Yes,Month-to-month,Yes,Electronic check,62.14,4156.57,Yes
9961-NNN,Male,0,Yes,No,37,Yes,Yes,DSL,No,No,No,No,No,Yes,Month-to-month,Yes,Mailed check,84.65,3139.4,Yes
4735-OQU,Male,0,Yes,No,69,No,No phone service,Fiber optic,Yes,Yes,No,No,No,No,Two year,Yes,Electronic check,93.07,6420.29,No
2238-PTB,Female,0,No,No,48,Yes,No,No,No internet service,No internet service,No internet service,No internet service,No internet service,No internet service,One year,No,Electronic check,19.86,957.62,No
2906-QWI,Male,1,Yes,No,7,Yes,Yes,No,No internet service,No internet service,No internet service,No internet service,No internet service,No internet service,Month-to-month,No,Bank transfer (automatic),22.59,159.91,Yes
8399-RZP,Female,0,No,No,44,Yes,No,No,No internet service,No internet service,No internet service,No internet service,No internet service,No internet service,Month-to-month,Yes,Bank transfer (automatic),19.92,878.76,Yes
8961-SCW,Female,0,Yes,No,28,Yes,Yes,Fiber optic,No,No,No,Yes,No,No,Two year,No,Credit card (automatic),76.42,2148.48,No
5601-TFD,Female,0,Yes,No,48,Yes,No,DSL,No,Yes,No,No,Yes,No,One year,Yes,Mailed check,67.91,3256.42,No
2460-UIK,Female,1,Yes,No,23,Yes,No,DSL,Yes,Yes,No,No,No,No,Month-to-month,No,Bank transfer (automatic),73.7,1690.47,No
8669-VLR,Female,0,No,No,20,Yes,Yes,No,No internet service,No internet service,No internet service,No internet service,No internet service,No internet service,Month-to-month,Yes,Bank transfer (automatic),21.3,424.71,Yes
2416-WOY,Female,0,No,No,22,Yes,No,Fiber optic,No,No,No,No,No,Yes,One year,Yes,Bank transfer (automatic),85.7,1884.3,No
8766-XRF,Male,1,No,No,27,No,No phone service,No,No internet service,No internet service,No internet service,No internet service,No internet service,No internet service,Month-to-month,No,Mailed check,19.28,528.59,No
2428-YUM,Male,0,No,Yes,31,Yes,No,Fiber optic,No,Yes,No,Yes,No,Yes,Month-to-month,Yes,Credit card (automatic),109.08,3388.68,Yes
5378-ZXT,Male,1,No,No,21,No,No phone service,DSL,Yes,No,Yes,No,Yes,No,One year,Yes,Mailed check,80.54,1689.7,No
8529-AAA,Female,0,Yes,No,61,Yes,No,DSL,No,No,No,No,No,No,Month-to-month,No,Electronic check,54.38,3322.81,No
5474-BDH,Male,0,Yes,Yes,66,Yes,No,DSL,No,No,No,Yes,Yes,No,Month-to-month,No,Bank transfer (automatic),61.56,4062.75,No
4071-CGO,Female,0,Yes,No,72,Yes,Yes,Fiber optic,No,No,No,No,No,No,Month-to-month,No,Mailed check,84.95,6123.55,Yes
1555-DJV,Female,0,Yes,Yes,5,Yes,No,DSL,Yes,No,Yes,Yes,Yes,Yes,One year,Yes,Bank transfer (automatic),78.06,383.41,No
9547-EMC,Male,0,Yes,No,64,Yes,Yes,DSL,Yes,Yes,No,Yes,No,No,One year,Yes,Mailed check,81.81,5245.09,No
2563-FPJ,Female,0,Yes,Yes,21,Yes,No,DSL,Yes,Yes,No,Yes,Yes,No,Month-to-month,Yes,Bank transfer (automatic),50.21,1049.46,Yes
2040-GSQ,Male,0,Yes,Yes,50,Yes,No,Fiber optic,Yes,No,No,Yes,Yes,No,Two year,Yes,Mailed check,71.78,3584.96,No
3686-HVX,Male,0,No,Yes,67,No,No phone service,No,No internet service,No internet service,No internet service,No internet service,No internet service,No internet service,Month-to-month,No,Mailed check,18.83,1251.64,No
3553-IYE,Male,0,No,No,56,Yes,Yes,No,No internet service,No internet service,No internet service,No internet service,No internet service,No internet service,Month-to-month,No,Electronic check,20.21,1128.29,No
2779-JBL,Male,0,Yes,Yes,71,Yes,No,No,No internet service,No internet service,No internet service,No internet service,No internet service,No internet service,Month-to-month,No,Electronic check,23.14,1648.49,No
1075-KES,Male,0,No,No,54,Yes,No,Fiber optic,Yes,No,No,No,Yes,No,Two year,No,Electronic check,85.92,4641.57,No
5326-LHZ,Female,0,No,Yes,41,Yes,No,DSL,No,Yes,No,No,No,No,One year,No,Mailed check,84.35,3467.19,No
6835-MKG,Male,0,Yes,No,51,Yes,Yes,Fiber optic,Yes,Yes,No,Yes,No,Yes,Month-to-month,Yes,Mailed check,74.17,3789.3,No
6057-NNN,Female,1,No,No,60,No,No phone service,No,No internet service,No internet service,No internet service,No internet service,No internet service,No internet service,Month-to-month,No,Electronic check,22.78,1359.3,No
3349-OQU,Male,0,Yes,No,18,Yes,No,Fiber optic,Yes,Yes,No,Yes,Yes,No,Month-to-month,No,Mailed check,92.53,1672.77,Yes
3773-PTB,Male,0,Yes,Yes,0,Yes,No,Fiber optic,Yes,No,Yes,Yes,No,No,Month-to-month,Yes,Credit card (automatic),85.09, ,Yes
3262-QWI,Female,0,No,Yes,40,Yes,No,DSL,No,No,No,No,No,No,Month-to-month,No,Mailed check,67.0,2679.96,No
4229-RZP,Male,1,Yes,No,62,Yes,No,Fiber optic,No,No,No,Yes,No,Yes,One year,Yes,Electronic check,82.08,5089.27,Yes
1392-SCW,Female,0,Yes,No,47,Yes,Yes,DSL,Yes,Yes,No,No,No,No,Two year,Yes,Mailed check,69.19,3260.32,No
2108-TFD,Female,1,No,No,31,Yes,Yes,DSL,Yes,No,No,No,Yes,No,Month-to-month,Yes,Credit card (automatic),84.8,2619.14,No
5362-UIK,Male,1,No,Yes,49,Yes,Yes,DSL,No,Yes,Yes,No,Yes,No,One year,Yes,Credit card (automatic),56.8,2779.37,No
6188-VLR,Female,0,No,No,13,Yes,No,DSL,No,No,Yes,No,Yes,No,One year,Yes,Credit card (automatic),59.25,760.37,No
9802-WOY,Female,0,No,Yes,16,Yes,No,No,No internet service,No internet service,No internet service,No internet service,No internet service,No internet service,Month-to-month,No,Mailed check,24.12,379.06,Yes
6057-XRF,Female,0,No,No,29,Yes,No,Fiber optic,No,Yes,No,Yes,No,No,Two year,Yes,Mailed check,87.5,2545.1,Yes
4998-YUM,Male,0,No,No,50,Yes,Yes,Fiber optic,No,No,Yes,No,Yes,No,Month-to-month,No,Electronic check,114.41,5719.07,No
9864-ZXT,Female,0,Yes,No,61,Yes,No,Fiber optic,Yes,No,No,Yes,No,No,Month-to-month,No,Electronic check,104.05,6354.24,No
7566-AAA,Female,0,No,No,23,Yes,Yes,Fiber optic,No,Yes,Yes,No,No,No,One year,Yes,Credit card (automatic),70.94,1622.63,No
4677-BDH,Male,0,No,Yes,62,Yes,No,Fiber optic,No,No,No,Yes,Yes,No,One year,No,Bank transfer (automatic),88.4,5475.14,No
6796-CGO,Female,0,Yes,No,13,Yes,Yes,Fiber optic,Yes,Yes,Yes,Yes,No,No,Two year,No,Credit card (automatic),88.8,1160.78,No
7363-DJV,Female,0,No,Yes,33,Yes,No,Fiber optic,No,No,Yes,No,Yes,No,Month-to-month,Yes,Electronic check,81.92,2710.58,Yes
9123-EMC,Male,0,No,Yes,58,Yes,Yes,Fiber optic,Yes,Yes,Yes,No,No,Yes,One year,Yes,Electronic check,98.65,5722.73,No
9222-FPJ,Male,0,Yes,No,64,Yes,Yes,DSL,No,No,No,Yes,No,No,One year,Yes,Electronic check,45.67,2914.07,No
8690-GSQ,Male,0,Yes,No,32,Yes,No,Fiber optic,Yes,No,Yes,Yes,Yes,No,Month-to-month,Yes,Mailed check,99.08,3172.72,No
2400-HVX,Female,0,Yes,No,57,Yes,Yes,Fiber optic,Yes,No,No,No,No,Yes,Two year,No,Mailed check,97.17,5545.83,No
5071-IYE,Male,0,No,No,17,Yes,Yes,Fiber optic,No,No,No,No,No,Yes,Month-to-month,No,Credit card (automatic),103.68,1760.18,No
9808-JBL,Male,0,Yes,Yes,11,No,No phone service,Fiber optic,No,No,Yes,No,Yes,No,One year,No,Electronic check,96.25,1051.42,Yes
3786-KES,Female,0,Yes,Yes,65,Yes,No,DSL,Yes,Yes,No,No,No,Yes,Month-to-month,No,Mailed check,57.67,3747.5,No
8169-LHZ,Female,0,Yes,No,1,Yes,Yes,DSL,No,No,No,Yes,No,Yes,Two year,No,Bank transfer (automatic),83.78,85.73,Yes
1870-MKG,Male,0,No,No,69,Yes,Yes,Fiber optic,Yes,Yes,No,Yes,No,No,Two year,Yes,Bank transfer (automatic),76.48,5283.6,No
5196-NNN,Female,1,No,Yes,27,Yes,No,Fiber optic,No,No,No,No,No,No,One year,No,Credit card (automatic),106.22,2875.83,No
3739-OQU,Male,0,No,No,41,Yes,No,Fiber optic,No,Yes,Yes,No,No,No,Two year,Yes,Credit card (automatic),80.02,3283.21,No
1940-PTB,Male,0,Yes,No,2,Yes,No,No,No internet service,No internet service,No internet service,No internet service,No internet service,No internet service,Month-to-month,Yes,Electronic check,18.67,28.36,Yes
1340-QWI,Male,1,No,No,47,Yes,Yes,Fiber optic,Yes,No,No,Yes,No,No,Two year,Yes,Mailed check,107.35,5053.02,No
8422-RZP,Male,0,No,No,12,Yes,No,Fiber optic,Yes,Yes,Yes,No,No,No,Two year,Yes,Bank transfer (automatic),111.82,1344.06,No
5133-SCW,Female,0,No,No,56,Yes,No,DSL,No,Yes,No,Yes,No,Yes,Month-to-month,No,Mailed check,48.98,2740.36,No
1659-TFD,Female,1,No,No,2,Yes,No,Fiber optic,No,Yes,Yes,Yes,No,Yes,One year,No,Mailed check,95.65,184.91,No
4457-UIK,Male,0,Yes,Yes,62,Yes,Yes,Fiber optic,No,No,Yes,No,Yes,Yes,Two year,Yes,Electronic check,105.51,6539.7,No
3975-VLR,Male,0,Yes,Yes,37,Yes,Yes,No,No internet service,No internet service,No internet service,No internet service,No internet service,No internet service,One year,No,Electronic check,20.83,770.84,No
1453-WOY,Male,0,Yes,No,58,Yes,No,No,No internet service,No internet service,No internet service,No internet service,No internet service,No internet service,Two year,Yes,Bank transfer (automatic),21.24,1235.13,No
9184-XRF,Male,0,No,No,27,Yes,No,DSL,No,Yes,Yes,Yes,No,No,One year,Yes,Credit card (automatic),84.07,2266.55,No
6442-YUM,Male,1,No,No,25,Yes,Yes,DSL,No,Yes,No,No,Yes,Yes,Month-to-month,Yes,Credit card (automatic),73.89,1850.44,Yes
1818-ZXT,Female,0,No,No,64,Yes,Yes,Fiber optic,No,Yes,No,No,No,No,Two year,No,Credit card (automatic),114.93,7353.75,No
5868-AAA,Male,0,No,Yes,60,Yes,No,DSL,Yes,No,No,No,No,No,Two year,Yes,Credit card (automatic),61.72,3703.9,No
1012-BDH,Female,1,No,No,56,Yes,Yes,Fiber optic,No,Yes,No,No,No,No,Month-to-month,Yes,Electronic check,93.2,5226.25,Yes
8727-CGO,Female,1,Yes,No,0,Yes,Yes,DSL,No,No,No,No,Yes,No,Month-to-month,No,Mailed check,83.76, ,Yes
1920-DJV,Female,1,Yes,No,31,Yes,Yes,DSL,No,No,Yes,Yes,No,No,One year,Yes,Electronic check,61.52,1907.2,No
5920-EMC,Male,0,No,No,31,Yes,Yes,Fiber optic,No,No,No,No,No,No,One year,Yes,Mailed check,90.08,2801.77,No
3418-FPJ,Male,0,No,No,26,Yes,Yes,DSL,Yes,No,No,Yes,No,No,Two year,No,Electronic check,72.59,1887.68,No
7475-GSQ,Female,0,No,No,12,Yes,No,Fiber optic,No,No,No,No,No,No,Month-to-month,No,Bank transfer (automatic),72.16,875.27,Yes
3017-HVX,Female,0,No,Yes,16,Yes,Yes,Fiber optic,Yes,No,No,Yes,No,No,Month-to-month,Yes,Mailed check,91.66,1461.74,Yes
8957-IYE,Male,0,Yes,No,27,Yes,Yes,DSL,No,No,No,Yes,No,No,Two year,Yes,Credit card (automatic),82.51,2229.85,No
5792-JBL,Male,0,Yes,No,51,Yes,Yes,No,No internet service,No internet service,No internet service,No internet service,No internet service,No internet service,Two year,No,Electronic check,24.3,1230.15,No
7830-KES,Male,1,No,No,35,Yes,Yes,No,No internet service,No internet service,No internet service,No internet service,No internet service,No internet service,Two year,No,Mailed check,22.71,792.52,No
3434-LHZ,Male,0,No,Yes,46,Yes,Yes,No,No internet service,No internet service,No internet service,No internet service,No internet service,No internet service,Month-to-month,Yes,Electronic check,21.24,973.92,No
3868-MKG,Male,0,No,No,65,Yes,No,No,No internet service,No internet service,No internet service,No internet service,No internet service,No internet service,Month-to-month,Yes,Mailed check,21.7,1416.76,No
2438-NNN,Female,0,No,Yes,31,Yes,Yes,Fiber optic,No,Yes,Yes,No,Yes,No,Month-to-month,Yes,Electronic check,82.97,2582.0,Yes
4543-OQU,Female,0,Yes,Yes,31,Yes,No,DSL,No,Yes,No,No,No,No,Two year,Yes,Credit card (automatic),52.39,1630.1,No
2781-PTB,Female,0,Yes,Yes,69,Yes,No,Fiber optic,No,No,Yes,No,No,No,Month-to-month,Yes,Credit card (automatic),83.11,5726.92,Yes
7343-QWI,Male,0,No,No,54,Yes,No,Fiber optic,No,No,Yes,No,Yes,No,Month-to-month,Yes,Mailed check,113.98,6156.28,No
3263-RZP,Female,1,Yes,Yes,72,Yes,Yes,DSL,Yes,Yes,No,No,Yes,No,One year,No,Mailed check,54.55,3925.3,No
1211-SCW,Male,0,No,No,39,No,No phone service,DSL,Yes,No,No,No,No,No,Two year,Yes,Mailed check,63.24,2456.78,No
9699-TFD,Female,0,No,Yes,27,Yes,Yes,DSL,Yes,No,No,No,No,Yes,Month-to-month,Yes,Mailed check,73.38,1982.59,No
7159-UIK,Female,0,No,No,30,Yes,Yes,DSL,No,Yes,No,Yes,No,No,Month-to-month,Yes,Mailed check,74.42,2232.64,No
8027-VLR,Female,0,No,No,30,No,No phone service,DSL,No,No,No,Yes,No,Yes,Two year,No,Mailed check,56.72,1708.17,No
1331-WOY,Female,0,Yes,Yes,25,Yes,No,Fiber optic,Yes,Yes,No,No,No,No,Month-to-month,No,Credit card (automatic),82.62,2061.82,Yes
7860-XRF,Female,0,No,Yes,3,Yes,Yes,DSL,No,No,No,Yes,Yes,Yes,Month-to-month,No,Mailed check,59.18,186.24,No
9044-YUM,Male,0,Yes,Yes,57,Yes,No,Fiber optic,No,No,Yes,No,Yes,No,Month-to-month,No,Bank transfer (automatic),74.92,4261.51,Yes
9169-ZXT,Female,0,Yes,No,22,Yes,No,DSL,Yes,Yes,Yes,No,No,Yes,Month-to-month,No,Bank transfer (automatic),66.37,1450.97,No
9742-AAA,Male,0,No,Yes,68,Yes,No,Fiber optic,No,Yes,No,No,No,Yes,One year,Yes,Credit card (automatic),105.65,7181.67,No
6720-BDH,Female,1,Yes,No,59,Yes,Yes,DSL,No,Yes,No,Yes,No,No,Month-to-month,No,Electronic check,53.64,3159.86,No
1727-CGO,Male,0,No,Yes,42,Yes,Yes,Fiber optic,Yes,Yes,No,No,No,No,Two year,No,Electronic check,74.39,3129.11,No
5975-DJV,Male,0,No,No,25,Yes,No,DSL,No,No,No,Yes,Yes,No,Two year,Yes,Bank transfer (automatic),78.61,1973.52,No
4243-EMC,Male,0,Yes,No,66,Yes,Yes,No,No internet service,No internet service,No internet service,No internet service,No internet service,No internet service,One year,Yes,Mailed check,24.21,1598.54,No
1648-FPJ,Female,0,Yes,Yes,67,Yes,Yes,Fiber optic,No,No,No,No,Yes,Yes,One year,Yes,Bank transfer (automatic),111.96,7494.0,No
6095-GSQ,Female,0,Yes,No,54,Yes,Yes,DSL,No,No,No,Yes,No,Yes,Two year,Yes,Mailed check,61.38,3315.4,No
7614-HVX,Male,0,No,No,46,Yes,No,Fiber optic,Yes,No,Yes,Yes,Yes,No,One year,No,Bank transfer (automatic),76.92,3538.23,No
8135-IYE,Female,0,No,Yes,58,Yes,Yes,Fiber optic,No,No,Yes,No,Yes,Yes,Month-to-month,Yes,Credit card (automatic),103.59,6001.36,No
2009-JBL,Male,0,No,No,15,Yes,Yes,DSL,Yes,No,Yes,No,Yes,No,Month-to-month,Yes,Mailed check,48.14,712.56,Yes
2550-KES,Female,1,Yes,No,57,Yes,No,DSL,No,Yes,Yes,Yes,No,No,Month-to-month,No,Electronic check,72.36,4121.79,Yes
9995-LHZ,Male,1,Yes,No,0,Yes,No,Fiber optic,Yes,No,Yes,No,No,Yes,One year,No,Electronic check,80.61, ,No
8492-MKG,Female,0,Yes,No,44,Yes,No,Fiber optic,Yes,Yes,Yes,Yes,Yes,Yes,Month-to-month,No,Electronic check,75.26,3321.24,Yes
4401-NNN,Male,0,No,No,5,Yes,No,DSL,No,No,No,No,No,Yes,Two year,No,Credit card (automatic),44.07,228.31,No
8447-OQU,Male,0,Yes,No,51,Yes,Yes,Fiber optic,No,No,No,No,Yes,No,One year,Yes,Bank transfer (automatic),94.83,4845.63,No
6424-PTB,Female,0,Yes,No,18,Yes,Yes,DSL,No,No,Yes,No,No,No,Month-to-month,Yes,Mailed check,79.42,1423.72,No
5241-QWI,Female,0,Yes,No,42,Yes,Yes,No,No internet service,No internet service,No internet service,No internet service,No internet service,No internet service,Two year,Yes,Mailed check,23.3,985.95,No
4161-RZP,Female,1,No,Yes,18,Yes,No,DSL,No,No,No,No,Yes,Yes,Month-to-month,Yes,Electronic check,54.71,984.65,No
5155-SCW,Male,1,No,Yes,38,Yes,Yes,DSL,Yes,Yes,No,No,Yes,Yes,Month-to-month,Yes,Electronic check,50.08,1911.18,No
8478-TFD,Female,0,No,No,31,Yes,Yes,Fiber optic,No,No,No,Yes,No,Yes,Month-to-month,No,Mailed check,116.74,3613.52,Yes
9719-UIK,Female,0,No,No,64,Yes,Yes,Fiber optic,Yes,No,No,Yes,Yes,Yes,Month-to-month,No,Electronic check,110.33,7059.69,No
7617-VLR,Male,0,No,No,46,Yes,Yes,DSL,Yes,No,No,Yes,Yes,Yes,Month-to-month,Yes,Mailed check,69.56,3194.97,Yes
6660-WOY,Female,0,Yes,No,12,Yes,Yes,No,No internet service,No internet service,No internet service,No internet service,No internet service,No internet service,Two year,No,Mailed check,20.61,238.5,No
9624-XRF,Female,0,Yes,No,35,Yes,Yes,Fiber optic,Yes,No,No,Yes,No,No,Month-to-month,Yes,Credit card (automatic),108.41,3793.21,No
2176-YUM,Female,0,No,No,69,Yes,Yes,Fiber optic,Yes,No,Yes,No,No,No,Month-to-month,No,Mailed check,88.32,6084.92,No
8956-ZXT,Male,1,Yes,Yes,26,Yes,No,DSL,No,No,Yes,No,No,Yes,Month-to-month,No,Bank transfer (automatic),72.67,1893.65,No
9592-AAA,Male,0,Yes,No,71,Yes,No,No,No internet service,No internet service,No internet service,No internet service,No internet service,No internet service,Month-to-month,Yes,Credit card (automatic),21.93,1556.59,No
3233-BDH,Female,0,Yes,Yes,23,Yes,Yes,DSL,Yes,Yes,No,No,No,Yes,Month-to-month,Yes,Credit card (automatic),66.57,1536.01,Yes
5700-CGO,Male,0,Yes,No,19,Yes,No,Fiber optic,Yes,No,Yes,No,No,Yes,One year,No,Bank transfer (automatic),95.91,1825.36,No
6906-DJV,Female,1,Yes,No,8,Yes,Yes,Fiber optic,No,No,No,No,No,Yes,One year,Yes,Mailed check,117.5,942.56,No
8860-EMC,Female,0,No,No,38,Yes,Yes,No,No internet service,No internet service,No internet service,No internet service,No internet service,No internet service,Two year,Yes,Electronic check,24.33,933.67,No
8526-FPJ,Male,0,Yes,Yes,0,Yes,Yes,DSL,Yes,No,Yes,Yes,Yes,Yes,Two year,No,Mailed check,62.23, ,No
6559-GSQ,Female,0,Yes,No,10,Yes,Yes,Fiber optic,No,No,No,Yes,No,No,One year,Yes,Electronic check,115.95,1153.06,Yes
7732-HVX,Male,1,Yes,No,0,Yes,No,DSL,Yes,Yes,Yes,Yes,No,No,One year,Yes,Electronic check,70.81, ,Yes
3513-IYE,Male,0,No,Yes,43,Yes,No,DSL,No,No,No,No,No,No,Month-to-month,Yes,Mailed check,78.5,3382.52,No
8830-JBL,Male,0,No,No,50,No,No phone service,DSL,No,Yes,No,Yes,No,No,Two year,Yes,Electronic check,77.39,3874.55,No
7944-KES,Female,0,Yes,Yes,16,Yes,No,No,No internet service,No internet service,No internet service,No internet service,No internet service,No internet service,One year,Yes,Bank transfer (automatic),24.74,395.52,No
8910-LHZ,Female,0,No,Yes,65,Yes,Yes,Fiber optic,No,Yes,Yes,No,No,No,Month-to-month,Yes,Bank transfer (automatic),79.71,5175.43,No
6649-MKG,Male,1,Yes,No,22,Yes,No,No,No internet service,No internet service,No internet service,No internet service,No internet service,No internet service,Month-to-month,Yes,Credit card (automatic),23.0,500.87,Yes
2096-NNN,Female,0,No,Yes,40,Yes,Yes,No,No internet service,No internet service,No internet service,No internet service,No internet service,No internet service,Month-to-month,No,Electronic check,24.62,976.99,No
2951-OQU,Male,0,No,No,58,No,No phone service,Fiber optic,No,Yes,No,No,No,Yes,Month-to-month,No,Credit card (automatic),73.08,4238.15,No
8799-PTB,Female,1,No,No,24,Yes,No,Fiber optic,No,No,No,No,No,No,One year,No,Credit card (automatic),115.01,2765.03,Yes
9804-QWI,Female,0,No,No,16,Yes,No,Fiber optic,No,Yes,No,Yes,Yes,No,Month-to-month,No,Mailed check,115.5,1856.06,No
1595-RZP,Female,1,Yes,No,18,Yes,No,Fiber optic,No,Yes,Yes,No,Yes,Yes,Month-to-month,No,Mailed check,94.74,1708.12,No
8875-SCW,Male,0,No,Yes,45,Yes,Yes,DSL,Yes,Yes,Yes,No,No,No,Month-to-month,Yes,Credit card (automatic),72.35,3260.82,Yes
5439-TFD,Male,0,Yes,Yes,34,Yes,No,DSL,No,No,No,No,No,Yes,Month-to-month,No,Credit card (automatic),44.6,1525.94,No
6972-UIK,Female,0,No,Yes,22,Yes,No,DSL,Yes,No,Yes,No,No,No,Month-to-month,No,Electronic check,44.91,997.38,No
1858-VLR,Male,0,Yes,No,43,Yes,No,No,No internet service,No internet service,No internet service,No internet service,No internet service,No internet service,Month-to-month,Yes,Bank transfer (automatic),18.37,799.86,Yes
6519-WOY,Female,1,Yes,No,8,Yes,Yes,No,No internet service,No internet service,No internet service,No internet service,No internet service,No internet service,Month-to-month,No,Mailed check,21.29,169.44,Yes
8385-XRF,Female,1,Yes,Yes,31,Yes,No,Fiber optic,No,Yes,Yes,Yes,No,Yes,Month-to-month,Yes,Mailed check,75.59,2338.12,No
9636-YUM,Male,0,Yes,No,58,Yes,Yes,Fiber optic,No,No,No,Yes,No,No,Month-to-month,No,Electronic check,108.46,6297.26,No
5317-ZXT,Male,0,No,No,41,Yes,No,DSL,Yes,No,No,No,Yes,Yes,Two year,No,Mailed check,53.61,2189.84,No
4454-AAA,Female,0,No,No,61,Yes,No,Fiber optic,Yes,No,No,No,No,No,Month-to-month,No,Electronic check,77.76,4737.17,Yes
2030-BDH,Female,0,Yes,Yes,18,No,No phone service,DSL,No,Yes,Yes,No,Yes,No,One year,Yes,Credit card (automatic),58.11,1044.16,No
8906-CGO,Male,1,Yes,No,34,No,No phone service,No,No internet service,No internet service,No internet service,No internet service,No internet service,No internet service,One year,No,Mailed check,19.75,666.46,No
2447-DJV,Male,0,No,No,7,Yes,No,Fiber optic,Yes,No,No,No,No,No,Month-to-month,No,Credit card (automatic),105.35,735.58,No
3850-EMC,Male,1,Yes,No,42,Yes,Yes,DSL,Yes,No,No,No,No,Yes,Two year,Yes,Electronic check,58.73,2461.43,No
9106-FPJ,Female,1,Yes,No,44,Yes,No,No,No internet service,No internet service,No internet service,No internet service,No internet service,No internet service,One year,No,Credit card (automatic),23.5,1043.32,Yes
8151-GSQ,Male,0,No,No,5,Yes,Yes,DSL,Yes,Yes,No,No,No,No,One year,Yes,Electronic check,77.46,395.69,No
7952-HVX,Female,1,Yes,Yes,12,Yes,No,Fiber optic,Yes,Yes,Yes,No,Yes,No,One year,Yes,Electronic check,98.73,1179.89,No
5055-IYE,Male,1,Yes,No,10,Yes,Yes,Fiber optic,No,Yes,No,Yes,No,No,Month-to-month,No,Credit card (automatic),100.38,994.59,Yes
6402-JBL,Female,1,No,Yes,69,Yes,No,Fiber optic,Yes,Yes,No,No,No,Yes,Month-to-month,Yes,Electronic check,83.89,5786.84,No
2672-KES,Female,0,Yes,Yes,68,Yes,Yes,Fiber optic,No,No,No,Yes,No,Yes,Two year,Yes,Electronic check,101.45,6895.54,No
5532-LHZ,Female,1,Yes,No,6,Yes,No,DSL,Yes,Yes,Yes,No,No,Yes,Two year,Yes,Electronic check,64.81,383.27,Yes
5924-MKG,Male,0,No,No,54,Yes,Yes,Fiber optic,Yes,Yes,No,No,No,No,Two year,Yes,Electronic check,104.17,5631.72,No
7085-NNN,Male,0,Yes,No,54,Yes,No,Fiber optic,No,No,Yes,No,No,No,Month-to-month,No,Electronic check,102.61,5540.61,Yes
8734-OQU,Female,0,Yes,Yes,18,Yes,No,Fiber optic,Yes,No,No,No,No,No,Two year,No,Credit card (automatic),103.83,1875.47,Yes
5864-PTB,Male,0,No,No,5,Yes,No,Fiber optic,Yes,No,Yes,No,No,No,Month-to-month,No,Electronic check,111.62,560.31,Yes
2221-QWI,Male,1,No,No,8,Yes,No,Fiber optic,Yes,No,No,No,No,No,Month-to-month,No,Credit card (automatic),98.79,790.89,No
3860-RZP,Female,0,No,No,19,Yes,No,DSL,Yes,Yes,No,Yes,No,No,Month-to-month,Yes,Credit card (automatic),75.95,1440.28,No
9428-SCW,Male,0,Yes,No,24,Yes,No,No,No internet service,No internet service,No internet service,No internet service,No internet service,No internet service,Month-to-month,No,Bank transfer (automatic),20.46,488.44,Yes
4253-TFD,Male,0,Yes,No,49,Yes,Yes,Fiber optic,Yes,No,No,No,No,No,Month-to-month,Yes,Electronic check,108.65,5318.71,Yes
4782-UIK,Female,1,No,Yes,71,Yes,No,Fiber optic,No,Yes,Yes,No,No,No,One year,Yes,Bank transfer (automatic),85.35,6057.08,No
7957-VLR,Female,1,Yes,Yes,49,Yes,No,Fiber optic,No,Yes,No,No,No,Yes,Month-to-month,No,Mailed check,87.72,4291.35,No
1766-WOY,Female,0,Yes,Yes,37,Yes,No,Fiber optic,Yes,Yes,No,No,No,No,Two year,No,Credit card (automatic),112.64,4170.5,Yes
3681-XRF,Female,1,No,No,65,Yes,Yes,Fiber optic,Yes,No,No,Yes,Yes,No,Two year,Yes,Mailed check,82.24,5339.98,No
8710-YUM,Female,0,Yes,No,56,Yes,Yes,Fiber optic,Yes,No,No,Yes,No,No,Month-to-month,No,Electronic check,105.98,5943.03,Yes
8482-ZXT,Male,0,Yes,No,21,Yes,No,Fiber optic,No,No,Yes,Yes,No,Yes,Month-to-month,No,Bank transfer (automatic),81.39,1707.84,Yes
6086-AAA,Male,0,Yes,Yes,55,Yes,No,DSL,Yes,Yes,Yes,No,No,No,Month-to-month,Yes,Mailed check,53.92,2970.56,No
8964-BDH,Female,1,No,No,35,Yes,Yes,DSL,Yes,Yes,No,Yes,Yes,Yes,Month-to-month,Yes,Bank transfer (automatic),68.75,2411.26,No
3665-CGO,Male,1,Yes,Yes,50,Yes,Yes,No,No internet service,No internet service,No internet service,No internet service,No internet service,No internet service,Two year,Yes,Electronic check,18.49,918.98,No
4513-DJV,Male,0,Yes,No,67,Yes,No,DSL,Yes,No,No,No,Yes,Yes,Month-to-month,Yes,Credit card (automatic),70.63,4735.1,No
1495-EMC,Male,0,Yes,No,0,Yes,Yes,No,No internet service,No internet service,No internet service,No internet service,No internet service,No internet service,One year,Yes,Bank transfer (automatic),23.22, ,Yes
6822-FPJ,Female,0,No,Yes,47,Yes,No,DSL,No,No,No,Yes,Yes,Yes,One year,No,Mailed check,81.49,3832.36,No
3072-GSQ,Male,0,No,No,32,Yes,No,DSL,Yes,No,No,Yes,No,Yes,Month-to-month,No,Bank transfer (automatic),74.87,2402.02,No
8795-HVX,Male,0,Yes,No,23,Yes,No,DSL,Yes,No,No,Yes,Yes,No,Month-to-month,Yes,Mailed check,78.59,1811.52,Yes
9529-IYE,Male,0,No,No,48,Yes,No,DSL,No,Yes,No,No,Yes,Yes,One year,Yes,Credit card (automatic),53.61,2576.71,No
4949-JBL,Female,0,Yes,No,68,No,No phone service,DSL,No,No,No,No,Yes,No,Month-to-month,No,Credit card (automatic),56.8,3871.33,No
7033-KES,Female,0,Yes,Yes,57,Yes,No,DSL,No,Yes,Yes,Yes,Yes,No,One year,No,Credit card (automatic),82.76,4719.43,No
9328-LHZ,Male,0,No,No,47,Yes,Yes,DSL,Yes,Yes,Yes,Yes,Yes,Yes,Two year,Yes,Mailed check,69.36,3261.6,No
3555-MKG,Female,0,No,No,56,No,No phone service,DSL,Yes,No,No,No,Yes,Yes,Two year,Yes,Electronic check,71.49,3996.98,No
7370-NNN,Male,0,Yes,No,63,Yes,No,Fiber optic,No,No,No,No,No,No,Two year,Yes,Bank transfer (automatic),102.77,6467.55,No
5415-OQU,Male,1,No,No,52,Yes,No,Fiber optic,No,Yes,No,No,No,Yes,Month-to-month,Yes,Mailed check,118.53,6167.67,Yes
6959-PTB,Female,0,Yes,Yes,59,Yes,Yes,Fiber optic,No,No,No,Yes,No,Yes,Two year,Yes,Electronic check,104.65,6181.31,No
6993-QWI,Male,0,No,No,42,Yes,Yes,No,No internet service,No internet service,No internet service,No internet service,No internet service,No internet service,Month-to-month,Yes,Credit card (automatic),23.4,988.67,Yes
6021-RZP,Female,0,No,Yes,40,Yes,No,No,No internet service,No internet service,No internet service,No internet service,No internet service,No internet service,Month-to-month,Yes,Electronic check,24.42,985.43,No
3907-SCW,Female,0,No,Yes,25,No,No phone service,Fiber optic,No,No,Yes,No,No,No,Month-to-month,Yes,Electronic check,85.24,2123.98,Yes
3914-TFD,Male,0,Yes,Yes,58,Yes,Yes,Fiber optic,No,No,Yes,Yes,No,No,Month-to-month,No,Bank transfer (automatic),110.11,6393.63,Yes
4870-UIK,Male,1,Yes,No,48,Yes,No,No,No internet service,No internet service,No internet service,No internet service,No internet service,No internet service,Two year,Yes,Credit card (automatic),18.42,885.24,Yes
6085-VLR,Female,0,No,Yes,63,No,No phone service,DSL,Yes,Yes,Yes,No,Yes,No,One year,No,Bank transfer (automatic),48.89,3084.37,No
7546-WOY,Male,0,No,No,4,Yes,Yes,Fiber optic,No,Yes,Yes,Yes,No,Yes,One year,Yes,Bank transfer (automatic),76.47,301.83,Yes
1395-XRF,Female,0,No,No,43,Yes,Yes,Fiber optic,No,Yes,Yes,Yes,No,Yes,Two year,Yes,Credit card (automatic),70.27,3012.02,No
1938-YUM,Female,1,Yes,Yes,17,Yes,No,DSL,No,Yes,No,No,No,No,Two year,Yes,Electronic check,61.88,1042.08,No
3510-ZXT,Female,0,No,No,56,Yes,Yes,Fiber optic,Yes,Yes,No,No,No,No,Month-to-month,Yes,Bank transfer (automatic),118.1,6607.62,No
5636-AAA,Female,1,No,No,39,Yes,No,Fiber optic,No,No,Yes,Yes,No,Yes,Month-to-month,Yes,Mailed check,83.54,3253.44,Yes
2649-BDH,Male,0,No,Yes,45,Yes,No,Fiber optic,No,Yes,No,No,No,No,Two year,Yes,Credit card (automatic),78.77,3546.33,No
4690-CGO,Male,0,Yes,Yes,57,Yes,Yes,DSL,No,No,No,No,No,No,One year,No,Credit card (automatic),62.48,3568.5,Yes
4435-DJV,Male,0,No,No,23,Yes,No,Fiber optic,No,Yes,Yes,No,Yes,Yes,One year,Yes,Mailed check,105.97,2433.99,No
4201-EMC,Male,0,No,No,27,Yes,No,No,No internet service,No internet service,No internet service,No internet service,No internet service,No internet service,One year,Yes,Bank transfer (automatic),18.59,508.52,No
5179-FPJ,Female,0,Yes,Yes,45,Yes,Yes,Fiber optic,Yes,No,Yes,Yes,Yes,Yes,One year,No,Mailed check,96.06,4317.36,No
9405-GSQ,Female,0,No,No,67,Yes,Yes,DSL,No,Yes,No,Yes,Yes,Yes,One year,No,Bank transfer (automatic),63.4,4246.39,No
4237-HVX,Male,0,Yes,No,71,Yes,No,Fiber optic,No,No,No,No,No,No,Month-to-month,No,Electronic check,97.69,6927.87,Yes
4862-IYE,Male,0,No,No,53,Yes,Yes,Fiber optic,Yes,Yes,No,No,Yes,No,Month-to-month,Yes,Electronic check,99.46,5270.14,No
1058-JBL,Male,0,No,No,32,Yes,No,DSL,No,No,Yes,Yes,Yes,Yes,Two year,Yes,Credit card (automatic),55.88,1792.12,No
5938-KES,Female,0,Yes,No,66,Yes,Yes,Fiber optic,No,No,No,No,No,Yes,Two year,Yes,Electronic check,85.28,5634.92,No
3971-LHZ,Female,1,No,Yes,34,Yes,No,DSL,Yes,No,No,No,No,No,Month-to-month,Yes,Mailed check,61.7,2096.8,Yes
9314-MKG,Female,0,No,No,38,Yes,Yes,Fiber optic,Yes,No,No,No,Yes,No,One year,Yes,Credit card (automatic),117.54,4461.27,No
4345-NNN,Female,0,No,No,46,Yes,Yes,DSL,No,No,No,Yes,No,No,Month-to-month,Yes,Electronic check,68.56,3144.31,Yes
3486-OQU,Female,1,No,No,70,Yes,Yes,Fiber optic,No,Yes,No,Yes,No,No,Month-to-month,Yes,Credit card (automatic),77.98,5462.87,No
1561-PTB,Male,1,Yes,No,4,Yes,Yes,No,No internet service,No internet service,No internet service,No internet service,No internet service,No internet service,Two year,No,Electronic check,19.36,73.65,No
4981-QWI,Female,0,No,Yes,36,Yes,Yes,DSL,No,No,Yes,No,No,No,Month-to-month,Yes,Bank transfer (automatic),72.22,2603.49,No
7261-RZP,Male,0,Yes,Yes,0,Yes,No,DSL,No,Yes,No,No,No,Yes,Month-to-month,No,Mailed check,63.02, ,Yes
2737-SCW,Male,1,Yes,No,55,Yes,No,DSL,No,No,Yes,No,No,No,One year,Yes,Electronic check,79.04,4350.05,No
4554-TFD,Female,0,Yes,No,6,No,No phone service,DSL,Yes,No,Yes,Yes,No,No,One year,Yes,Bank transfer (automatic),63.31,372.85,Yes
8095-UIK,Male,0,No,Yes,63,Yes,Yes,Fiber optic,Yes,Yes,No,No,No,No,Two year,Yes,Electronic check,71.1,4486.6,No
9266-VLR,Female,0,No,No,7,Yes,Yes,No,No internet service,No internet service,No internet service,No internet service,No internet service,No internet service,Month-to-month,No,Bank transfer (automatic),22.58,152.95,No
1294-WOY,Male,0,No,No,63,Yes,No,DSL,Yes,Yes,No,No,No,No,Month-to-month,Yes,Mailed check,54.94,3464.04,No
9212-XRF,Male,1,No,No,56,Yes,No,No,No internet service,No internet service,No internet service,No internet service,No internet service,No internet service,Month-to-month,No,Electronic check,24.91,1395.95,Yes
6330-YUM,Male,0,No,No,27,Yes,No,DSL,No,Yes,No,No,Yes,No,Month-to-month,Yes,Mailed check,44.24,1196.19,No
5655-ZXT,Male,0,No,No,25,Yes,No,Fiber optic,Yes,No,No,No,No,Yes,Month-to-month,No,Bank transfer (automatic),80.18,2003.57,Yes
2109-AAA,Female,0,Yes,Yes,33,Yes,No,Fiber optic,Yes,No,No,No,Yes,No,Month-to-month,No,Electronic check,101.62,3354.02,Yes
4771-BDH,Male,0,No,No,21,Yes,Yes,Fiber optic,No,Yes,No,No,No,Yes,Month-to-month,No,Credit card (automatic),78.5,1653.68,No
9563-CGO,Male,0,Yes,No,19,Yes,No,Fiber optic,Yes,Yes,No,Yes,Yes,No,One year,No,Bank transfer (automatic),104.3,1979.16,No
7123-DJV,Male,0,No,No,13,Yes,No,DSL,No,Yes,Yes,Yes,No,No,Two year,Yes,Credit card (automatic),65.12,851.48,No
8647-EMC,Male,0,Yes,No,22,Yes,Yes,DSL,No,No,No,No,No,Yes,Month-to-month,Yes,Credit card (automatic),49.67,1084.85,Yes
2174-FPJ,Male,0,Yes,Yes,66,Yes,Yes,Fiber optic,Yes,No,No,Yes,No,No,Two year,No,Credit card (automatic),89.53,5910.66,No
2164-GSQ,Male,0,Yes,Yes,18,Yes,No,Fiber optic,Yes,No,No,No,No,Yes,Two year,Yes,Mailed check,96.86,1743.38,No
9712-HVX,Female,0,Yes,No,38,Yes,Yes,DSL,No,No,No,Yes,No,No,Month-to-month,Yes,Electronic check,66.8,2542.7,Yes
5466-IYE,Female,0,Yes,No,36,Yes,No,Fiber optic,No,Yes,No,Yes,No,Yes,Month-to-month,Yes,Credit card (automatic),93.89,3378.92,Yes
6538-JBL,Male,0,Yes,Yes,0,Yes,No,No,No internet service,No internet service,No internet service,No internet service,No internet service,No internet service,Two year,No,Bank transfer (automatic),23.2, ,No
8111-KES,Male,0,Yes,No,18,Yes,Yes,Fiber optic,No,No,No,No,Yes,No,One year,Yes,Mailed check,87.56,1579.84,No
9434-LHZ,Male,1,Yes,No,14,Yes,Yes,No,No internet service,No internet service,No internet service,No internet service,No internet service,No internet service,Month-to-month,Yes,Credit card (automatic),22.44,320.71,Yes
3800-MKG,Female,0,Yes,No,0,Yes,Yes,No,No internet service,No internet service,No internet service,No internet service,No internet service,No internet service,Two year,Yes,Electronic check,19.53, ,No
5607-NNN,Female,1,Yes,No,30,Yes,Yes,No,No internet service,No internet service,No internet service,No internet service,No internet service,No internet service,Month-to-month,Yes,Credit card (automatic),24.81,739.95,No
8262-OQU,Male,0,No,No,51,Yes,Yes,Fiber optic,No,No,Yes,Yes,No,No,One year,No,Credit card (automatic),81.63,4161.0,No
2541-PTB,Male,0,No,Yes,42,Yes,Yes,Fiber optic,No,Yes,No,No,Yes,Yes,Month-to-month,Yes,Mailed check,112.01,4700.28,Yes
3765-QWI,Male,0,No,No,45,Yes,Yes,Fiber optic,No,No,Yes,No,No,No,Two year,No,Mailed check,78.52,3527.71,No
5491-RZP,Female,0,No,Yes,49,Yes,Yes,No,No internet service,No internet service,No internet service,No internet service,No internet service,No internet service,Month-to-month,Yes,Credit card (automatic),24.76,1214.81,Yes
4083-SCW,Female,0,No,No,19,Yes,Yes,No,No internet service,No internet service,No internet service,No internet service,No internet service,No internet service,One year,Yes,Mailed check,24.9,482.81,No
6356-TFD,Female,0,No,No,61,Yes,Yes,Fiber optic,No,No,Yes,No,No,No,Two year,No,Bank transfer (automatic),83.08,5058.45,No
2857-UIK,Female,0,Yes,Yes,42,Yes,Yes,Fiber optic,No,Yes,No,Yes,No,Yes,One year,No,Bank transfer (automatic),80.5,3376.13,No
1769-VLR,Male,0,No,Yes,4,Yes,No,DSL,Yes,No,No,No,No,No,Two year,Yes,Electronic check,74.61,308.23,No
2422-WOY,Female,1,Yes,Yes,65,Yes,Yes,Fiber optic,No,Yes,Yes,Yes,Yes,No,Two year,Yes,Credit card (automatic),103.19,6703.45,No
9598-XRF,Female,0,No,No,11,Yes,No,DSL,No,No,Yes,Yes,Yes,No,Month-to-month,Yes,Bank transfer (automatic),73.07,793.78,No
3972-YUM,Female,0,No,Yes,56,Yes,No,No,No internet service,No internet service,No internet service,No internet service,No internet service,No internet service,Two year,Yes,Electronic check,18.85,1065.4,No
2872-ZXT,Female,0,No,Yes,59,No,No phone service,DSL,No,No,Yes,Yes,No,Yes,One year,No,Mailed check,66.93,3954.09,No
6599-AAA,Male,1,Yes,No,54,Yes,Yes,DSL,No,No,No,Yes,Yes,Yes,Two year,Yes,Electronic check,71.73,3866.63,No
3269-BDH,Female,0,No,Yes,70,Yes,Yes,Fiber optic,Yes,No,No,No,No,Yes,Month-to-month,Yes,Bank transfer (automatic),85.44,5973.44,Yes
6275-CGO,Female,1,No,No,65,Yes,No,Fiber optic,Yes,Yes,No,No,Yes,No,Month-to-month,No,Electronic check,103.65,6738.06,No
5749-DJV,Male,0,No,No,71,Yes,Yes,DSL,No,No,No,No,No,No,One year,No,Mailed check,60.52,4287.15,No
7571-EMC,Female,0,No,No,72,Yes,No,No,No internet service,No internet service,No internet service,No internet service,No internet service,No internet service,One year,No,Credit card (automatic),20.46,1478.15,No
6072-FPJ,Male,0,Yes,Yes,26,No,No phone service,DSL,No,Yes,No,No,No,Yes,Two year,Yes,Electronic check,76.37,1982.33,No
6463-GSQ,Female,0,Yes,No,27,Yes,Yes,Fiber optic,No,No,No,No,Yes,Yes,Month-to-month,Yes,Bank transfer (automatic),80.18,2174.34,Yes
8450-HVX,Male,0,Yes,No,36,No,No phone service,Fiber optic,Yes,No,No,Yes,No,Yes,Month-to-month,No,Electronic check,70.15,2515.79,Yes
9420-IYE,Female,0,No,No,18,Yes,Yes,DSL,No,No,Yes,No,No,No,Month-to-month,Yes,Mailed check,75.93,1374.19,No
4959-JBL,Female,0,Yes,No,50,Yes,Yes,Fiber optic,No,No,Yes,No,No,Yes,Two year,Yes,Bank transfer (automatic),114.6,5727.21,No
2313-KES,Male,0,Yes,No,12,Yes,No,Fiber optic,No,No,No,No,No,No,Month-to-month,No,Credit card (automatic),89.45,1076.75,Yes
8847-LHZ,Female,0,Yes,No,44,Yes,No,Fiber optic,No,Yes,Yes,No,Yes,Yes,Month-to-month,No,Electronic check,88.9,3921.58,Yes
2070-MKG,Male,0,Yes,Yes,5,Yes,No,Fiber optic,No,Yes,Yes,Yes,Yes,No,Month-to-month,No,Electronic check,117.52,593.08,No
4285-NNN,Female,1,Yes,No,0,Yes,No,Fiber optic,No,No,No,No,Yes,No,One year,Yes,Bank transfer (automatic),79.56, ,Yes
9949-OQU,Male,0,Yes,No,24,Yes,No,Fiber optic,No,No,No,No,No,Yes,Two year,Yes,Mailed check,106.96,2569.59,No
4095-PTB,Male,0,No,No,25,Yes,No,Fiber optic,No,No,No,Yes,No,Yes,One year,Yes,Electronic check,73.6,1836.78,Yes
1320-QWI,Female,0,Yes,No,12,Yes,Yes,Fiber optic,No,No,Yes,Yes,No,Yes,One year,Yes,Bank transfer (automatic),117.2,1406.73,Yes
3321-RZP,Female,1,Yes,Yes,18,Yes,Yes,Fiber optic,No,No,Yes,Yes,Yes,No,Month-to-month,Yes,Bank transfer (automatic),105.11,1892.67,No
1555-SCW,Male,0,No,Yes,9,No,No phone service,Fiber optic,No,No,No,Yes,Yes,Yes,One year,No,Bank transfer (automatic),77.28,698.88,Yes
5939-TFD,Male,0,No,Yes,44,Yes,No,Fiber optic,Yes,No,No,No,No,No,Month-to-month,Yes,Credit card (automatic),104.42,4600.54,Yes
6432-UIK,Female,1,Yes,Yes,70,Yes,No,No,No internet service,No internet service,No internet service,No internet service,No internet service,No internet service,Month-to-month,No,Bank transfer (automatic),24.11,1694.91,No
2386-VLR,Female,0,Yes,No,14,Yes,No,Fiber optic,No,Yes,No,No,Yes,No,Month-to-month,Yes,Bank transfer (automatic),77.0,1080.86,No
5763-WOY,Female,0,No,No,30,Yes,Yes,DSL,No,No,No,Yes,No,Yes,Month-to-month,No,Mailed check,76.7,2298.85,Yes
7854-XRF,Female,0,No,No,7,Yes,Yes,No,No internet service,No internet service,No internet service,No internet service,No internet service,No internet service,Two year,Yes,Bank transfer (automatic),24.72,180.85,Yes
8637-YUM,Male,0,No,No,29,Yes,Yes,No,No internet service,No internet service,No internet service,No internet service,No internet service,No internet service,Month-to-month,No,Bank transfer (automatic),24.48,713.32,Yes
5841-ZXT,Male,0,Yes,Yes,0,Yes,Yes,No,No internet service,No internet service,No internet service,No internet service,No internet service,No internet service,Month-to-month,Yes,Mailed check,20.86, ,No
4867-AAA,Male,1,Yes,No,15,Yes,Yes,DSL,Yes,Yes,Yes,No,No,No,Month-to-month,Yes,Bank transfer (automatic),72.0,1072.31,No
4793-BDH,Female,0,No,No,10,No,No phone service,DSL,No,No,Yes,Yes,Yes,No,One year,No,Credit card (automatic),61.04,601.42,Yes
8373-CGO,Female,1,No,No,26,Yes,Yes,Fiber optic,No,No,Yes,No,No,Yes,One year,No,Mailed check,74.78,1936.79,No
3513-DJV,Male,0,Yes,Yes,39,Yes,Yes,No,No internet service,No internet service,No internet service,No internet service,No internet service,No internet service,Month-to-month,Yes,Mailed check,20.12,790.37,Yes
4803-EMC,Female,0,Yes,Yes,43,Yes,No,Fiber optic,Yes,No,No,No,Yes,No,Month-to-month,Yes,Bank transfer (automatic),93.13,4013.75,No
3327-FPJ,Female,0,No,Yes,69,No,No phone service,No,No internet service,No internet service,No internet service,No internet service,No internet service,No internet service,One year,Yes,Electronic check,22.77,1575.44,No
9809-GSQ,Female,0,Yes,No,56,Yes,Yes,DSL,No,No,Yes,No,Yes,No,Two year,Yes,Electronic check,53.67,2996.93,No
3165-HVX,Male,0,No,Yes,47,No,No phone service,Fiber optic,No,Yes,No,No,Yes,No,Month-to-month,Yes,Mailed check,102.68,4829.38,No
4308-IYE,Female,0,Yes,No,39,Yes,Yes,Fiber optic,No,No,No,No,No,No,Month-to-month,No,Mailed check,118.46,4612.61,Yes
7452-JBL,Female,0,Yes,No,38,Yes,Yes,DSL,No,Yes,No,No,No,No,Month-to-month,Yes,Electronic check,64.96,2467.57,Yes
9067-KES,Male,0,Yes,No,2,Yes,Yes,No,No internet service,No internet service,No internet service,No internet service,No internet service,No internet service,One year,No,Bank transfer (automatic),23.15,39.86,No
8642-LHZ,Male,0,No,No,54,Yes,No,Fiber optic,Yes,Yes,No,No,Yes,No,One year,Yes,Mailed check,108.33,5852.76,No
7404-MKG,Female,0,Yes,No,0,No,No phone service,No,No internet service,No internet service,No internet service,No internet service,No internet service,No internet service,Month-to-month,No,Electronic check,19.82, ,Yes
1992-NNN,Male,1,No,No,22,Yes,Yes,No,No internet service,No internet service,No internet service,No internet service,No internet service,No internet service,Month-to-month,No,Electronic check,18.65,413.2,No
6424-OQU,Female,0,Yes,Yes,66,Yes,No,DSL,No,No,No,No,Yes,Yes,Month-to-month,Yes,Bank transfer (automatic),68.63,4537.84,Yes
5381-PTB,Female,0,No,No,61,Yes,No,Fiber optic,Yes,No,No,Yes,No,No,Month-to-month,Yes,Electronic check,92.09,5611.67,Yes
4174-QWI,Male,0,No,No,33,Yes,No,No,No internet service,No internet service,No internet service,No internet service,No internet service,No internet service,Two year,Yes,Mailed check,23.87,796.38,No
5782-RZP,Female,0,No,No,16,Yes,No,DSL,No,Yes,Yes,No,Yes,No,One year,No,Electronic check,68.0,1093.64,No
6560-SCW,Female,0,No,No,47,Yes,No,DSL,No,Yes,No,No,Yes,Yes,Month-to-month,Yes,Electronic check,66.38,3112.05,No
8460-TFD,Male,0,Yes,No,52,Yes,Yes,No,No internet service,No internet service,No internet service,No internet service,No internet service,No internet service,One year,No,Credit card (automatic),20.05,1039.46,No
4078-UIK,Male,0,No,No,60,Yes,No,DSL,Yes,No,No,No,Yes,Yes,Month-to-month,No,Electronic check,70.04,4209.31,No
3983-VLR,Male,0,Yes,No,10,Yes,No,Fiber optic,No,No,Yes,No,Yes,No,Two year,No,Credit card (automatic),74.21,734.69,Yes
8259-WOY,Female,0,Yes,Yes,14,Yes,Yes,Fiber optic,Yes,Yes,No,No,No,No,Month-to-month,Yes,Mailed check,88.94,1238.57,Yes
7054-XRF,Female,0,Yes,Yes,10,Yes,Yes,DSL,Yes,Yes,No,Yes,Yes,No,Month-to-month,Yes,Bank transfer (automatic),83.1,836.55,Yes
3523-YUM,Female,0,No,Yes,6,Yes,Yes,Fiber optic,Yes,No,Yes,Yes,No,No,Two year,No,Bank transfer (automatic),72.92,437.65,No
5581-ZXT,Female,0,No,No,46,Yes,No,Fiber optic,Yes,Yes,No,Yes,Yes,Yes,One year,No,Mailed check,116.56,5365.56,No
6609-AAA,Female,1,No,No,7,Yes,No,DSL,No,Yes,No,Yes,Yes,No,Month-to-month,Yes,Credit card (automatic),64.25,452.65,No
3001-BDH,Male,0,No,No,4,Yes,Yes,DSL,No,Yes,No,No,Yes,Yes,Two year,No,Bank transfer (automatic),79.99,313.56,No
2387-CGO,Female,0,No,Yes,65,Yes,Yes,No,No internet service,No internet service,No internet service,No internet service,No internet service,No internet service,Two year,No,Credit card (automatic),22.68,1483.56,No
7552-DJV,Female,0,No,Yes,62,Yes,Yes,Fiber optic,Yes,Yes,Yes,Yes,No,No,One year,No,Mailed check,73.47,4561.74,No
2030-EMC,Male,0,Yes,Yes,20,Yes,Yes,No,No internet service,No internet service,No internet service,No internet service,No internet service,No internet service,Month-to-month,Yes,Bank transfer (automatic),23.91,473.31,No
2220-FPJ,Female,0,No,Yes,70,Yes,Yes,DSL,No,No,No,No,No,Yes,Month-to-month,No,Credit card (automatic),75.29,5273.55,Yes
7035-GSQ,Male,0,No,Yes,11,Yes,Yes,No,No internet service,No internet service,No internet service,No internet service,No internet service,No internet service,One year,Yes,Bank transfer (automatic),24.17,256.06,Yes
7523-HVX,Female,1,No,No,10,Yes,No,No,No internet service,No internet service,No internet service,No internet service,No internet service,No internet service,Month-to-month,Yes,Electronic check,22.49,215.08,Yes
9074-IYE,Male,0,Yes,No,53,Yes,Yes,Fiber optic,Yes,Yes,No,No,No,No,Month-to-month,Yes,Credit card (automatic),88.57,4685.04,No
1834-JBL,Male,0,Yes,No,9,Yes,Yes,DSL,Yes,No,No,No,Yes,No,Month-to-month,Yes,Mailed check,81.78,735.96,Yes
2724-KES,Male,0,Yes,Yes,15,Yes,No,No,No internet service,No internet service,No internet service,No internet service,No internet service,No internet service,One year,Yes,Bank transfer (automatic),24.8,374.28,Yes
7598-LHZ,Female,0,Yes,No,14,Yes,Yes,DSL,No,No,No,No,No,No,Month-to-month,Yes,Electronic check,74.09,1030.31,No
3413-MKG,Male,0,Yes,No,57,Yes,No,DSL,No,Yes,No,No,Yes,No,Month-to-month,Yes,Mailed check,51.37,2928.14,No
6993-NNN,Female,1,No,No,3,Yes,Yes,Fiber optic,Yes,No,No,No,Yes,Yes,Month-to-month,Yes,Bank transfer (automatic),83.33,252.52,Yes
5498-OQU,Female,0,No,No,21,Yes,No,Fiber optic,No,No,No,No,No,Yes,Month-to-month,Yes,Bank transfer (automatic),107.96,2270.42,No
3105-PTB,Female,1,No,No,34,Yes,Yes,No,No internet service,No internet service,No internet service,No internet service,No internet service,No internet service,One year,Yes,Mailed check,19.68,675.9,No
3568-QWI,Female,0,Yes,No,13,Yes,No,DSL,No,No,No,No,No,No,One year,No,Electronic check,54.91,713.06,No
1209-RZP,Female,0,Yes,No,30,Yes,No,Fiber optic,No,Yes,No,Yes,No,No,Month-to-month,Yes,Credit card (automatic),73.53,2215.32,No
5911-SCW,Female,1,Yes,No,69,Yes,No,Fiber optic,Yes,No,Yes,No,No,No,Two year,Yes,Bank transfer (automatic),100.01,6909.56,No
3220-TFD,Female,0,Yes,Yes,10,Yes,Yes,DSL,Yes,No,No,Yes,No,No,Month-to-month,Yes,Electronic check,60.47,614.4,No
1233-UIK,Male,1,Yes,Yes,35,Yes,No,No,No internet service,No internet service,No internet service,No internet service,No internet service,No internet service,One year,Yes,Credit card (automatic),19.77,701.03,No
1792-VLR,Female,0,Yes,No,23,Yes,No,Fiber optic,Yes,No,Yes,No,No,Yes,Month-to-month,Yes,Bank transfer (automatic),95.81,2205.97,No
4110-WOY,Male,0,No,No,39,Yes,Yes,No,No internet service,No internet service,No internet service,No internet service,No internet service,No internet service,One year,Yes,Credit card (automatic),21.92,854.73,Yes
3166-XRF,Male,0,Yes,No,41,Yes,No,Fiber optic,Yes,No,No,No,No,No,Month-to-month,Yes,Credit card (automatic),79.15,3243.64,No
9526-YUM,Female,0,No,No,20,Yes,Yes,DSL,No,Yes,Yes,No,No,No,Month-to-month,No,Bank transfer (automatic),45.07,899.82,Yes
6193-ZXT,Male,0,No,No,50,Yes,Yes,Fiber optic,Yes,Yes,No,Yes,No,No,Month-to-month,Yes,Electronic check,112.74,5637.15,Yes
2214-AAA,Male,0,No,Yes,54,Yes,No,Fiber optic,No,No,No,Yes,No,Yes,One year,No,Bank transfer (automatic),77.67,4196.44,No
5419-BDH,Female,1,No,Yes,3,Yes,No,DSL,No,No,No,No,No,Yes,Month-to-month,Yes,Electronic check,78.73,232.81,No
8314-CGO,Female,0,No,No,61,Yes,No,Fiber optic,No,Yes,Yes,Yes,Yes,Yes,Month-to-month,No,Mailed check,92.88,5665.58,Yes
9475-DJV,Male,0,No,No,24,Yes,No,Fiber optic,Yes,No,No,Yes,Yes,Yes,One year,No,Bank transfer (automatic),101.35,2428.85,Yes
1212-EMC,Male,0,No,No,69,Yes,No,Fiber optic,No,No,No,Yes,Yes,No,Month-to-month,No,Credit card (automatic),90.71,6255.79,No
2658-FPJ,Male,0,Yes,No,13,No,No phone service,Fiber optic,No,Yes,Yes,Yes,Yes,No,Month-to-month,Yes,Mailed check,104.07,1351.89,Yes
6024-GSQ,Female,0,Yes,No,40,Yes,No,DSL,No,Yes,Yes,No,Yes,Yes,Month-to-month,Yes,Mailed check,55.08,2200.31,No
6917-HVX,Male,0,No,No,56,Yes,No,No,No internet service,No internet service,No internet service,No internet service,No internet service,No internet service,One year,No,Electronic check,19.75,1109.94,No
6141-IYE,Female,0,Yes,Yes,37,Yes,Yes,Fiber optic,No,No,Yes,No,No,No,Two year,Yes,Bank transfer (automatic),90.71,3355.63,No
2794-JBL,Female,0,No,Yes,61,No,No phone service,Fiber optic,No,No,No,No,No,Yes,Two year,Yes,Electronic check,92.25,5631.15,No
6988-KES,Female,0,No,No,40,Yes,Yes,Fiber optic,No,No,Yes,Yes,Yes,No,Month-to-month,Yes,Credit card (automatic),80.56,3227.29,No
9296-LHZ,Female,0,Yes,No,44,Yes,No,No,No internet service,No internet service,No internet service,No internet service,No internet service,No internet service,Month-to-month,Yes,Electronic check,24.17,1056.0,Yes
6578-MKG,Male,0,No,No,15,Yes,Yes,Fiber optic,No,Yes,Yes,Yes,No,No,Two year,Yes,Mailed check,86.66,1299.58,No
6551-NNN,Male,0,No,Yes,18,Yes,No,DSL,Yes,No,No,No,Yes,No,Two year,Yes,Credit card (automatic),79.43,1428.07,No
4845-OQU,Male,0,No,No,36,Yes,No,Fiber optic,No,Yes,Yes,No,No,Yes,Month-to-month,No,Electronic check,91.34,3281.69,Yes
7906-PTB,Female,0,No,No,60,Yes,Yes,Fiber optic,Yes,Yes,No,Yes,No,No,Month-to-month,No,Mailed check,87.57,5249.6,Yes
1378-QWI,Male,1,No,No,25,Yes,No,Fiber optic,No,No,Yes,Yes,No,No,Month-to-month,Yes,Electronic check,111.36,2783.0,Yes
4293-RZP,Male,0,No,No,63,Yes,Yes,Fiber optic,No,Yes,No,No,Yes,No,Two year,No,Electronic check,80.78,5083.33,No
4329-SCW,Female,0,No,No,12,Yes,Yes,DSL,No,Yes,Yes,Yes,No,No,Month-to-month,Yes,Bank transfer (automatic),47.11,559.71,No
5808-TFD,Male,0,Yes,No,33,Yes,No,Fiber optic,No,No,No,Yes,Yes,No,Month-to-month,No,Credit card (automatic),81.69,2704.53,Yes
8937-UIK,Male,0,Yes,No,22,Yes,Yes,Fiber optic,Yes,No,No,Yes,Yes,No,Two year,Yes,Electronic check,70.82,1549.89,No
1224-VLR,Male,0,Yes,No,19,No,No phone service,Fiber optic,Yes,No,No,Yes,Yes,Yes,Month-to-month,Yes,Electronic check,91.69,1738.96,Yes
1737-WOY,Female,0,Yes,No,53,Yes,No,Fiber optic,Yes,Yes,Yes,Yes,Yes,Yes,Month-to-month,Yes,Mailed check,102.53,5427.11,No
1235-XRF,Male,0,Yes,No,72,Yes,Yes,DSL,No,No,No,No,No,No,Month-to-month,No,Credit card (automatic),58.77,4225.66,No
1711-YUM,Male,0,No,Yes,57,Yes,No,Fiber optic,No,Yes,No,No,No,No,Month-to-month,Yes,Electronic check,117.11,6682.1,No
6988-ZXT,Female,0,No,No,58,Yes,No,No,No internet service,No internet service,No internet service,No internet service,No internet service,No internet service,Month-to-month,No,Bank transfer (automatic),18.78,1085.57,No
2888-AAA,Male,1,No,No,19,Yes,No,Fiber optic,Yes,No,No,Yes,No,Yes,One year,Yes,Bank transfer (automatic),78.92,1491.08,No
8173-BDH,Female,1,No,Yes,38,Yes,No,No,No internet service,No internet service,No internet service,No internet service,No internet service,No internet service,Two year,No,Mailed check,20.27,769.19,No
2259-CGO,Male,0,Yes,No,31,Yes,Yes,DSL,No,No,No,No,No,Yes,One year,Yes,Electronic check,53.36,1648.33,No
6246-DJV,Male,0,Yes,No,40,Yes,No,Fiber optic,Yes,Yes,No,Yes,Yes,No,Two year,No,Mailed check,81.43,3260.52,No
8271-EMC,Male,0,No,No,68,Yes,Yes,Fiber optic,Yes,Yes,No,No,Yes,No,Month-to-month,No,Mailed check,78.19,5311.39,No
1748-FPJ,Male,0,Yes,Yes,67,No,No phone service,Fiber optic,No,No,No,Yes,No,Yes,One year,Yes,Credit card (automatic),96.59,6481.41,No
4551-GSQ,Female,0,No,Yes,20,Yes,No,Fiber optic,No,No,No,No,Yes,No,Month-to-month,No,Credit card (automatic),105.25,2097.43,Yes
7400-HVX,Female,0,Yes,Yes,23,Yes,No,No,No internet service,No internet service,No internet service,No internet service,No internet service,No internet service,Month-to-month,Yes,Credit card (automatic),21.61,499.93,Yes
7643-IYE,Male,0,Yes,Yes,15,Yes,No,No,No internet service,No internet service,No internet service,No internet service,No internet service,No internet service,Month-to-month,No,Electronic check,22.18,330.24,No
9701-JBL,Female,1,Yes,No,31,Yes,Yes,No,No internet service,No internet service,No internet service,No internet service,No internet service,No internet service,Two year,Yes,Electronic check,20.43,633.99,No
2823-KES,Female,0,No,Yes,25,Yes,Yes,Fiber optic,No,No,No,Yes,Yes,Yes,Two year,Yes,Electronic check,85.28,2129.29,No
7852-LHZ,Female,0,No,No,2,Yes,Yes,Fiber optic,No,No,No,No,No,Yes,Two year,Yes,Electronic check,112.1,231.42,No
8777-MKG,Female,0,No,Yes,6,Yes,Yes,DSL,No,No,Yes,No,No,Yes,Month-to-month,Yes,Mailed check,65.7,391.21,Yes
5232-NNN,Male,0,No,No,15,Yes,No,No,No internet service,No internet service,No internet service,No internet service,No internet service,No internet service,Month-to-month,No,Mailed check,20.46,303.78,Yes
7519-OQU,Male,0,No,Yes,52,Yes,Yes,Fiber optic,No,No,No,No,Yes,No,Month-to-month,Yes,Mailed check,107.58,5593.41,No
2777-PTB,Female,1,No,No,3,Yes,Yes,Fiber optic,No,No,No,Yes,No,No,Two year,Yes,Credit card (automatic),94.43,281.38,No
2222-QWI,Female,0,No,Yes,44,Yes,No,No,No internet service,No internet service,No internet service,No internet service,No internet service,No internet service,Month-to-month,Yes,Bank transfer (automatic),18.68,815.76,No
8630-RZP,Female,0,Yes,No,31,Yes,No,DSL,No,Yes,No,Yes,No,Yes,One year,Yes,Bank transfer (automatic),56.04,1738.0,No
2777-SCW,Female,0,No,Yes,57,Yes,No,No,No internet service,No internet service,No internet service,No internet service,No internet service,No internet service,Two year,Yes,Bank transfer (automatic),24.72,1402.95,No
8490-TFD,Female,0,No,No,12,Yes,Yes,Fiber optic,No,Yes,No,Yes,Yes,No,Month-to-month,No,Mailed check,95.71,1144.21,Yes
5859-UIK,Female,0,Yes,No,21,Yes,Yes,DSL,Yes,Yes,Yes,Yes,Yes,No,Month-to-month,No,Mailed check,77.89,1641.09,No
9893-VLR,Male,1,Yes,No,43,Yes,Yes,Fiber optic,No,Yes,No,Yes,Yes,Yes,Month-to-month,Yes,Mailed check,80.66,3462.44,No
9118-WOY,Male,0,Yes,Yes,43,Yes,No,DSL,Yes,No,No,No,Yes,Yes,One year,Yes,Credit card (automatic),77.41,3318.8,No
3989-XRF,Female,0,Yes,Yes,29,Yes,No,Fiber optic,No,No,Yes,No,No,Yes,One year,Yes,Bank transfer (automatic),109.28,3173.09,Yes
9343-YUM,Male,1,No,Yes,22,Yes,No,DSL,Yes,No,No,Yes,Yes,No,Month-to-month,No,Mailed check,54.84,1214.91,Yes
2325-ZXT,Male,1,No,No,11,No,No phone service,DSL,Yes,Yes,Yes,No,No,No,One year,Yes,Mailed check,70.06,764.78,No
6127-AAA,Female,0,No,Yes,13,Yes,No,Fiber optic,Yes,Yes,No,Yes,Yes,No,Month-to-month,Yes,Credit card (automatic),86.9,1135.32,No
9998-BDH,Female,0,No,Yes,35,Yes,No,No,No internet service,No internet service,No internet service,No internet service,No internet service,No internet service,Month-to-month,Yes,Mailed check,20.93,739.23,Yes
3722-CGO,Male,0,No,No,44,Yes,Yes,Fiber optic,Yes,Yes,No,No,No,No,Two year,No,Credit card (automatic),108.0,4757.32,No
5656-DJV,Female,0,Yes,Yes,71,Yes,Yes,DSL,No,No,Yes,No,No,No,Month-to-month,No,Mailed check,68.94,4901.64,No
2325-EMC,Male,0,No,No,23,Yes,Yes,No,No internet service,No internet service,No internet service,No internet service,No internet service,No internet service,One year,Yes,Credit card (automatic),19.36,449.04,No
5133-FPJ,Male,0,No,Yes,2,Yes,No,No,No internet service,No internet service,No internet service,No internet service,No internet service,No internet service,Month-to-month,No,Electronic check,23.34,37.52,Yes
3869-GSQ,Female,0,No,No,50,Yes,No,DSL,Yes,Yes,No,No,No,No,Month-to-month,No,Mailed check,57.05,2851.46,No
2242-HVX,Male,0,No,No,54,Yes,No,No,No internet service,No internet service,No internet service,No internet service,No internet service,No internet service,Month-to-month,Yes,Electronic check,24.43,1313.08,No
9539-IYE,Male,0,No,Yes,37,No,No phone service,Fiber optic,Yes,No,No,Yes,No,No,Month-to-month,No,Electronic check,82.74,3063.25,Yes
2831-JBL,Female,0,Yes,Yes,19,Yes,Yes,DSL,No,No,No,No,Yes,No,Month-to-month,Yes,Mailed check,81.52,1552.86,Yes
2569-KES,Female,0,No,No,1,Yes,Yes,No,No internet service,No internet service,No internet service,No internet service,No internet service,No internet service,Two year,No,Mailed check,20.14,29.67,No
8246-LHZ,Male,0,No,No,25,Yes,Yes,No,No internet service,No internet service,No internet service,No internet service,No internet service,No internet service,Month-to-month,Yes,Electronic check,23.7,595.77,Yes
2918-MKG,Male,0,No,No,1,Yes,No,DSL,No,No,No,Yes,Yes,Yes,Month-to-month,Yes,Mailed check,54.34,53.63,Yes
7416-NNN,Male,0,Yes,No,66,Yes,Yes,Fiber optic,No,No,No,Yes,No,No,One year,No,Credit card (automatic),117.79,7781.82,No
4232-OQU,Male,1,Yes,Yes,41,Yes,No,Fiber optic,Yes,Yes,No,No,Yes,No,Two year,No,Mailed check,113.4,4642.3,No
4758-PTB,Female,0,Yes,No,39,Yes,Yes,No,No internet service,No internet service,No internet service,No internet service,No internet service,No internet service,Two year,Yes,Electronic check,19.31,747.33,No
6997-QWI,Female,0,No,No,8,Yes,No,No,No internet service,No internet service,No internet service,No internet service,No internet service,No internet service,One year,Yes,Electronic check,22.29,173.61,Yes
3355-RZP,Female,0,Yes,No,1,Yes,No,Fiber optic,No,Yes,Yes,No,No,No,Two year,Yes,Credit card (automatic),82.37,77.35,No
2824-SCW,Female,0,No,No,27,Yes,No,No,No internet service,No internet service,No internet service,No internet service,No internet service,No internet service,Two year,No,Electronic check,20.14,541.56,No
8280-TFD,Male,0,Yes,No,2,Yes,No,Fiber optic,No,Yes,No,Yes,No,No,Month-to-month,Yes,Credit card (automatic),107.5,219.5,Yes
5060-UIK,Male,0,Yes,No,15,Yes,Yes,Fiber optic,No,No,No,Yes,Yes,No,Month-to-month,No,Electronic check,73.41,1110.43,Yes
6324-VLR,Male,1,No,No,3,No,No phone service,DSL,No,No,Yes,Yes,No,No,Month-to-month,Yes,Mailed check,70.72,207.82,Yes
1404-WOY,Male,0,No,Yes,22,Yes,No,Fiber optic,No,Yes,Yes,No,Yes,No,Month-to-month,Yes,Bank transfer (automatic),95.82,2100.67,Yes
2721-XRF,Female,0,No,Yes,5,Yes,No,No,No internet service,No internet service,No internet service,No internet service,No internet service,No internet service,Month-to-month,No,Bank transfer (automatic),23.69,127.81,Yes
6316-YUM,Female,0,Yes,Yes,54,Yes,No,Fiber optic,Yes,No,Yes,No,Yes,No,Month-to-month,No,Bank transfer (automatic),73.15,3953.32,No
4845-ZXT,Female,0,Yes,No,7,Yes,No,Fiber optic,No,No,No,No,Yes,No,One year,Yes,Credit card (automatic),85.56,593.23,Yes
5210-AAA,Male,0,Yes,No,72,Yes,Yes,DSL,No,Yes,No,Yes,Yes,No,Month-to-month,Yes,Electronic check,52.0,3749.13,No
1064-BDH,Female,0,Yes,No,63,Yes,No,DSL,No,No,Yes,No,Yes,Yes,One year,No,Bank transfer (automatic),69.4,4371.19,No
7382-CGO,Male,1,No,Yes,66,Yes,Yes,Fiber optic,No,Yes,No,No,Yes,No,Month-to-month,No,Credit card (automatic),104.11,6873.19,No
1968-DJV,Male,0,Yes,Yes,40,Yes,No,DSL,No,No,Yes,No,No,No,Month-to-month,No,Electronic check,44.25,1777.36,No
1368-EMC,Female,0,No,Yes,39,Yes,Yes,Fiber optic,No,No,No,Yes,Yes,No,One year,Yes,Electronic check,98.62,3840.54,No
9424-FPJ,Female,0,No,No,26,Yes,Yes,Fiber optic,No,No,No,No,Yes,No,Month-to-month,No,Bank transfer (automatic),88.87,2309.24,No
3242-GSQ,Male,0,No,No,38,Yes,No,Fiber optic,No,No,No,Yes,No,No,Two year,Yes,Electronic check,108.31,4106.58,No
6002-HVX,Female,0,No,No,52,Yes,No,DSL,No,Yes,Yes,No,No,No,Month-to-month,Yes,Bank transfer (automatic),68.42,3562.42,No
4083-IYE,Male,0,Yes,No,39,Yes,No,Fiber optic,No,Yes,Yes,No,No,No,Two year,Yes,Electronic check,96.69,3763.17,No
9073-JBL,Male,0,Yes,No,51,Yes,No,Fiber optic,Yes,Yes,No,No,Yes,Yes,Month-to-month,No,Mailed check,105.92,5407.48,Yes
9880-KES,Female,1,No,No,36,Yes,Yes,DSL,No,Yes,No,Yes,No,Yes,Month-to-month,No,Credit card (automatic),71.61,2578.89,No
2469-LHZ,Female,0,Yes,No,66,Yes,Yes,DSL,Yes,No,Yes,No,No,No,Month-to-month,No,Credit card (automatic),66.91,4412.53,No
5725-MKG,Female,0,No,No,18,Yes,Yes,DSL,No,Yes,No,Yes,No,Yes,Month-to-month,Yes,Mailed check,62.4,1115.97,No
5259-NNN,Male,0,No,No,33,Yes,Yes,Fiber optic,Yes,No,No,Yes,No,No,One year,Yes,Mailed check,105.17,3465.8,Yes
4622-OQU,Female,0,No,No,65,No,No phone service,No,No internet service,No internet service,No internet service,No internet service,No internet service,No internet service,Month-to-month,Yes,Credit card (automatic),23.99,1559.59,No
1823-PTB,Male,0,No,Yes,9,Yes,Yes,DSL,No,No,No,Yes,Yes,No,Month-to-month,Yes,Electronic check,57.98,512.23,Yes
4431-QWI,Male,0,No,No,51,Yes,Yes,Fiber optic,Yes,No,Yes,No,Yes,No,Month-to-month,No,Mailed check,115.58,5888.05,No
7528-RZP,Male,0,No,Yes,41,Yes,Yes,Fiber optic,No,No,No,Yes,Yes,No,Two year,Yes,Electronic check,112.04,4595.93,No
5151-SCW,Female,0,Yes,Yes,59,Yes,No,DSL,No,Yes,No,No,No,No,Month-to-month,No,Bank transfer (automatic),62.87,3711.15,Yes
5213-TFD,Male,0,No,Yes,1,Yes,No,DSL,No,No,Yes,Yes,No,Yes,Month-to-month,Yes,Mailed check,45.04,43.97,Yes
8420-UIK,Male,0,Yes,No,0,Yes,Yes,DSL,No,No,No,Yes,No,Yes,Month-to-month,Yes,Bank transfer (automatic),82.69, ,Yes
9989-VLR,Male,0,No,No,49,No,No phone service,No,No internet service,No internet service,No internet service,No internet service,No internet service,No internet service,Two year,Yes,Electronic check,21.35,1036.28,No
1779-WOY,Male,0,No,No,35,Yes,Yes,DSL,No,Yes,No,No,No,Yes,One year,Yes,Credit card (automatic),65.56,2295.12,No
3892-XRF,Male,0,Yes,No,21,Yes,Yes,Fiber optic,Yes,Yes,Yes,No,No,No,One year,No,Credit card (automatic),108.86,2294.21,No
6534-YUM,Male,0,Yes,Yes,35,Yes,Yes,Fiber optic,Yes,Yes,Yes,No,No,No,Two year,No,Mailed check,80.55,2817.1,No
4306-ZXT,Female,0,No,No,2,Yes,Yes,DSL,Yes,No,No,Yes,No,No,Month-to-month,Yes,Credit card (automatic),51.99,94.28,No
3902-AAA,Male,0,No,No,43,Yes,Yes,Fiber optic,Yes,Yes,No,No,Yes,Yes,Month-to-month,No,Electronic check,106.92,4600.02,No
4718-BDH,Female,0,No,Yes,15,Yes,Yes,No,No internet service,No internet service,No internet service,No internet service,No internet service,No internet service,Month-to-month,No,Bank transfer (automatic),20.4,308.78,No
1021-CGO,Male,0,No,No,10,Yes,No,DSL,No,No,No,Yes,Yes,Yes,Month-to-month,Yes,Credit card (automatic),69.54,696.0,Yes
2500-DJV,Male,1,No,No,9,No,No phone service,No,No internet service,No internet service,No internet service,No internet service,No internet service,No internet service,Month-to-month,No,Mailed check,21.48,192.81,Yes
4641-EMC,Female,0,Yes,No,50,Yes,Yes,Fiber optic,No,Yes,No,Yes,No,No,Month-to-month,Yes,Bank transfer (automatic),77.17,3865.61,No
6212-FPJ,Male,0,No,No,41,Yes,Yes,No,No internet service,No internet service,No internet service,No internet service,No internet service,No internet service,Month-to-month,Yes,Bank transfer (automatic),24.75,1019.99,Yes
1191-GSQ,Male,0,No,No,24,Yes,Yes,DSL,Yes,Yes,Yes,No,No,No,One year,No,Electronic check,59.11,1422.51,Yes
9587-HVX,Female,0,Yes,Yes,5,Yes,Yes,No,No internet service,No internet service,No internet service,No internet service,No internet service,No internet service,Month-to-month,Yes,Electronic check,20.42,101.51,Yes
8174-IYE,Female,0,Yes,No,43,Yes,Yes,DSL,Yes,Yes,No,No,No,Yes,One year,Yes,Bank transfer (automatic),81.86,3517.34,No
6114-JBL,Female,1,No,No,7,Yes,Yes,Fiber optic,No,Yes,No,No,Yes,Yes,Month-to-month,No,Mailed check,79.7,556.76,Yes
5662-KES,Male,0,No,Yes,33,Yes,Yes,Fiber optic,Yes,No,No,Yes,No,No,One year,Yes,Credit card (automatic),70.72,2341.66,No
5326-LHZ,Male,1,No,No,40,Yes,No,Fiber optic,Yes,No,Yes,Yes,Yes,No,Month-to-month,No,Credit card (automatic),88.48,3546.59,No
5335-MKG,Male,0,No,No,0,Yes,No,DSL,No,Yes,No,Yes,Yes,Yes,Month-to-month,Yes,Credit card (automatic),77.24, ,Yes
9281-NNN,Male,0,Yes,Yes,2,Yes,Yes,No,No internet service,No internet service,No internet service,No internet service,No internet service,No internet service,Two year,No,Electronic check,18.43,32.32,Yes
9648-OQU,Male,0,No,No,51,Yes,No,DSL,No,No,No,No,Yes,No,Two year,Yes,Mailed check,78.34,3996.38,No
6494-PTB,Female,0,Yes,No,42,Yes,Yes,DSL,No,Yes,Yes,No,Yes,Yes,One year,Yes,Bank transfer (automatic),53.26,2244.27,Yes
9536-QWI,Female,0,No,Yes,46,Yes,No,DSL,Yes,No,Yes,No,No,Yes,Two year,No,Electronic check,73.25,3371.71,No
3711-RZP,Male,0,Yes,No,18,Yes,Yes,No,No internet service,No internet service,No internet service,No internet service,No internet service,No internet service,Month-to-month,No,Credit card (automatic),21.33,374.63,No
8595-SCW,Male,0,No,No,69,Yes,Yes,DSL,Yes,No,No,No,No,No,Two year,No,Mailed check,48.52,3351.17,No
7273-TFD,Male,0,Yes,Yes,46,Yes,Yes,DSL,No,Yes,Yes,No,Yes,No,Month-to-month,No,Electronic check,62.46,2863.55,No
7284-UIK,Male,0,Yes,No,4,Yes,Yes,No,No internet service,No internet service,No internet service,No internet service,No internet service,No internet service,One year,Yes,Electronic check,19.88,85.07,Yes
9817-VLR,Male,0,Yes,No,63,Yes,No,No,No internet service,No internet service,No internet service,No internet service,No internet service,No internet service,One year,No,Bank transfer (automatic),20.2,1270.06,No
4994-WOY,Female,0,Yes,No,44,Yes,Yes,DSL,No,No,Yes,Yes,No,No,Two year,Yes,Bank transfer (automatic),76.7,3368.5,Yes
2678-XRF,Male,0,Yes,No,63,Yes,No,No,No internet service,No internet service,No internet service,No internet service,No internet service,No internet service,One year,No,Bank transfer (automatic),24.04,1516.5,No
9414-YUM,Female,0,No,No,44,Yes,No,No,No internet service,No internet service,No internet service,No internet service,No internet service,No internet service,Month-to-month,No,Electronic check,22.11,971.78,No
1743-ZXT,Female,0,Yes,No,35,Yes,Yes,DSL,No,No,No,No,No,Yes,Month-to-month,No,Bank transfer (automatic),79.83,2789.96,Yes
1462-AAA,Male,0,Yes,No,8,No,No phone service,DSL,No,No,No,No,No,Yes,One year,Yes,Electronic check,72.03,577.09,No
2568-BDH,Male,0,Yes,No,22,No,No phone service,No,No internet service,No internet service,No internet service,No internet service,No internet service,No internet service,Two year,No,Credit card (automatic),20.05,436.79,No
2736-CGO,Female,0,Yes,No,31,Yes,Yes,DSL,No,No,No,No,Yes,No,Month-to-month,Yes,Bank transfer (automatic),79.02,2440.2,No
8903-DJV,Male,1,No,Yes,44,Yes,No,No,No internet service,No internet service,No internet service,No internet service,No internet service,No internet service,Two year,No,Bank transfer (automatic),19.05,841.61,No
8002-EMC,Male,0,No,Yes,27,Yes,Yes,Fiber optic,No,No,Yes,Yes,Yes,Yes,Month-to-month,Yes,Electronic check,91.43,2459.05,Yes
9856-FPJ,Male,0,Yes,No,51,Yes,No,Fiber optic,No,No,No,No,No,Yes,Month-to-month,Yes,Electronic check,90.32,4607.2,No
2356-GSQ,Male,0,Yes,No,10,Yes,No,DSL,No,No,No,No,No,No,Month-to-month,Yes,Electronic check,65.71,661.05,Yes
2014-HVX,Female,0,No,No,18,Yes,No,Fiber optic,No,No,No,No,No,No,Two year,No,Electronic check,106.37,1906.79,No
2054-IYE,Male,0,No,No,63,Yes,No,Fiber optic,Yes,Yes,Yes,No,No,Yes,Two year,No,Credit card (automatic),76.04,4783.58,No
2764-JBL,Male,1,Yes,No,64,Yes,No,No,No internet service,No internet service,No internet service,No internet service,No internet service,No internet service,Month-to-month,No,Bank transfer (automatic),23.08,1486.47,No
7009-KES,Male,1,Yes,Yes,72,Yes,No,Fiber optic,No,Yes,Yes,No,No,Yes,One year,No,Credit card (automatic),92.51,6660.13,No
5458-LHZ,Male,0,Yes,Yes,56,Yes,No,Fiber optic,No,No,No,No,No,No,Month-to-month,No,Electronic check,83.1,4660.1,No
1667-MKG,Female,0,Yes,No,65,Yes,Yes,DSL,Yes,Yes,No,Yes,Yes,Yes,Month-to-month,Yes,Bank transfer (automatic),77.16,5024.35,No
4370-NNN,Female,0,Yes,No,3,Yes,No,No,No internet service,No internet service,No internet service,No internet service,No internet service,No internet service,Two year,Yes,Credit card (automatic),21.62,70.56,No
6976-OQU,Male,1,Yes,No,28,Yes,Yes,Fiber optic,No,Yes,Yes,No,Yes,No,One year,No,Mailed check,108.83,3056.23,No
2394-PTB,Male,0,Yes,No,3,Yes,No,Fiber optic,Yes,Yes,No,No,No,No,Month-to-month,Yes,Electronic check,82.74,255.96,No
9290-QWI,Male,0,No,No,0,No,No phone service,Fiber optic,No,Yes,Yes,Yes,No,Yes,One year,No,Bank transfer (automatic),111.06, ,No
5070-RZP,Female,0,No,Yes,17,Yes,No,Fiber optic,No,Yes,No,No,Yes,Yes,Two year,Yes,Bank transfer (automatic),75.97,1294.29,Yes
7982-SCW,Female,1,No,No,12,Yes,No,No,No internet service,No internet service,No internet service,No internet service,No internet service,No internet service,Two year,Yes,Credit card (automatic),24.98,300.01,No
9613-TFD,Female,1,No,Yes,69,Yes,Yes,No,No internet service,No internet service,No internet service,No internet service,No internet service,No internet service,Month-to-month,Yes,Credit card (automatic),23.34,1616.71,Yes
6599-UIK,Male,0,Yes,Yes,48,No,No phone service,DSL,Yes,No,No,No,Yes,No,Month-to-month,Yes,Mailed check,71.04,3417.2,Yes
4650-VLR,Female,0,Yes,No,46,Yes,Yes,No,No internet service,No internet service,No internet service,No internet service,No internet service,No internet service,Month-to-month,Yes,Electronic check,20.55,953.97,Yes
4620-WOY,Male,0,Yes,No,29,Yes,No,DSL,No,No,Yes,No,Yes,No,Month-to-month,No,Electronic check,70.64,2042.91,No
4190-XRF,Female,0,No,Yes,26,Yes,No,Fiber optic,Yes,No,No,No,Yes,No,Two year,No,Credit card (automatic),113.94,2966.76,No
9789-YUM,Male,0,No,Yes,71,Yes,No,Fiber optic,Yes,No,No,No,No,No,Two year,No,Mailed check,81.13,5769.8,No
1391-ZXT,Female,0,No,Yes,27,Yes,No,DSL,No,No,Yes,No,Yes,No,Two year,Yes,Bank transfer (automatic),59.72,1613.19,No
2075-AAA,Female,1,Yes,Yes,1,Yes,No,DSL,Yes,Yes,No,No,Yes,No,One year,Yes,Bank transfer (automatic),48.84,56.5,No
3650-BDH,Male,1,Yes,No,19,Yes,Yes,No,No internet service,No internet service,No internet service,No internet service,No internet service,No internet service,Month-to-month,Yes,Mailed check,22.48,427.94,Yes
3384-CGO,Male,0,No,No,23,Yes,No,DSL,Yes,No,Yes,Yes,Yes,No,Month-to-month,Yes,Credit card (automatic),60.46,1392.87,No
1809-DJV,Female,1,No,No,71,Yes,Yes,No,No internet service,No internet service,No internet service,No internet service,No internet service,No internet service,One year,No,Electronic check,23.78,1686.47,No
9047-EMC,Male,0,Yes,Yes,43,Yes,Yes,No,No internet service,No internet service,No internet service,No internet service,No internet service,No internet service,Two year,Yes,Bank transfer (automatic),19.07,814.8,No
6501-FPJ,Female,0,No,Yes,20,Yes,No,No,No internet service,No internet service,No internet service,No internet service,No internet service,No internet service,Two year,Yes,Bank transfer (automatic),19.17,388.85,No
7895-GSQ,Female,1,Yes,No,21,Yes,No,Fiber optic,No,Yes,No,No,No,Yes,Two year,Yes,Electronic check,85.72,1797.25,No
2159-HVX,Female,0,No,No,72,Yes,Yes,DSL,No,No,No,Yes,No,No,Month-to-month,No,Electronic check,57.13,4120.27,No
8574-IYE,Female,0,Yes,No,57,Yes,Yes,DSL,No,Yes,No,No,No,No,One year,No,Bank transfer (automatic),72.79,4156.26,No
2531-JBL,Female,0,No,Yes,10,Yes,No,Fiber optic,Yes,No,No,No,Yes,No,Month-to-month,Yes,Electronic check,88.74,884.94,Yes
6481-KES,Female,0,No,No,52,Yes,No,Fiber optic,No,No,Yes,Yes,No,No,Two year,Yes,Electronic check,96.87,5030.11,No
8548-LHZ,Male,0,No,Yes,8,Yes,Yes,Fiber optic,Yes,Yes,Yes,No,No,No,Two year,No,Mailed check,96.95,773.88,No
5976-MKG,Female,0,No,Yes,66,Yes,No,Fiber optic,No,Yes,Yes,Yes,Yes,No,Two year,Yes,Bank transfer (automatic),81.41,5366.51,No
6695-NNN,Male,0,No,Yes,51,Yes,No,DSL,No,No,No,Yes,Yes,No,Two year,Yes,Credit card (automatic),81.86,4178.91,No
9445-OQU,Female,0,No,No,12,Yes,Yes,No,No internet service,No internet service,No internet service,No internet service,No internet service,No internet service,Month-to-month,No,Mailed check,19.68,233.93,No
4548-PTB,Female,0,Yes,No,0,Yes,No,Fiber optic,No,No,No,Yes,Yes,Yes,Month-to-month,No,Electronic check,103.41, ,Yes
7163-QWI,Female,0,Yes,Yes,43,Yes,No,DSL,No,Yes,Yes,No,Yes,No,Month-to-month,No,Mailed check,62.94,2711.51,Yes
7671-RZP,Male,0,Yes,No,23,Yes,No,DSL,No,No,No,No,Yes,No,One year,Yes,Bank transfer (automatic),66.55,1530.34,No
6264-SCW,Male,1,Yes,No,4,Yes,No,Fiber optic,Yes,No,No,No,No,No,Two year,Yes,Electronic check,103.97,407.81,Yes
2231-TFD,Male,1,No,Yes,65,Yes,No,DSL,No,No,No,Yes,Yes,No,Month-to-month,Yes,Electronic check,83.32,5409.75,No
3423-UIK,Female,1,Yes,No,19,Yes,No,DSL,No,No,No,Yes,No,No,Month-to-month,No,Electronic check,44.05,845.2,No
9071-VLR,Male,0,Yes,No,63,Yes,No,No,No internet service,No internet service,No internet service,No internet service,No internet service,No internet service,Month-to-month,Yes,Mailed check,23.11,1453.19,No
5261-WOY,Male,0,No,No,14,Yes,No,No,No internet service,No internet service,No internet service,No internet service,No internet service,No internet service,One year,Yes,Credit card (automatic),19.32,270.29,No
